YEAR,MONTH,DAY,COUNTRY,SESSION_ID,PAGE1,PAGE2,COLOUR,LOCATION,MODEL_PHOTOGRAPHY,PRICE,PRICE2,PAGE,converted,revenue
2008,7,3,Germany,6253,blouses,P236,brown,2,en face,187.43,2,2,1,501.52
2008,5,28,Italy,4685,trousers,P079,burgundy,1,profile,120.85,2,4,0,0.0
2008,5,15,UK,1732,blouses,P066,beige,5,en face,20.85,1,2,0,0.0
2008,6,19,Italy,4743,blouses,P224,brown,5,profile,151.46,2,1,0,0.0
2008,8,15,Italy,4522,trousers,P294,green,1,en face,130.96,2,2,1,280.6
2008,5,4,Australia,6341,skirts,P132,blue,1,profile,164.27,2,3,1,206.65
2008,5,15,Germany,577,skirts,P037,pink,2,en face,27.66,1,1,0,0.0
2008,4,9,India,5203,skirts,P249,pink,3,profile,92.08,1,3,0,0.0
2008,5,20,Sweden,6364,blouses,P255,gray,3,profile,90.16,1,2,0,0.0
2008,4,22,Australia,440,blouses,P243,brown,3,profile,127.32,2,4,0,0.0
2008,7,3,Italy,2751,blouses,P161,navy blue,2,en face,87.34,1,2,0,0.0
2008,4,8,India,7488,trousers,P215,gray,6,profile,188.29,2,2,0,0.0
2008,5,18,Germany,5273,sale,P052,green,1,en face,181.78,2,3,0,0.0
2008,5,16,UK,5654,blouses,P090,beige,5,profile,163.89,2,4,0,0.0
2008,5,20,Australia,4000,sale,P071,navy blue,2,profile,74.8,1,2,0,0.0
2008,8,19,Italy,6034,blouses,P122,red,1,profile,45.46,1,4,0,0.0
2008,4,6,France,583,blouses,P027,beige,6,profile,115.93,2,4,0,0.0
2008,7,27,Italy,9931,skirts,P284,white,5,profile,106.53,2,2,0,0.0
2008,4,20,USA,7052,trousers,P167,beige,5,profile,92.95,1,1,0,0.0
2008,8,20,UK,8159,trousers,P142,white,1,en face,111.95,2,3,1,215.35
2008,4,25,Germany,9897,blouses,P044,brown,3,profile,148.1,2,4,0,0.0
2008,4,28,France,2250,sale,P257,green,3,profile,70.95,1,4,0,0.0
2008,6,15,India,4641,sale,P028,gray,6,en face,178.3,2,2,0,0.0
2008,4,8,Italy,9486,skirts,P133,olive,1,profile,12.58,1,5,0,0.0
2008,7,8,Germany,4948,blouses,P035,navy blue,5,profile,162.46,2,1,0,0.0
2008,4,20,Australia,9921,skirts,P237,olive,4,en face,53.08,1,1,1,90.76
2008,8,24,Australia,1964,blouses,P230,burgundy,2,en face,163.18,2,1,0,0.0
2008,7,24,Germany,8244,blouses,P162,black,2,en face,104.05,1,4,0,0.0
2008,5,14,Sweden,6591,skirts,P056,pink,3,en face,194.82,2,5,0,0.0
2008,6,11,Italy,8848,skirts,P297,pink,4,en face,45.74,1,2,0,0.0
2008,5,4,Italy,322,sale,P080,olive,4,en face,48.55,1,1,0,0.0
2008,8,5,France,2679,sale,P007,violet,3,en face,75.57,1,2,0,0.0
2008,4,7,USA,4626,skirts,P146,brown,3,profile,44.77,1,1,0,0.0
2008,5,21,Sweden,4950,skirts,P183,blue,6,en face,183.97,2,4,0,0.0
2008,5,12,Australia,8329,trousers,P156,burgundy,6,profile,177.78,2,3,0,0.0
2008,4,6,India,3338,blouses,P183,olive,6,profile,48.91,1,5,0,0.0
2008,8,22,UK,5590,blouses,P194,beige,2,en face,72.32,1,5,0,0.0
2008,7,18,Germany,252,sale,P231,green,4,profile,117.12,2,2,0,0.0
2008,4,13,France,3974,sale,P054,violet,5,en face,127.07,2,5,0,0.0
2008,4,19,Sweden,6631,trousers,P100,brown,3,profile,150.25,2,2,0,0.0
2008,6,28,USA,5548,blouses,P184,white,4,profile,80.78,1,5,0,0.0
2008,8,8,USA,36,trousers,P148,navy blue,5,profile,171.29,2,5,0,0.0
2008,7,15,USA,8363,trousers,P100,black,2,profile,55.19,1,1,0,0.0
2008,8,19,Germany,1514,trousers,P090,gray,4,profile,177.89,2,3,0,0.0
2008,8,6,Germany,9318,trousers,P005,pink,2,profile,123.69,2,2,0,0.0
2008,5,3,USA,40,blouses,P288,brown,2,profile,138.4,2,4,0,0.0
2008,5,13,UK,4820,sale,P065,burgundy,5,en face,54.96,1,4,1,160.74
2008,6,7,UK,3466,sale,P072,beige,1,profile,178.28,2,4,0,0.0
2008,7,13,Australia,1761,blouses,P182,gray,5,en face,174.65,2,1,0,0.0
2008,5,25,Italy,2305,skirts,P263,brown,6,en face,141.14,2,3,1,338.07
2008,6,4,Australia,3724,blouses,P020,brown,5,en face,156.61,2,2,0,0.0
2008,5,6,USA,8285,blouses,P120,red,5,en face,45.18,1,3,0,0.0
2008,8,20,USA,4994,trousers,P253,pink,4,profile,12.88,1,1,0,0.0
2008,5,24,France,8128,skirts,P203,gray,2,profile,13.93,1,2,0,0.0
2008,5,26,Sweden,3033,blouses,P117,beige,3,profile,170.53,2,2,0,0.0
2008,4,3,Australia,7939,blouses,P084,white,6,en face,59.87,1,3,0,0.0
2008,4,15,UK,3040,trousers,P243,red,3,profile,83.56,1,3,0,0.0
2008,8,12,UK,9656,blouses,P114,brown,1,en face,112.26,2,2,0,0.0
2008,5,13,Germany,2546,skirts,P039,white,4,profile,121.16,2,3,0,0.0
2008,4,15,Australia,2593,sale,P137,black,1,en face,47.41,1,3,0,0.0
2008,5,21,UK,1189,trousers,P194,pink,1,profile,44.85,1,1,0,0.0
2008,7,5,UK,7967,trousers,P212,black,6,profile,105.93,1,2,0,0.0
2008,5,24,India,6078,sale,P189,navy blue,5,en face,45.8,1,4,1,119.1
2008,7,20,Italy,108,sale,P127,green,3,profile,96.15,1,2,0,0.0
2008,5,12,France,1316,sale,P110,beige,1,en face,12.34,1,5,0,0.0
2008,5,20,Germany,8188,skirts,P201,brown,2,profile,174.93,2,5,0,0.0
2008,8,1,India,2754,skirts,P263,burgundy,5,profile,85.85,1,3,0,0.0
2008,5,9,Italy,9754,blouses,P010,red,1,profile,108.58,2,1,0,0.0
2008,5,22,Italy,6232,sale,P145,brown,2,en face,91.51,1,4,0,0.0
2008,8,15,Germany,2877,skirts,P093,white,6,profile,10.87,1,3,0,0.0
2008,4,27,Italy,5324,sale,P083,navy blue,6,profile,56.46,1,5,0,0.0
2008,6,1,UK,800,blouses,P275,burgundy,5,profile,71.43,1,1,0,0.0
2008,8,3,France,3571,skirts,P170,brown,3,en face,64.71,1,3,0,0.0
2008,8,2,Australia,2895,skirts,P095,olive,5,profile,185.37,2,3,0,0.0
2008,8,13,UK,2928,blouses,P231,navy blue,3,profile,178.61,2,2,0,0.0
2008,7,5,UK,8179,sale,P070,burgundy,6,profile,113.96,2,3,0,0.0
2008,8,4,Sweden,972,trousers,P255,pink,6,profile,24.58,1,4,0,0.0
2008,4,17,UK,6688,sale,P257,navy blue,2,profile,119.42,2,4,0,0.0
2008,4,6,USA,8576,skirts,P251,brown,5,profile,89.41,1,1,0,0.0
2008,7,11,UK,2021,skirts,P250,green,2,profile,49.35,1,4,1,66.07
2008,6,23,Sweden,9055,skirts,P110,navy blue,3,profile,64.26,1,4,0,0.0
2008,7,18,Australia,953,trousers,P022,beige,5,profile,197.12,2,2,0,0.0
2008,5,19,Sweden,5360,skirts,P165,gray,5,profile,97.86,1,5,0,0.0
2008,4,21,USA,3858,blouses,P110,gray,3,profile,163.85,2,2,0,0.0
2008,6,21,Germany,5862,skirts,P255,navy blue,4,en face,99.87,1,1,0,0.0
2008,4,12,Italy,3146,skirts,P129,gray,1,profile,188.49,2,4,0,0.0
2008,6,14,UK,3306,blouses,P233,brown,3,profile,197.78,2,3,1,367.89
2008,7,4,France,3007,sale,P189,red,5,en face,88.53,1,1,0,0.0
2008,5,24,Sweden,9002,trousers,P222,white,2,en face,162.23,2,2,0,0.0
2008,5,26,France,7771,trousers,P290,white,2,profile,138.18,2,5,0,0.0
2008,5,4,Australia,7439,sale,P057,black,6,profile,191.81,2,4,0,0.0
2008,4,2,France,7943,blouses,P154,blue,5,en face,56.76,1,3,0,0.0
2008,7,2,India,9239,trousers,P149,white,5,en face,161.72,2,5,0,0.0
2008,5,6,Germany,1057,trousers,P047,violet,5,profile,36.44,1,1,0,0.0
2008,7,16,France,3155,blouses,P107,white,6,profile,162.99,2,1,0,0.0
2008,4,19,Germany,3788,sale,P066,red,5,en face,157.13,2,2,0,0.0
2008,4,11,USA,9190,trousers,P171,beige,6,en face,175.98,2,3,0,0.0
2008,7,25,USA,7826,sale,P017,white,3,profile,77.19,1,5,0,0.0
2008,5,4,India,7540,skirts,P248,pink,6,en face,169.27,2,1,0,0.0
2008,4,7,Sweden,7232,sale,P240,gray,4,en face,54.53,1,3,0,0.0
2008,5,6,Australia,765,blouses,P094,white,3,en face,59.08,1,3,0,0.0
2008,4,10,Italy,5020,skirts,P207,violet,2,en face,168.61,2,5,0,0.0
2008,5,18,UK,4904,blouses,P032,black,2,profile,177.65,2,2,0,0.0
2008,7,19,France,8094,sale,P172,blue,6,profile,76.92,1,3,0,0.0
2008,6,14,Italy,6844,sale,P135,burgundy,4,en face,77.15,1,1,0,0.0
2008,6,21,Germany,2166,sale,P222,gray,1,profile,43.64,1,4,0,0.0
2008,5,18,UK,1863,sale,P022,red,1,profile,173.88,2,2,0,0.0
2008,7,15,Italy,7851,skirts,P215,beige,5,en face,191.21,2,3,0,0.0
2008,5,10,France,9124,blouses,P157,black,5,profile,86.68,1,1,0,0.0
2008,6,24,Sweden,2341,sale,P040,olive,6,en face,90.14,1,1,0,0.0
2008,6,24,Australia,5528,sale,P216,red,2,profile,82.12,1,5,0,0.0
2008,7,10,France,6744,trousers,P129,white,2,en face,78.24,1,2,0,0.0
2008,8,27,India,4004,trousers,P187,green,4,profile,198.96,2,4,0,0.0
2008,6,2,Australia,1124,trousers,P122,pink,3,en face,87.73,1,4,0,0.0
2008,5,17,Sweden,8710,trousers,P241,gray,2,profile,193.42,2,3,0,0.0
2008,7,11,Germany,4050,sale,P209,pink,6,en face,92.77,1,5,1,224.1
2008,6,16,UK,7641,skirts,P230,gray,6,profile,189.25,2,2,0,0.0
2008,7,27,Germany,766,sale,P133,olive,3,en face,171.28,2,2,0,0.0
2008,5,12,France,2345,trousers,P116,blue,1,en face,52.69,1,5,0,0.0
2008,8,27,Australia,4072,skirts,P154,brown,3,profile,141.19,2,1,0,0.0
2008,6,19,Italy,7217,trousers,P188,red,2,profile,92.56,1,4,0,0.0
2008,4,14,Sweden,4217,blouses,P011,gray,3,en face,86.76,1,5,0,0.0
2008,4,18,UK,7953,trousers,P046,violet,6,en face,155.75,2,2,1,407.78
2008,4,28,UK,5971,blouses,P222,pink,3,profile,86.47,1,1,0,0.0
2008,6,5,India,3351,blouses,P199,burgundy,3,en face,102.32,1,1,0,0.0
2008,5,14,Australia,4696,sale,P054,brown,4,en face,161.18,2,4,0,0.0
2008,7,16,UK,3400,trousers,P028,black,1,en face,149.83,2,5,0,0.0
2008,8,27,USA,4082,trousers,P154,white,2,profile,144.83,2,2,0,0.0
2008,4,5,UK,9150,sale,P145,blue,6,profile,77.52,1,5,0,0.0
2008,6,14,India,1225,skirts,P260,navy blue,5,en face,111.51,2,1,0,0.0
2008,6,20,Germany,6293,blouses,P016,green,4,profile,191.86,2,3,0,0.0
2008,7,9,Sweden,3123,skirts,P265,gray,1,profile,25.91,1,3,0,0.0
2008,6,19,Australia,511,trousers,P227,blue,3,en face,127.54,2,3,0,0.0
2008,8,21,Australia,5795,blouses,P253,burgundy,1,en face,126.14,2,1,0,0.0
2008,8,6,Australia,8182,blouses,P117,green,3,en face,188.52,2,1,0,0.0
2008,8,26,India,9418,blouses,P265,burgundy,3,en face,18.71,1,4,0,0.0
2008,8,10,Italy,97,trousers,P109,black,2,en face,73.18,1,3,0,0.0
2008,8,19,India,6682,trousers,P099,blue,2,profile,76.5,1,2,1,199.01
2008,5,21,Australia,1513,sale,P168,beige,3,en face,16.44,1,4,0,0.0
2008,4,1,Italy,8792,sale,P267,blue,2,en face,97.47,1,2,0,0.0
2008,5,14,France,120,sale,P012,burgundy,2,en face,78.04,1,2,0,0.0
2008,8,27,Italy,7792,skirts,P033,beige,4,profile,58.04,1,5,0,0.0
2008,4,13,Germany,6518,blouses,P121,olive,6,profile,104.63,1,3,0,0.0
2008,4,27,Germany,34,blouses,P274,violet,6,en face,122.37,2,2,1,173.86
2008,4,15,India,7888,trousers,P065,black,6,profile,124.13,2,2,0,0.0
2008,4,6,France,6831,skirts,P087,white,6,en face,14.56,1,5,0,0.0
2008,5,13,India,5422,skirts,P211,red,3,en face,176.16,2,5,0,0.0
2008,4,3,India,1069,blouses,P072,white,5,profile,133.5,2,4,0,0.0
2008,8,7,Australia,1348,skirts,P094,beige,1,en face,160.93,2,5,0,0.0
2008,8,27,USA,4748,skirts,P079,white,2,en face,161.55,2,5,0,0.0
2008,8,26,Italy,6006,skirts,P250,black,1,profile,76.04,1,5,1,178.5
2008,8,23,Italy,6040,skirts,P076,blue,1,en face,119.67,2,5,0,0.0
2008,7,9,Sweden,3818,sale,P088,black,3,profile,55.68,1,5,0,0.0
2008,7,21,Italy,8447,skirts,P226,olive,5,profile,38.41,1,5,0,0.0
2008,6,2,India,5270,blouses,P219,green,5,en face,37.24,1,5,0,0.0
2008,7,1,USA,6898,trousers,P204,olive,4,profile,128.52,2,1,0,0.0
2008,8,10,USA,5310,skirts,P119,burgundy,2,profile,185.14,2,3,1,431.54
2008,7,5,Australia,32,blouses,P169,brown,4,en face,180.18,2,1,1,302.82
2008,5,9,Sweden,5675,blouses,P054,navy blue,3,en face,188.73,2,5,0,0.0
2008,4,27,Germany,4387,blouses,P129,burgundy,4,profile,129.11,2,2,1,319.89
2008,7,15,UK,30,blouses,P051,gray,4,profile,77.54,1,5,1,97.58
2008,7,2,Italy,4203,sale,P001,red,1,en face,138.26,2,5,0,0.0
2008,8,17,Germany,7508,blouses,P007,white,4,en face,109.98,2,2,0,0.0
2008,5,19,USA,736,skirts,P111,navy blue,3,en face,39.44,1,5,1,101.45
2008,7,12,Australia,2068,trousers,P004,beige,5,en face,35.62,1,5,0,0.0
2008,6,5,Australia,107,blouses,P027,beige,5,profile,44.94,1,2,0,0.0
2008,8,3,Germany,9645,trousers,P191,white,6,en face,26.14,1,4,0,0.0
2008,8,17,USA,8895,sale,P085,blue,6,en face,155.76,2,1,0,0.0
2008,6,13,Sweden,8021,skirts,P293,violet,5,en face,79.81,1,4,0,0.0
2008,8,22,Germany,2233,trousers,P004,olive,5,profile,10.02,1,2,0,0.0
2008,5,12,Sweden,994,trousers,P263,navy blue,4,profile,99.34,1,2,0,0.0
2008,8,8,USA,9413,blouses,P192,gray,5,en face,104.87,1,5,0,0.0
2008,8,27,France,7059,sale,P119,navy blue,6,en face,163.28,2,2,0,0.0
2008,5,13,France,6790,skirts,P037,olive,4,en face,187.9,2,5,0,0.0
2008,7,28,India,361,trousers,P194,violet,1,profile,156.89,2,5,1,460.97
2008,6,10,Italy,305,blouses,P239,white,6,profile,144.79,2,2,0,0.0
2008,6,17,USA,2628,sale,P219,brown,1,profile,65.55,1,2,0,0.0
2008,6,3,France,8966,skirts,P170,blue,4,profile,177.53,2,3,0,0.0
2008,6,9,UK,4514,sale,P089,black,6,profile,185.15,2,1,0,0.0
2008,8,8,India,5911,blouses,P183,green,1,en face,135.01,2,5,0,0.0
2008,5,27,India,8314,blouses,P116,black,3,profile,112.52,2,3,0,0.0
2008,6,26,Germany,3101,blouses,P027,navy blue,3,profile,47.1,1,3,0,0.0
2008,8,11,Italy,5704,trousers,P014,red,3,en face,29.68,1,5,0,0.0
2008,7,19,Italy,3899,skirts,P211,black,6,profile,196.44,2,4,0,0.0
2008,6,5,Australia,5441,blouses,P172,pink,5,profile,196.17,2,5,0,0.0
2008,8,2,Australia,7931,trousers,P257,gray,6,profile,41.14,1,4,0,0.0
2008,5,21,Sweden,622,blouses,P234,olive,5,profile,156.2,2,1,0,0.0
2008,4,24,India,7236,trousers,P166,gray,3,profile,155.29,2,4,0,0.0
2008,6,5,Sweden,2499,blouses,P214,red,6,en face,35.7,1,3,0,0.0
2008,6,18,USA,714,sale,P145,white,5,en face,72.82,1,4,0,0.0
2008,5,8,UK,8404,sale,P066,brown,1,en face,43.5,1,3,0,0.0
2008,6,17,USA,2856,blouses,P012,gray,6,profile,82.63,1,4,0,0.0
2008,4,16,USA,4270,blouses,P031,black,4,profile,145.35,2,4,0,0.0
2008,4,13,France,2909,blouses,P083,black,2,en face,109.8,2,4,0,0.0
2008,5,17,USA,8081,blouses,P257,red,4,profile,76.48,1,3,0,0.0
2008,6,28,Italy,4517,skirts,P298,brown,1,profile,108.59,2,3,0,0.0
2008,4,5,Sweden,1262,blouses,P003,navy blue,2,profile,116.8,2,3,0,0.0
2008,4,23,Germany,3161,skirts,P207,brown,3,en face,15.08,1,5,0,0.0
2008,7,27,France,971,blouses,P164,pink,6,profile,141.89,2,2,0,0.0
2008,8,10,USA,3913,skirts,P087,green,6,profile,68.33,1,2,0,0.0
2008,6,4,Sweden,5199,trousers,P090,burgundy,5,profile,170.68,2,4,1,475.01
2008,4,3,Germany,8847,trousers,P167,black,6,profile,92.73,1,4,0,0.0
2008,5,14,India,260,sale,P091,violet,5,en face,89.79,1,4,0,0.0
2008,4,27,UK,3791,sale,P247,violet,6,en face,46.45,1,5,0,0.0
2008,8,6,France,9203,skirts,P188,blue,2,profile,26.95,1,4,0,0.0
2008,6,28,Germany,488,trousers,P125,navy blue,4,en face,13.7,1,3,0,0.0
2008,4,12,France,7908,trousers,P187,green,2,en face,105.26,1,3,0,0.0
2008,8,7,Germany,519,sale,P239,gray,6,en face,75.59,1,3,1,162.21
2008,7,3,USA,8343,trousers,P184,navy blue,4,profile,163.49,2,3,0,0.0
2008,6,26,Germany,312,trousers,P105,black,5,profile,54.15,1,3,0,0.0
2008,8,14,UK,3232,trousers,P078,brown,2,en face,15.52,1,5,0,0.0
2008,8,20,UK,7933,trousers,P235,navy blue,1,en face,188.45,2,3,0,0.0
2008,8,9,Germany,7458,trousers,P195,violet,3,en face,93.59,1,2,1,270.02
2008,5,18,Australia,9784,trousers,P203,burgundy,5,profile,10.93,1,4,0,0.0
2008,8,9,USA,5184,trousers,P230,black,3,profile,182.07,2,4,0,0.0
2008,7,14,UK,8077,sale,P183,burgundy,4,en face,89.18,1,2,0,0.0
2008,4,27,Italy,6502,blouses,P084,white,5,en face,173.99,2,5,0,0.0
2008,8,5,India,6791,sale,P051,gray,6,profile,93.19,1,4,0,0.0
2008,8,11,India,7773,blouses,P136,black,3,profile,131.97,2,1,1,156.57
2008,6,13,France,2738,skirts,P214,green,4,profile,92.85,1,5,0,0.0
2008,6,21,Italy,7842,sale,P037,brown,1,profile,53.98,1,1,0,0.0
2008,6,23,Italy,6262,skirts,P088,gray,2,profile,84.65,1,1,0,0.0
2008,4,17,Italy,8206,trousers,P266,burgundy,4,profile,28.92,1,4,0,0.0
2008,5,13,Germany,1248,blouses,P218,violet,6,en face,192.54,2,3,0,0.0
2008,5,1,India,9336,trousers,P192,burgundy,4,profile,151.39,2,1,0,0.0
2008,5,23,Italy,4195,trousers,P094,pink,4,profile,168.69,2,4,0,0.0
2008,4,5,Sweden,8001,sale,P071,black,3,profile,21.7,1,2,0,0.0
2008,7,18,Sweden,7378,trousers,P006,brown,3,en face,80.82,1,1,0,0.0
2008,7,26,UK,3435,blouses,P038,brown,2,en face,104.24,1,5,0,0.0
2008,7,22,Germany,5382,trousers,P014,black,1,profile,109.61,2,5,0,0.0
2008,6,19,USA,959,sale,P216,navy blue,2,en face,66.47,1,1,0,0.0
2008,5,25,Australia,417,skirts,P036,navy blue,6,profile,44.46,1,2,0,0.0
2008,5,3,Germany,5742,trousers,P017,gray,2,profile,50.47,1,3,0,0.0
2008,5,16,USA,6728,skirts,P154,pink,2,profile,154.41,2,5,0,0.0
2008,7,2,India,4382,blouses,P202,olive,5,en face,93.12,1,4,0,0.0
2008,8,20,India,5197,skirts,P180,green,3,en face,82.27,1,5,1,226.18
2008,5,9,India,1113,sale,P070,red,6,en face,130.16,2,1,0,0.0
2008,6,11,Germany,2689,trousers,P190,violet,2,en face,118.81,2,3,0,0.0
2008,6,7,Australia,6473,blouses,P130,red,5,profile,54.8,1,5,0,0.0
2008,8,22,UK,8820,skirts,P190,pink,6,profile,180.61,2,1,0,0.0
2008,7,19,Italy,7808,trousers,P248,navy blue,2,profile,33.06,1,5,0,0.0
2008,7,9,Australia,3411,skirts,P279,navy blue,6,profile,163.56,2,2,0,0.0
2008,8,4,India,81,skirts,P047,black,1,en face,65.36,1,1,1,78.85
2008,7,24,Italy,4614,skirts,P181,violet,4,en face,83.56,1,5,0,0.0
2008,6,19,France,1374,skirts,P137,red,3,en face,175.84,2,4,0,0.0
2008,5,6,France,1510,skirts,P042,white,6,en face,51.02,1,2,0,0.0
2008,4,4,Germany,6443,sale,P002,black,3,en face,48.46,1,1,0,0.0
2008,5,24,Italy,3071,skirts,P207,gray,3,profile,89.81,1,1,0,0.0
2008,6,23,Germany,3016,skirts,P174,blue,1,profile,170.14,2,5,0,0.0
2008,5,28,USA,4823,sale,P017,white,5,profile,75.42,1,1,0,0.0
2008,5,18,India,7822,blouses,P030,navy blue,1,en face,11.2,1,3,0,0.0
2008,6,10,India,93,trousers,P265,black,1,en face,11.33,1,5,0,0.0
2008,8,16,USA,9421,skirts,P099,blue,4,en face,58.68,1,1,0,0.0
2008,7,2,Sweden,6600,sale,P123,black,1,profile,163.98,2,4,0,0.0
2008,4,28,Germany,4443,skirts,P170,green,2,en face,139.1,2,1,0,0.0
2008,8,26,India,7602,blouses,P196,pink,5,en face,181.75,2,4,0,0.0
2008,8,24,Germany,3835,sale,P022,black,3,en face,148.98,2,3,0,0.0
2008,8,9,USA,9702,blouses,P274,pink,4,en face,64.36,1,4,0,0.0
2008,8,15,UK,4322,skirts,P132,olive,4,en face,75.57,1,2,0,0.0
2008,8,14,India,3394,skirts,P262,olive,4,en face,79.32,1,2,0,0.0
2008,5,10,USA,4752,blouses,P077,black,3,profile,156.35,2,1,0,0.0
2008,5,22,Germany,7229,skirts,P197,navy blue,4,profile,156.81,2,3,0,0.0
2008,4,23,UK,9191,skirts,P244,red,2,en face,97.82,1,2,0,0.0
2008,5,24,UK,2361,trousers,P048,green,5,profile,122.87,2,2,0,0.0
2008,7,28,USA,1148,blouses,P040,black,3,profile,78.36,1,3,0,0.0
2008,4,10,USA,5666,trousers,P074,burgundy,2,en face,25.66,1,2,0,0.0
2008,8,15,Sweden,8075,trousers,P219,burgundy,5,profile,14.92,1,5,0,0.0
2008,4,19,France,4943,blouses,P213,blue,3,en face,42.4,1,1,0,0.0
2008,7,11,UK,3663,trousers,P106,pink,3,profile,131.58,2,3,0,0.0
2008,8,27,Australia,1563,sale,P089,green,3,en face,187.49,2,3,0,0.0
2008,4,13,Italy,4113,blouses,P255,blue,5,profile,12.22,1,5,0,0.0
2008,5,20,France,9050,trousers,P252,pink,1,profile,138.21,2,4,0,0.0
2008,6,6,India,9276,sale,P136,blue,6,profile,112.32,2,4,0,0.0
2008,8,13,Italy,8538,skirts,P044,navy blue,1,profile,196.77,2,1,0,0.0
2008,7,19,USA,795,blouses,P048,white,5,en face,144.88,2,5,0,0.0
2008,7,18,Sweden,5854,skirts,P287,white,1,profile,14.78,1,2,0,0.0
2008,5,27,USA,7619,sale,P250,brown,6,en face,192.63,2,2,0,0.0
2008,7,13,USA,1594,blouses,P107,brown,3,profile,21.89,1,3,0,0.0
2008,8,5,USA,7418,skirts,P071,pink,5,en face,187.16,2,5,0,0.0
2008,8,18,India,5267,skirts,P004,green,6,en face,160.94,2,5,0,0.0
2008,4,27,Germany,7147,blouses,P296,blue,6,profile,179.18,2,5,0,0.0
2008,7,8,Sweden,89,blouses,P046,olive,6,profile,160.86,2,1,0,0.0
2008,7,5,Australia,8695,trousers,P048,green,2,en face,25.51,1,1,0,0.0
2008,7,19,India,9732,skirts,P072,brown,1,en face,176.41,2,1,0,0.0
2008,5,2,USA,9446,blouses,P045,navy blue,4,en face,113.51,2,2,0,0.0
2008,5,24,France,6754,trousers,P058,olive,6,en face,69.75,1,4,0,0.0
2008,6,26,Sweden,3502,sale,P032,pink,5,en face,196.48,2,4,0,0.0
2008,5,3,UK,2234,blouses,P290,pink,3,profile,19.21,1,3,0,0.0
2008,7,12,France,2803,sale,P177,black,5,en face,53.64,1,2,1,156.42
2008,7,15,Australia,4424,sale,P098,red,1,en face,119.07,2,2,0,0.0
2008,8,10,Sweden,5663,sale,P083,black,4,en face,33.49,1,3,0,0.0
2008,4,25,Sweden,7170,sale,P299,black,5,en face,150.72,2,2,0,0.0
2008,5,12,Italy,8337,sale,P103,brown,4,profile,176.14,2,1,0,0.0
2008,8,27,France,2148,trousers,P032,red,6,en face,111.76,2,4,0,0.0
2008,6,22,Germany,7969,sale,P084,burgundy,5,profile,188.43,2,1,0,0.0
2008,5,26,Germany,6551,blouses,P159,gray,1,profile,73.82,1,4,0,0.0
2008,7,5,USA,7643,blouses,P281,navy blue,3,profile,116.85,2,3,0,0.0
2008,6,23,Australia,6164,blouses,P243,pink,6,en face,111.2,2,5,0,0.0
2008,7,3,Italy,1495,skirts,P126,black,3,en face,41.45,1,1,0,0.0
2008,6,9,USA,7696,skirts,P277,violet,1,profile,175.69,2,3,0,0.0
2008,4,1,Italy,7094,sale,P119,blue,3,en face,106.67,2,2,1,230.65
2008,6,15,Italy,1409,trousers,P161,white,4,profile,173.08,2,3,0,0.0
2008,8,27,France,6691,sale,P062,beige,5,en face,179.08,2,4,0,0.0
2008,5,20,India,3401,skirts,P259,blue,2,en face,75.02,1,1,0,0.0
2008,6,8,Italy,109,trousers,P135,olive,1,profile,136.15,2,4,0,0.0
2008,4,13,Australia,5636,sale,P094,gray,5,en face,69.08,1,5,0,0.0
2008,4,13,Italy,8482,trousers,P078,white,5,profile,161.76,2,2,0,0.0
2008,4,4,USA,6604,blouses,P114,white,5,en face,58.41,1,3,0,0.0
2008,8,13,Australia,1091,blouses,P196,green,4,en face,177.95,2,5,0,0.0
2008,5,12,USA,5560,skirts,P011,white,3,profile,41.74,1,1,0,0.0
2008,4,19,Sweden,9412,blouses,P012,beige,2,profile,10.2,1,5,1,26.97
2008,5,14,Sweden,8143,blouses,P128,pink,2,en face,121.92,2,4,0,0.0
2008,5,12,USA,8664,sale,P041,red,1,en face,137.22,2,1,0,0.0
2008,5,13,France,6596,skirts,P142,red,3,profile,66.51,1,1,0,0.0
2008,7,8,USA,624,blouses,P149,navy blue,5,en face,56.44,1,2,0,0.0
2008,6,12,France,6871,trousers,P247,navy blue,5,profile,175.75,2,3,0,0.0
2008,8,17,UK,4814,blouses,P239,gray,5,en face,189.32,2,4,0,0.0
2008,4,5,France,6553,trousers,P218,brown,2,profile,155.69,2,5,0,0.0
2008,8,1,USA,7530,sale,P108,black,2,en face,137.36,2,5,0,0.0
2008,6,17,USA,5796,trousers,P164,pink,4,en face,144.19,2,4,0,0.0
2008,6,13,UK,7437,blouses,P030,pink,5,profile,77.38,1,3,0,0.0
2008,7,8,USA,4218,trousers,P047,green,3,profile,101.54,1,3,0,0.0
2008,5,18,Sweden,5941,skirts,P234,olive,1,en face,41.0,1,5,0,0.0
2008,7,4,France,8501,sale,P001,pink,2,en face,11.17,1,4,0,0.0
2008,5,23,Italy,6429,sale,P026,navy blue,2,en face,19.28,1,3,0,0.0
2008,8,19,UK,6827,sale,P269,burgundy,6,profile,64.82,1,4,0,0.0
2008,8,6,India,4131,skirts,P064,olive,4,profile,148.12,2,1,0,0.0
2008,5,19,Australia,7802,trousers,P256,red,1,en face,116.17,2,1,0,0.0
2008,6,25,Sweden,7754,skirts,P257,burgundy,3,en face,82.55,1,4,0,0.0
2008,6,25,Italy,4722,trousers,P150,olive,3,profile,101.81,1,3,0,0.0
2008,7,14,India,1651,trousers,P267,violet,6,profile,110.18,2,4,0,0.0
2008,4,12,Italy,4141,sale,P195,gray,4,en face,146.21,2,1,0,0.0
2008,4,12,Germany,1618,trousers,P040,green,4,profile,61.0,1,1,0,0.0
2008,4,17,Sweden,2030,skirts,P022,green,2,en face,110.76,2,4,0,0.0
2008,5,17,Sweden,8518,trousers,P208,red,4,profile,79.18,1,5,0,0.0
2008,5,19,France,4576,blouses,P191,blue,3,en face,189.89,2,2,0,0.0
2008,4,17,France,3993,trousers,P006,gray,4,en face,139.93,2,3,0,0.0
2008,5,22,Australia,7377,sale,P171,white,6,profile,101.15,1,2,0,0.0
2008,4,14,France,6150,blouses,P089,green,4,en face,149.23,2,3,0,0.0
2008,7,24,UK,4909,sale,P278,violet,2,en face,184.42,2,2,0,0.0
2008,6,12,Australia,5027,sale,P218,black,1,en face,157.44,2,5,1,210.74
2008,4,26,France,8261,sale,P165,black,5,en face,92.26,1,5,1,148.59
2008,7,1,Germany,4732,blouses,P269,green,5,profile,52.55,1,2,0,0.0
2008,8,10,Italy,7549,trousers,P146,brown,5,profile,105.94,1,1,0,0.0
2008,5,10,France,8135,sale,P252,pink,1,en face,52.62,1,2,1,80.22
2008,4,6,France,1607,trousers,P185,beige,3,en face,155.5,2,4,1,282.69
2008,6,2,Sweden,4774,trousers,P183,white,3,en face,65.51,1,5,1,119.42
2008,4,11,France,8110,skirts,P216,violet,6,profile,155.98,2,5,0,0.0
2008,6,16,USA,6952,blouses,P231,red,2,profile,139.72,2,4,0,0.0
2008,5,5,Germany,6005,skirts,P157,olive,5,en face,163.63,2,3,0,0.0
2008,4,9,India,7729,trousers,P075,burgundy,4,profile,48.79,1,1,0,0.0
2008,5,9,France,3542,sale,P149,white,2,en face,50.48,1,2,0,0.0
2008,4,6,India,389,trousers,P266,red,1,profile,66.68,1,2,0,0.0
2008,8,20,India,1795,blouses,P125,beige,1,en face,194.5,2,4,0,0.0
2008,4,25,Australia,8732,blouses,P156,olive,4,profile,87.55,1,3,0,0.0
2008,5,8,Sweden,4920,trousers,P076,blue,1,profile,171.66,2,3,1,229.51
2008,7,24,France,5538,sale,P202,gray,4,profile,195.44,2,4,0,0.0
2008,6,25,Italy,3873,skirts,P080,navy blue,6,profile,182.68,2,2,0,0.0
2008,7,5,France,8869,trousers,P156,pink,2,profile,29.82,1,2,0,0.0
2008,5,19,France,2255,blouses,P078,burgundy,2,profile,31.66,1,1,0,0.0
2008,7,14,Australia,3413,sale,P035,white,6,profile,122.84,2,1,0,0.0
2008,5,2,Australia,5460,skirts,P228,olive,2,profile,96.18,1,2,0,0.0
2008,8,28,Germany,4956,skirts,P027,gray,5,profile,195.62,2,1,0,0.0
2008,4,7,Australia,7397,trousers,P161,violet,4,profile,173.62,2,2,0,0.0
2008,8,7,UK,5415,sale,P038,navy blue,5,en face,143.79,2,4,0,0.0
2008,4,16,India,7400,trousers,P205,black,5,profile,75.93,1,1,0,0.0
2008,5,19,USA,7415,skirts,P167,green,1,en face,122.34,2,5,0,0.0
2008,5,10,USA,9101,sale,P103,gray,3,profile,54.31,1,2,0,0.0
2008,5,19,Australia,4852,sale,P205,gray,1,en face,148.54,2,1,0,0.0
2008,8,24,USA,2026,sale,P262,white,2,en face,81.59,1,3,0,0.0
2008,8,17,UK,2616,skirts,P286,red,5,profile,42.81,1,5,0,0.0
2008,6,22,USA,7389,skirts,P287,black,2,profile,158.36,2,5,0,0.0
2008,7,11,India,2927,trousers,P061,white,1,en face,119.93,2,4,0,0.0
2008,4,21,Sweden,1122,skirts,P158,burgundy,4,profile,120.83,2,4,0,0.0
2008,4,3,USA,2911,blouses,P287,brown,2,en face,55.08,1,2,0,0.0
2008,5,11,Sweden,8147,sale,P056,black,3,profile,160.18,2,3,0,0.0
2008,8,14,Germany,7384,trousers,P031,beige,1,profile,12.18,1,3,0,0.0
2008,8,24,USA,3483,sale,P273,red,4,profile,196.01,2,3,0,0.0
2008,5,27,Sweden,796,sale,P187,red,2,profile,33.24,1,1,0,0.0
2008,6,28,Sweden,1576,skirts,P040,violet,1,en face,53.7,1,3,0,0.0
2008,4,15,Australia,6177,sale,P211,navy blue,3,profile,165.84,2,4,0,0.0
2008,6,18,France,6267,sale,P285,gray,4,en face,157.01,2,4,0,0.0
2008,4,16,France,2459,skirts,P206,burgundy,3,profile,52.35,1,2,0,0.0
2008,8,21,Italy,3313,blouses,P256,pink,4,en face,40.14,1,3,1,107.48
2008,7,22,India,1254,skirts,P179,beige,6,en face,51.12,1,2,0,0.0
2008,5,15,UK,6835,trousers,P047,navy blue,2,en face,89.61,1,1,0,0.0
2008,8,4,USA,8795,sale,P122,red,1,profile,98.19,1,2,0,0.0
2008,7,13,India,3838,skirts,P292,beige,5,profile,115.55,2,2,0,0.0
2008,5,13,USA,4399,sale,P005,black,4,profile,169.57,2,5,0,0.0
2008,4,14,UK,3596,skirts,P187,beige,5,en face,37.53,1,3,0,0.0
2008,6,11,USA,6622,blouses,P136,beige,1,profile,48.51,1,4,0,0.0
2008,8,7,USA,8383,skirts,P280,beige,2,profile,188.87,2,4,1,446.41
2008,6,9,France,2125,blouses,P193,violet,4,profile,195.98,2,3,0,0.0
2008,5,4,Sweden,3239,trousers,P180,red,2,profile,124.1,2,1,0,0.0
2008,7,2,USA,5404,skirts,P222,gray,6,en face,13.67,1,5,0,0.0
2008,6,8,USA,5999,skirts,P064,olive,6,en face,158.91,2,3,0,0.0
2008,5,2,India,5939,blouses,P069,red,5,en face,140.42,2,4,0,0.0
2008,7,27,Australia,2046,skirts,P082,red,6,profile,109.79,2,3,0,0.0
2008,6,3,France,1579,blouses,P120,red,4,en face,54.88,1,3,0,0.0
2008,7,27,Italy,15,blouses,P028,pink,3,en face,186.34,2,1,0,0.0
2008,7,8,USA,2674,blouses,P183,navy blue,2,en face,151.47,2,1,1,193.97
2008,5,10,Germany,7017,sale,P208,red,4,profile,53.64,1,1,0,0.0
2008,8,5,Germany,8721,trousers,P022,burgundy,2,profile,57.98,1,3,0,0.0
2008,4,10,India,8850,skirts,P136,violet,2,en face,127.52,2,2,0,0.0
2008,6,17,Sweden,4813,sale,P176,beige,2,en face,58.75,1,4,0,0.0
2008,7,3,USA,1085,blouses,P251,blue,1,profile,110.56,2,2,0,0.0
2008,6,3,UK,4984,sale,P024,brown,6,profile,189.11,2,4,0,0.0
2008,8,7,USA,7156,trousers,P295,red,5,en face,136.88,2,2,0,0.0
2008,4,8,France,2885,skirts,P102,red,3,profile,102.02,1,1,0,0.0
2008,8,11,UK,334,skirts,P188,violet,1,profile,110.11,2,3,0,0.0
2008,5,3,Sweden,7205,skirts,P006,violet,2,profile,39.85,1,3,0,0.0
2008,5,14,Germany,4368,blouses,P017,blue,6,en face,50.75,1,5,0,0.0
2008,8,13,USA,3080,blouses,P138,blue,3,profile,179.82,2,1,0,0.0
2008,8,12,USA,7204,skirts,P171,violet,1,en face,69.14,1,4,0,0.0
2008,5,16,UK,9910,blouses,P064,navy blue,5,profile,106.51,2,3,0,0.0
2008,5,7,Sweden,8865,sale,P244,brown,1,profile,187.04,2,5,0,0.0
2008,4,2,Sweden,264,skirts,P023,black,2,en face,115.22,2,4,0,0.0
2008,5,15,UK,4338,skirts,P098,blue,4,en face,31.8,1,4,0,0.0
2008,6,3,India,8896,trousers,P041,burgundy,3,en face,104.95,1,3,0,0.0
2008,8,1,UK,8448,skirts,P141,gray,4,profile,91.47,1,4,0,0.0
2008,8,3,Germany,5904,trousers,P267,beige,1,en face,191.78,2,4,0,0.0
2008,7,6,UK,1499,trousers,P089,brown,3,en face,119.06,2,2,0,0.0
2008,8,14,UK,4191,trousers,P122,blue,6,en face,50.02,1,1,0,0.0
2008,4,17,USA,7486,blouses,P180,olive,2,profile,14.73,1,4,0,0.0
2008,8,19,UK,9644,trousers,P260,blue,1,en face,139.31,2,1,1,371.18
2008,7,3,UK,8311,skirts,P096,gray,3,profile,108.2,2,5,0,0.0
2008,5,12,Italy,7591,sale,P191,beige,2,en face,32.46,1,1,0,0.0
2008,7,7,Sweden,501,skirts,P176,navy blue,3,en face,178.89,2,3,0,0.0
2008,6,6,Germany,9156,sale,P020,white,3,en face,132.42,2,1,0,0.0
2008,8,17,India,9415,skirts,P250,black,1,profile,45.73,1,5,0,0.0
2008,6,16,UK,3096,blouses,P007,pink,2,profile,73.12,1,5,0,0.0
2008,4,13,Australia,4632,trousers,P067,navy blue,6,profile,182.94,2,2,0,0.0
2008,6,11,France,368,trousers,P036,white,3,en face,85.22,1,3,0,0.0
2008,8,13,Germany,4059,sale,P292,white,3,profile,51.45,1,2,0,0.0
2008,8,22,Italy,8175,trousers,P201,pink,6,profile,55.61,1,1,0,0.0
2008,6,20,UK,4631,blouses,P299,blue,2,en face,17.86,1,4,0,0.0
2008,6,6,USA,6071,blouses,P096,pink,3,profile,90.59,1,2,0,0.0
2008,7,22,Australia,2665,trousers,P176,gray,6,profile,191.71,2,3,0,0.0
2008,4,27,Sweden,1027,sale,P028,green,4,profile,32.33,1,5,0,0.0
2008,8,27,France,5909,blouses,P251,white,3,en face,180.51,2,2,0,0.0
2008,7,4,Italy,5051,blouses,P087,blue,6,en face,182.28,2,4,0,0.0
2008,8,18,Italy,6329,blouses,P201,olive,4,en face,38.2,1,5,0,0.0
2008,5,13,Germany,9734,skirts,P100,white,6,en face,176.93,2,4,0,0.0
2008,7,8,Italy,1692,blouses,P297,brown,1,en face,170.43,2,4,0,0.0
2008,7,21,Italy,674,sale,P236,beige,6,profile,85.59,1,2,0,0.0
2008,4,15,UK,5573,blouses,P285,white,3,profile,178.91,2,1,0,0.0
2008,6,19,Australia,5767,trousers,P075,blue,4,profile,160.52,2,5,0,0.0
2008,7,13,USA,5157,trousers,P043,violet,4,profile,48.22,1,3,0,0.0
2008,5,24,UK,734,trousers,P244,white,5,profile,190.72,2,5,0,0.0
2008,7,21,USA,3527,skirts,P006,blue,2,profile,158.27,2,5,0,0.0
2008,7,2,Italy,569,sale,P209,violet,5,profile,64.94,1,5,0,0.0
2008,4,20,Australia,9188,trousers,P079,white,4,profile,82.32,1,5,0,0.0
2008,8,5,Australia,2923,skirts,P282,olive,1,profile,38.5,1,5,0,0.0
2008,6,27,Germany,7912,sale,P034,blue,2,profile,140.67,2,3,0,0.0
2008,4,28,France,1559,trousers,P193,pink,3,en face,25.79,1,1,0,0.0
2008,4,9,Australia,102,trousers,P005,olive,4,en face,47.83,1,3,0,0.0
2008,5,24,Germany,3008,blouses,P089,burgundy,3,en face,148.83,2,5,0,0.0
2008,4,18,USA,7202,trousers,P053,brown,3,en face,27.2,1,2,0,0.0
2008,8,16,India,304,skirts,P265,blue,5,en face,72.3,1,1,0,0.0
2008,4,27,UK,77,trousers,P220,beige,6,en face,103.14,1,4,0,0.0
2008,6,4,USA,6755,sale,P242,white,3,en face,186.27,2,2,0,0.0
2008,6,10,India,8630,trousers,P291,red,6,en face,123.11,2,5,0,0.0
2008,5,19,Germany,1209,skirts,P016,olive,6,profile,35.47,1,5,0,0.0
2008,8,26,India,7743,skirts,P057,burgundy,3,en face,141.83,2,5,0,0.0
2008,8,12,Germany,8215,trousers,P032,burgundy,4,profile,171.39,2,2,0,0.0
2008,4,18,France,8945,blouses,P279,burgundy,5,en face,33.5,1,4,0,0.0
2008,8,19,USA,8414,blouses,P280,navy blue,1,profile,137.43,2,5,0,0.0
2008,7,19,Germany,1776,blouses,P191,navy blue,3,profile,140.43,2,2,0,0.0
2008,4,13,Germany,3474,blouses,P084,green,6,profile,125.15,2,1,0,0.0
2008,8,3,France,484,trousers,P182,white,3,en face,19.7,1,4,0,0.0
2008,8,22,France,2190,sale,P128,green,5,profile,31.56,1,4,0,0.0
2008,6,22,USA,347,trousers,P086,pink,5,profile,25.46,1,3,0,0.0
2008,6,4,UK,5482,blouses,P068,black,5,profile,174.31,2,1,0,0.0
2008,7,2,Australia,8362,skirts,P063,gray,4,profile,190.04,2,1,0,0.0
2008,6,9,Italy,1473,skirts,P228,pink,2,profile,103.46,1,3,0,0.0
2008,6,18,Italy,5101,sale,P060,burgundy,5,profile,15.66,1,2,1,19.96
2008,7,7,Italy,6766,sale,P203,burgundy,6,en face,194.74,2,4,0,0.0
2008,5,27,India,8707,skirts,P204,white,4,en face,127.68,2,4,1,185.7
2008,4,21,India,4930,skirts,P191,black,5,en face,54.68,1,3,0,0.0
2008,5,21,UK,6330,blouses,P239,blue,4,en face,193.71,2,4,0,0.0
2008,4,28,Germany,2610,blouses,P197,beige,1,profile,60.77,1,2,0,0.0
2008,8,24,USA,4,trousers,P158,green,6,profile,171.99,2,2,0,0.0
2008,4,20,USA,2214,skirts,P147,beige,1,en face,176.22,2,5,0,0.0
2008,6,2,Italy,4828,trousers,P070,gray,1,profile,127.38,2,1,0,0.0
2008,6,17,UK,857,trousers,P075,red,1,en face,157.81,2,1,0,0.0
2008,6,27,Germany,6978,trousers,P030,black,1,en face,128.13,2,5,0,0.0
2008,7,20,USA,5886,sale,P121,green,6,profile,163.25,2,1,0,0.0
2008,5,7,India,625,trousers,P075,gray,5,profile,121.42,2,4,1,235.92
2008,6,2,France,291,sale,P036,beige,6,profile,53.31,1,5,1,89.52
2008,7,6,UK,2019,skirts,P245,blue,4,en face,82.91,1,4,0,0.0
2008,5,12,France,669,trousers,P007,navy blue,5,en face,109.88,2,1,0,0.0
2008,8,3,UK,8922,skirts,P170,white,2,profile,20.18,1,1,0,0.0
2008,6,15,Australia,8265,blouses,P296,green,2,profile,60.22,1,1,0,0.0
2008,4,5,France,9697,blouses,P251,green,1,en face,121.56,2,3,0,0.0
2008,5,13,France,1632,trousers,P045,navy blue,2,en face,76.54,1,3,0,0.0
2008,7,4,India,5171,skirts,P119,gray,3,profile,141.02,2,4,0,0.0
2008,7,18,France,7206,trousers,P044,burgundy,4,en face,21.15,1,5,0,0.0
2008,7,22,Italy,2523,blouses,P283,red,6,en face,69.1,1,4,0,0.0
2008,8,23,UK,2216,blouses,P258,navy blue,2,en face,126.39,2,1,0,0.0
2008,5,24,France,6969,trousers,P144,violet,4,en face,52.16,1,5,0,0.0
2008,5,15,UK,6497,trousers,P294,red,5,profile,176.07,2,2,1,366.95
2008,7,11,France,6214,sale,P245,navy blue,4,en face,74.7,1,2,0,0.0
2008,6,16,USA,7033,trousers,P242,pink,1,profile,13.87,1,4,0,0.0
2008,8,19,USA,7421,trousers,P073,black,4,en face,38.62,1,1,0,0.0
2008,8,12,Australia,1108,trousers,P003,blue,4,profile,195.66,2,3,0,0.0
2008,6,27,Australia,451,skirts,P011,brown,5,en face,43.95,1,1,0,0.0
2008,5,12,Italy,6290,skirts,P204,brown,1,en face,58.35,1,1,0,0.0
2008,5,15,UK,9967,skirts,P254,navy blue,5,en face,199.49,2,4,0,0.0
2008,6,19,India,136,trousers,P173,pink,2,profile,26.28,1,5,1,58.36
2008,5,28,USA,1786,skirts,P006,blue,4,en face,63.55,1,3,0,0.0
2008,4,9,Italy,3405,sale,P114,beige,1,profile,64.94,1,5,0,0.0
2008,6,16,UK,2907,trousers,P207,white,2,en face,96.34,1,1,0,0.0
2008,6,1,France,8305,trousers,P294,green,4,profile,160.22,2,3,1,454.49
2008,6,25,UK,7493,sale,P053,blue,3,en face,56.63,1,1,0,0.0
2008,4,27,UK,6101,skirts,P103,red,5,en face,22.61,1,1,0,0.0
2008,7,17,Australia,4505,blouses,P191,beige,1,profile,141.22,2,1,0,0.0
2008,5,4,India,5054,trousers,P126,violet,6,en face,32.79,1,4,0,0.0
2008,4,8,USA,5206,trousers,P097,blue,4,profile,155.91,2,2,0,0.0
2008,4,26,India,4081,skirts,P200,white,5,en face,170.5,2,2,0,0.0
2008,4,7,France,6919,skirts,P006,violet,4,profile,40.05,1,5,0,0.0
2008,7,10,Italy,6803,sale,P123,beige,3,en face,70.65,1,2,0,0.0
2008,7,21,Australia,5207,blouses,P222,olive,6,en face,14.56,1,4,0,0.0
2008,5,17,UK,533,blouses,P037,red,4,profile,65.1,1,3,0,0.0
2008,7,16,Australia,4831,trousers,P239,violet,6,profile,55.78,1,5,0,0.0
2008,5,21,Germany,4039,skirts,P065,gray,1,profile,120.49,2,5,0,0.0
2008,7,10,Australia,4085,skirts,P103,gray,5,profile,12.96,1,2,0,0.0
2008,5,28,Sweden,3205,skirts,P045,navy blue,2,en face,112.28,2,3,0,0.0
2008,4,15,UK,7111,sale,P164,green,4,profile,53.61,1,4,1,107.52
2008,6,2,Australia,331,skirts,P081,green,5,profile,12.51,1,4,0,0.0
2008,5,17,USA,4958,skirts,P254,white,4,en face,81.16,1,5,0,0.0
2008,7,24,Sweden,3034,sale,P212,brown,5,en face,100.83,1,2,0,0.0
2008,8,23,Sweden,7685,sale,P043,green,1,en face,165.16,2,2,0,0.0
2008,6,10,Italy,1598,sale,P270,black,1,en face,75.63,1,1,0,0.0
2008,8,1,Italy,9920,skirts,P279,brown,2,profile,13.46,1,2,0,0.0
2008,4,6,Italy,3598,sale,P035,burgundy,4,profile,127.8,2,5,0,0.0
2008,5,3,Australia,9039,sale,P061,beige,4,profile,38.28,1,1,0,0.0
2008,8,4,India,8002,blouses,P119,brown,5,profile,146.2,2,4,1,420.77
2008,4,27,France,591,sale,P217,burgundy,5,profile,197.99,2,1,0,0.0
2008,8,16,Sweden,648,trousers,P269,brown,1,en face,14.43,1,5,0,0.0
2008,5,24,Australia,9103,trousers,P085,violet,2,en face,193.81,2,2,0,0.0
2008,8,27,Italy,8016,blouses,P052,violet,2,en face,182.15,2,1,0,0.0
2008,5,23,Sweden,3772,sale,P066,white,1,profile,134.09,2,4,0,0.0
2008,6,23,Germany,9040,trousers,P250,navy blue,5,en face,168.81,2,5,0,0.0
2008,5,14,Australia,5083,skirts,P071,brown,5,profile,193.57,2,2,0,0.0
2008,5,18,USA,7883,trousers,P149,olive,3,en face,170.35,2,2,0,0.0
2008,6,16,Germany,9363,sale,P258,gray,1,en face,76.15,1,5,0,0.0
2008,4,16,Australia,4211,trousers,P190,white,5,profile,35.84,1,1,1,73.11
2008,7,7,India,8835,blouses,P029,blue,5,en face,35.41,1,4,0,0.0
2008,8,12,Australia,8700,blouses,P012,violet,4,profile,128.04,2,3,0,0.0
2008,8,26,Italy,1796,skirts,P017,violet,6,profile,90.76,1,2,0,0.0
2008,6,2,Italy,2587,trousers,P107,pink,4,profile,127.98,2,2,0,0.0
2008,6,2,UK,8356,trousers,P016,burgundy,1,profile,76.78,1,1,0,0.0
2008,8,13,UK,2317,skirts,P148,violet,2,profile,29.14,1,5,0,0.0
2008,4,15,India,4186,skirts,P263,brown,3,en face,188.65,2,5,0,0.0
2008,5,24,UK,8828,trousers,P231,black,3,profile,28.33,1,1,0,0.0
2008,4,5,USA,7073,trousers,P224,white,2,en face,162.88,2,3,1,184.52
2008,8,20,France,5235,blouses,P244,red,3,en face,189.07,2,5,0,0.0
2008,6,8,Germany,8744,trousers,P236,beige,1,en face,157.52,2,2,0,0.0
2008,6,26,Italy,8671,trousers,P145,gray,3,en face,196.51,2,4,0,0.0
2008,6,26,Germany,4769,trousers,P223,navy blue,6,en face,111.67,2,3,0,0.0
2008,8,2,Sweden,9973,skirts,P088,navy blue,5,en face,169.38,2,1,1,283.3
2008,5,15,Germany,7145,blouses,P011,green,4,profile,35.1,1,5,0,0.0
2008,8,14,India,2914,sale,P133,green,3,en face,105.38,1,3,0,0.0
2008,7,9,USA,9872,sale,P199,beige,6,profile,121.06,2,1,0,0.0
2008,5,1,India,9894,trousers,P231,beige,5,en face,38.44,1,4,0,0.0
2008,7,11,Italy,2076,skirts,P221,brown,1,en face,28.41,1,3,0,0.0
2008,8,1,UK,4303,sale,P273,gray,4,en face,165.9,2,3,0,0.0
2008,8,16,Australia,5823,blouses,P152,red,5,en face,72.42,1,3,0,0.0
2008,7,12,Italy,2150,trousers,P007,burgundy,6,en face,192.89,2,3,0,0.0
2008,7,27,Australia,145,skirts,P272,beige,5,profile,154.07,2,3,0,0.0
2008,6,2,Sweden,4964,trousers,P181,beige,6,en face,70.36,1,1,1,144.29
2008,4,21,USA,8160,skirts,P286,red,3,profile,163.86,2,4,0,0.0
2008,5,13,Italy,9031,blouses,P194,black,5,profile,181.57,2,1,0,0.0
2008,7,13,USA,4776,skirts,P093,brown,1,en face,169.33,2,3,0,0.0
2008,5,21,France,8934,trousers,P034,green,3,profile,148.19,2,1,0,0.0
2008,7,15,Sweden,7750,sale,P105,red,5,profile,52.7,1,2,1,62.04
2008,4,23,India,9829,skirts,P214,beige,4,profile,126.22,2,2,0,0.0
2008,7,28,Italy,9215,skirts,P146,navy blue,6,profile,79.28,1,5,0,0.0
2008,6,26,USA,6061,sale,P208,red,6,profile,27.24,1,2,0,0.0
2008,5,8,Italy,9476,skirts,P068,red,1,profile,46.78,1,3,0,0.0
2008,6,27,USA,6410,trousers,P076,brown,1,profile,48.6,1,2,0,0.0
2008,8,25,India,3318,trousers,P059,brown,5,profile,82.08,1,4,0,0.0
2008,6,3,France,7465,skirts,P286,black,2,profile,94.46,1,3,0,0.0
2008,5,27,Germany,3062,blouses,P286,green,1,en face,64.8,1,2,0,0.0
2008,7,21,Sweden,1356,skirts,P079,green,5,profile,51.4,1,4,0,0.0
2008,7,12,India,4515,skirts,P040,blue,6,profile,27.44,1,3,0,0.0
2008,4,23,USA,5506,skirts,P181,beige,3,profile,127.78,2,3,0,0.0
2008,7,27,USA,5251,sale,P263,olive,1,profile,125.58,2,2,1,288.71
2008,7,5,Italy,4512,skirts,P225,green,6,profile,129.55,2,4,0,0.0
2008,7,28,France,1731,blouses,P179,violet,1,en face,12.55,1,4,0,0.0
2008,8,28,Australia,1759,sale,P083,burgundy,3,profile,29.03,1,4,0,0.0
2008,4,22,Sweden,6651,trousers,P110,white,2,en face,150.38,2,1,0,0.0
2008,7,1,UK,6647,sale,P121,red,4,profile,141.24,2,5,0,0.0
2008,4,14,Italy,9861,skirts,P249,white,5,en face,165.12,2,3,0,0.0
2008,5,26,Australia,4140,sale,P137,green,4,profile,153.61,2,3,0,0.0
2008,8,25,India,9394,trousers,P269,beige,6,en face,111.37,2,3,0,0.0
2008,5,12,Italy,5124,trousers,P245,brown,5,profile,196.29,2,3,0,0.0
2008,7,26,France,1,sale,P217,olive,3,profile,139.81,2,5,0,0.0
2008,7,22,Germany,1865,blouses,P161,black,1,en face,103.77,1,4,1,286.25
2008,7,7,India,544,skirts,P139,blue,3,profile,37.94,1,3,0,0.0
2008,8,3,Germany,350,trousers,P054,navy blue,5,profile,159.28,2,2,0,0.0
2008,4,25,UK,6907,sale,P249,blue,4,en face,41.92,1,5,0,0.0
2008,4,4,UK,9766,blouses,P069,white,4,profile,91.37,1,2,0,0.0
2008,8,17,Sweden,2524,skirts,P292,brown,5,en face,129.19,2,5,0,0.0
2008,5,1,Sweden,3465,skirts,P059,violet,2,en face,68.98,1,5,0,0.0
2008,6,15,France,458,skirts,P235,blue,1,en face,181.62,2,1,1,339.88
2008,7,13,Italy,3024,skirts,P290,red,2,en face,146.67,2,1,0,0.0
2008,8,10,USA,7262,trousers,P269,burgundy,5,en face,60.51,1,2,0,0.0
2008,5,7,India,9516,blouses,P232,brown,4,en face,61.87,1,4,0,0.0
2008,6,23,Australia,7873,skirts,P051,beige,1,profile,86.72,1,4,0,0.0
2008,4,21,UK,6626,skirts,P266,violet,6,profile,152.75,2,5,0,0.0
2008,4,17,Italy,2535,skirts,P036,blue,6,profile,179.95,2,2,0,0.0
2008,8,26,Australia,132,trousers,P062,olive,2,en face,55.69,1,1,0,0.0
2008,7,20,Germany,3705,sale,P219,violet,3,profile,60.55,1,1,0,0.0
2008,8,15,Sweden,1373,skirts,P184,olive,3,profile,115.89,2,3,0,0.0
2008,7,2,Australia,6201,trousers,P214,pink,4,en face,195.43,2,4,1,318.62
2008,5,17,USA,4857,trousers,P130,beige,1,en face,110.49,2,1,1,253.29
2008,5,14,France,4713,sale,P250,pink,5,en face,53.91,1,4,1,88.14
2008,7,3,Italy,5545,blouses,P072,black,3,profile,56.62,1,1,0,0.0
2008,8,22,France,1414,skirts,P121,olive,1,en face,128.19,2,4,0,0.0
2008,4,12,USA,4114,sale,P170,brown,1,en face,154.72,2,1,0,0.0
2008,4,12,France,656,blouses,P281,white,4,profile,57.51,1,3,0,0.0
2008,7,19,France,8138,blouses,P119,beige,4,profile,66.91,1,3,0,0.0
2008,5,13,India,4099,trousers,P099,burgundy,6,en face,102.94,1,1,0,0.0
2008,8,26,France,593,skirts,P014,pink,6,profile,151.17,2,4,0,0.0
2008,7,24,USA,8709,blouses,P206,black,2,profile,167.25,2,1,0,0.0
2008,5,3,USA,3124,blouses,P180,black,1,profile,154.41,2,1,0,0.0
2008,8,4,Italy,3048,blouses,P293,black,3,profile,44.13,1,5,0,0.0
2008,6,2,Italy,3888,sale,P142,brown,2,profile,58.98,1,4,0,0.0
2008,5,17,USA,5736,skirts,P037,burgundy,2,en face,120.97,2,2,0,0.0
2008,7,24,Sweden,2185,sale,P141,black,2,en face,136.34,2,3,0,0.0
2008,8,25,Sweden,2146,sale,P063,black,6,en face,93.76,1,1,0,0.0
2008,5,2,Germany,7048,blouses,P124,navy blue,2,profile,79.28,1,2,1,195.88
2008,8,26,Australia,3106,sale,P269,navy blue,2,en face,48.36,1,4,0,0.0
2008,5,20,USA,9234,skirts,P263,red,5,en face,10.29,1,2,0,0.0
2008,8,10,India,9097,skirts,P254,burgundy,2,profile,190.8,2,2,0,0.0
2008,6,28,USA,2770,sale,P018,red,1,en face,40.79,1,2,0,0.0
2008,4,10,Germany,5222,blouses,P168,olive,6,profile,143.99,2,2,0,0.0
2008,6,27,Australia,5834,sale,P043,gray,1,profile,46.93,1,3,0,0.0
2008,8,27,Australia,1733,trousers,P099,burgundy,3,en face,199.95,2,5,0,0.0
2008,4,9,Sweden,266,sale,P186,red,3,profile,117.41,2,5,0,0.0
2008,7,2,Australia,5145,skirts,P112,pink,1,en face,18.59,1,3,1,24.86
2008,6,13,Germany,8268,blouses,P026,pink,3,profile,90.32,1,1,0,0.0
2008,5,11,UK,3938,trousers,P131,beige,2,profile,167.67,2,4,0,0.0
2008,6,18,Australia,762,sale,P220,brown,5,en face,149.72,2,3,0,0.0
2008,7,12,Sweden,7221,sale,P224,blue,6,en face,102.17,1,2,0,0.0
2008,5,22,Australia,8440,skirts,P054,gray,6,profile,177.33,2,2,0,0.0
2008,6,5,France,3258,trousers,P230,navy blue,3,profile,156.73,2,2,0,0.0
2008,6,4,USA,4339,blouses,P262,beige,1,profile,33.58,1,1,0,0.0
2008,6,25,Italy,4363,skirts,P149,brown,2,profile,105.88,2,3,0,0.0
2008,6,15,Australia,317,sale,P289,gray,6,en face,13.56,1,2,0,0.0
2008,7,20,Australia,8070,skirts,P026,white,2,en face,71.53,1,1,0,0.0
2008,4,7,India,1852,skirts,P191,red,3,en face,54.92,1,5,0,0.0
2008,6,7,Italy,2485,blouses,P298,navy blue,2,profile,69.5,1,5,1,192.37
2008,5,11,UK,9874,skirts,P284,violet,3,en face,24.57,1,4,0,0.0
2008,7,2,France,9575,sale,P130,black,4,profile,63.17,1,3,0,0.0
2008,6,5,India,1079,blouses,P081,white,4,en face,16.27,1,4,0,0.0
2008,7,2,USA,8359,sale,P004,blue,6,en face,182.71,2,3,1,499.7
2008,7,13,Germany,7334,blouses,P147,beige,5,profile,73.75,1,5,0,0.0
2008,6,17,India,1072,trousers,P095,burgundy,6,en face,184.38,2,4,0,0.0
2008,5,19,India,104,trousers,P278,black,5,en face,53.6,1,1,0,0.0
2008,8,28,UK,5749,skirts,P130,black,1,profile,52.66,1,1,0,0.0
2008,7,16,Italy,1419,sale,P050,navy blue,1,profile,11.39,1,3,0,0.0
2008,4,13,Italy,1659,trousers,P183,navy blue,1,en face,170.91,2,5,0,0.0
2008,5,25,UK,5285,blouses,P121,gray,4,en face,114.24,2,5,0,0.0
2008,7,7,UK,1150,sale,P158,red,1,profile,163.28,2,1,0,0.0
2008,6,12,Sweden,7151,trousers,P241,navy blue,5,profile,36.54,1,4,0,0.0
2008,7,28,Italy,1569,blouses,P204,navy blue,3,profile,43.44,1,5,0,0.0
2008,6,24,USA,1088,blouses,P086,black,2,en face,14.22,1,4,1,17.4
2008,5,21,Germany,6086,sale,P260,brown,6,profile,55.4,1,1,0,0.0
2008,7,25,USA,8675,trousers,P211,burgundy,3,en face,190.32,2,4,0,0.0
2008,5,21,France,8342,sale,P293,burgundy,6,en face,95.72,1,5,0,0.0
2008,4,12,Germany,7812,skirts,P057,white,5,profile,197.77,2,4,0,0.0
2008,5,12,Australia,6085,trousers,P171,burgundy,6,en face,49.1,1,1,0,0.0
2008,8,2,UK,8774,skirts,P146,violet,5,en face,19.58,1,4,0,0.0
2008,4,24,Italy,8758,trousers,P169,red,6,profile,84.4,1,2,0,0.0
2008,4,1,Germany,1693,blouses,P260,burgundy,2,profile,100.08,1,5,0,0.0
2008,5,16,France,4735,sale,P014,green,6,en face,128.06,2,4,0,0.0
2008,8,20,Australia,3388,trousers,P022,pink,6,profile,81.6,1,2,0,0.0
2008,6,28,USA,3647,sale,P195,brown,6,en face,26.98,1,4,0,0.0
2008,6,2,Sweden,1684,skirts,P090,olive,3,en face,178.16,2,1,0,0.0
2008,6,5,USA,9,sale,P091,pink,1,profile,190.25,2,5,0,0.0
2008,8,7,Italy,6063,sale,P241,burgundy,2,en face,48.64,1,1,1,50.34
2008,7,17,Italy,6517,sale,P073,violet,1,profile,147.38,2,3,0,0.0
2008,8,22,Australia,4124,trousers,P294,violet,6,profile,169.8,2,2,1,180.73
2008,6,12,France,8730,trousers,P177,olive,4,en face,82.36,1,1,0,0.0
2008,4,23,France,6046,skirts,P047,violet,3,profile,133.57,2,4,0,0.0
2008,8,22,France,568,trousers,P248,burgundy,3,en face,165.84,2,5,0,0.0
2008,4,9,France,9162,trousers,P026,gray,3,profile,191.11,2,3,1,516.38
2008,7,2,Italy,1804,sale,P260,white,5,en face,140.08,2,5,0,0.0
2008,7,17,UK,8502,skirts,P168,red,6,en face,136.25,2,2,0,0.0
2008,7,28,UK,4901,sale,P039,burgundy,2,en face,97.67,1,1,0,0.0
2008,4,1,India,1600,skirts,P012,black,5,profile,17.38,1,2,0,0.0
2008,5,4,Sweden,7932,sale,P265,burgundy,5,profile,74.47,1,3,0,0.0
2008,6,19,Italy,9548,skirts,P232,blue,1,profile,144.54,2,4,0,0.0
2008,4,18,Australia,2824,sale,P226,green,1,en face,54.91,1,4,0,0.0
2008,4,15,Italy,5468,sale,P019,navy blue,5,en face,71.63,1,1,0,0.0
2008,6,7,UK,3530,trousers,P152,blue,1,profile,40.4,1,2,0,0.0
2008,6,3,UK,8684,blouses,P033,beige,2,en face,23.43,1,1,0,0.0
2008,6,22,Sweden,1156,sale,P217,brown,4,profile,35.57,1,2,0,0.0
2008,6,9,India,6548,trousers,P267,beige,4,en face,144.87,2,3,0,0.0
2008,7,24,India,9089,skirts,P026,navy blue,2,en face,33.15,1,2,0,0.0
2008,4,15,Australia,7621,trousers,P062,gray,5,profile,64.87,1,4,0,0.0
2008,4,28,UK,8297,trousers,P299,black,1,en face,49.18,1,3,0,0.0
2008,6,15,USA,4541,skirts,P201,green,3,profile,100.93,1,4,0,0.0
2008,5,5,France,9135,sale,P210,black,1,profile,50.35,1,1,0,0.0
2008,4,19,USA,6483,blouses,P122,violet,5,en face,72.34,1,2,1,196.44
2008,6,26,USA,5827,blouses,P177,black,3,en face,170.48,2,3,0,0.0
2008,8,12,UK,1191,blouses,P250,pink,1,profile,28.61,1,4,0,0.0
2008,6,11,Sweden,7445,blouses,P186,brown,2,profile,196.7,2,3,0,0.0
2008,7,12,India,8521,skirts,P044,navy blue,3,profile,60.12,1,1,0,0.0
2008,7,23,USA,961,trousers,P028,green,3,en face,169.81,2,2,0,0.0
2008,8,23,Germany,7455,trousers,P120,gray,1,profile,17.57,1,2,0,0.0
2008,6,20,Germany,37,trousers,P037,violet,2,profile,25.14,1,3,0,0.0
2008,6,16,UK,7517,blouses,P132,brown,3,profile,11.91,1,4,0,0.0
2008,4,23,India,7645,skirts,P158,red,6,profile,158.59,2,5,0,0.0
2008,7,27,India,4439,sale,P019,navy blue,2,en face,55.92,1,3,0,0.0
2008,7,17,UK,6162,skirts,P243,violet,6,profile,58.68,1,4,0,0.0
2008,7,3,Italy,7745,trousers,P114,beige,2,profile,65.34,1,1,0,0.0
2008,5,14,Germany,9588,blouses,P027,green,2,en face,129.74,2,1,0,0.0
2008,7,16,UK,8120,blouses,P042,black,4,en face,156.95,2,1,0,0.0
2008,8,23,Germany,6968,blouses,P296,brown,3,en face,156.17,2,2,0,0.0
2008,5,6,France,5719,trousers,P181,navy blue,1,en face,30.76,1,2,0,0.0
2008,7,5,Sweden,578,skirts,P069,pink,4,profile,130.49,2,1,0,0.0
2008,5,24,France,9834,trousers,P201,olive,2,en face,60.43,1,2,0,0.0
2008,5,5,Australia,4103,trousers,P296,gray,6,profile,156.34,2,2,0,0.0
2008,5,5,Germany,7647,trousers,P010,black,1,en face,101.88,1,3,0,0.0
2008,8,11,Italy,4152,blouses,P296,navy blue,3,en face,141.43,2,1,0,0.0
2008,8,21,Australia,3131,skirts,P056,violet,3,en face,135.39,2,4,0,0.0
2008,8,27,Italy,4891,sale,P101,blue,3,en face,175.64,2,3,0,0.0
2008,4,19,Sweden,9976,skirts,P245,red,6,en face,192.68,2,1,1,263.83
2008,6,18,Italy,7472,skirts,P059,white,2,en face,155.0,2,1,0,0.0
2008,5,10,Germany,1834,trousers,P210,brown,1,profile,156.48,2,4,0,0.0
2008,4,13,Italy,9149,skirts,P256,blue,6,en face,137.66,2,1,0,0.0
2008,7,8,USA,4892,trousers,P141,olive,2,profile,138.55,2,1,0,0.0
2008,5,14,India,2288,skirts,P066,blue,5,en face,188.26,2,4,0,0.0
2008,8,19,Italy,1331,blouses,P109,brown,4,en face,17.46,1,2,0,0.0
2008,6,23,Sweden,2772,trousers,P164,white,1,en face,171.01,2,5,0,0.0
2008,8,22,France,3687,sale,P106,pink,1,en face,99.08,1,5,0,0.0
2008,5,10,USA,8284,trousers,P282,olive,6,profile,191.19,2,5,0,0.0
2008,5,3,India,5929,trousers,P183,black,6,en face,58.2,1,3,0,0.0
2008,8,17,Germany,638,blouses,P121,white,6,en face,155.97,2,1,0,0.0
2008,8,2,USA,48,trousers,P058,olive,2,en face,85.07,1,5,0,0.0
2008,8,8,UK,2603,skirts,P065,pink,4,en face,16.35,1,4,0,0.0
2008,4,15,Australia,1966,skirts,P225,violet,4,profile,32.66,1,3,0,0.0
2008,6,3,France,2169,blouses,P286,navy blue,3,en face,70.82,1,4,0,0.0
2008,5,2,USA,5050,sale,P088,brown,4,profile,89.5,1,2,0,0.0
2008,6,8,Sweden,3335,trousers,P035,olive,3,en face,158.7,2,1,0,0.0
2008,4,25,UK,3020,trousers,P130,beige,6,en face,190.02,2,2,0,0.0
2008,4,15,Australia,8765,blouses,P001,brown,1,profile,77.41,1,1,0,0.0
2008,7,17,India,9177,skirts,P138,brown,3,profile,101.2,1,3,0,0.0
2008,8,14,Italy,1361,sale,P033,pink,5,en face,22.33,1,3,0,0.0
2008,7,7,Germany,5799,sale,P252,brown,4,en face,126.29,2,2,0,0.0
2008,6,3,UK,9401,trousers,P269,green,4,en face,98.9,1,1,1,289.23
2008,4,24,Italy,3252,trousers,P102,violet,6,en face,181.28,2,1,0,0.0
2008,5,10,Australia,6301,blouses,P155,brown,6,en face,141.73,2,4,0,0.0
2008,4,15,India,2252,sale,P246,brown,5,profile,138.17,2,5,0,0.0
2008,4,1,Sweden,6028,trousers,P008,gray,5,profile,172.92,2,5,0,0.0
2008,4,13,UK,1176,trousers,P144,black,3,en face,38.97,1,3,0,0.0
2008,4,20,USA,8800,trousers,P199,blue,4,en face,136.42,2,5,0,0.0
2008,5,25,UK,3280,skirts,P001,pink,4,en face,91.53,1,1,0,0.0
2008,7,7,USA,2974,blouses,P034,white,5,profile,113.8,2,2,0,0.0
2008,8,27,UK,3397,skirts,P122,red,5,profile,20.97,1,5,0,0.0
2008,5,12,Australia,6940,skirts,P062,navy blue,1,profile,59.93,1,4,1,67.45
2008,5,26,Australia,966,blouses,P174,pink,2,en face,191.55,2,5,0,0.0
2008,7,6,USA,8575,skirts,P075,navy blue,1,profile,152.29,2,3,0,0.0
2008,5,6,USA,743,skirts,P149,pink,1,profile,66.86,1,5,1,161.87
2008,4,16,Australia,7515,trousers,P170,pink,3,en face,49.89,1,2,0,0.0
2008,4,9,India,3315,blouses,P260,beige,3,en face,13.43,1,1,0,0.0
2008,8,5,Sweden,4899,trousers,P217,gray,2,profile,88.06,1,5,0,0.0
2008,6,8,India,9341,trousers,P252,olive,1,profile,94.85,1,5,0,0.0
2008,7,22,France,4673,trousers,P023,violet,2,en face,32.83,1,2,0,0.0
2008,5,4,Germany,8619,sale,P116,black,4,en face,23.46,1,4,0,0.0
2008,5,10,UK,1218,trousers,P037,burgundy,1,profile,119.04,2,2,1,331.38
2008,7,19,Germany,4398,sale,P255,white,3,profile,106.49,2,1,0,0.0
2008,4,9,India,6081,blouses,P087,gray,3,profile,28.7,1,4,0,0.0
2008,7,27,France,2615,sale,P015,green,5,profile,172.09,2,4,0,0.0
2008,4,21,France,2621,blouses,P046,gray,3,profile,15.31,1,3,0,0.0
2008,8,18,UK,8715,blouses,P028,beige,1,profile,13.94,1,3,0,0.0
2008,5,1,UK,7283,skirts,P003,gray,5,en face,143.07,2,4,0,0.0
2008,8,22,Australia,3380,trousers,P016,violet,1,en face,46.35,1,3,0,0.0
2008,6,20,UK,7302,trousers,P034,pink,6,profile,156.21,2,1,0,0.0
2008,6,20,Germany,9858,sale,P112,navy blue,3,profile,67.15,1,5,0,0.0
2008,4,26,Sweden,5606,skirts,P237,black,6,profile,184.14,2,2,0,0.0
2008,7,13,USA,9814,blouses,P294,blue,5,profile,163.47,2,5,0,0.0
2008,6,27,Germany,5787,trousers,P129,navy blue,4,en face,162.94,2,2,0,0.0
2008,4,14,India,8519,blouses,P055,burgundy,2,en face,141.61,2,1,0,0.0
2008,8,25,Australia,6851,trousers,P048,white,3,en face,155.45,2,3,0,0.0
2008,6,27,India,1517,sale,P087,burgundy,5,en face,190.24,2,2,0,0.0
2008,6,7,India,5099,skirts,P208,beige,4,en face,174.47,2,5,1,503.89
2008,5,7,Sweden,7637,trousers,P206,violet,1,profile,127.12,2,3,0,0.0
2008,5,23,India,9086,blouses,P223,burgundy,3,en face,63.35,1,5,0,0.0
2008,5,13,UK,8024,trousers,P013,burgundy,1,en face,68.73,1,2,0,0.0
2008,5,27,India,2393,sale,P283,green,3,en face,196.65,2,2,0,0.0
2008,7,19,India,587,sale,P049,white,1,profile,43.96,1,4,0,0.0
2008,4,6,India,3520,skirts,P028,white,2,profile,146.26,2,4,0,0.0
2008,4,2,India,7654,blouses,P274,black,6,profile,175.18,2,1,0,0.0
2008,6,15,Sweden,8947,blouses,P252,black,6,en face,143.89,2,2,0,0.0
2008,6,1,UK,851,skirts,P047,green,1,en face,158.29,2,3,0,0.0
2008,5,16,UK,336,trousers,P131,violet,3,profile,120.79,2,4,0,0.0
2008,7,20,Australia,6635,sale,P191,beige,1,en face,196.17,2,1,0,0.0
2008,7,26,USA,8973,skirts,P070,black,3,en face,101.67,1,4,0,0.0
2008,7,9,UK,7494,skirts,P170,navy blue,5,en face,53.92,1,5,0,0.0
2008,5,4,Italy,2869,blouses,P003,white,4,en face,190.12,2,5,1,243.57
2008,7,14,UK,4873,sale,P194,navy blue,1,en face,124.93,2,5,0,0.0
2008,6,23,UK,3551,sale,P183,red,2,profile,40.16,1,2,0,0.0
2008,8,12,India,3843,blouses,P212,brown,2,en face,56.87,1,2,0,0.0
2008,5,17,Italy,7263,trousers,P255,burgundy,4,en face,134.68,2,5,0,0.0
2008,6,15,Sweden,5825,blouses,P188,burgundy,5,en face,196.87,2,1,0,0.0
2008,4,25,USA,24,skirts,P282,beige,3,profile,63.73,1,1,0,0.0
2008,6,15,Germany,1454,trousers,P077,red,6,en face,61.1,1,1,0,0.0
2008,7,6,India,1685,skirts,P258,black,2,profile,40.72,1,1,0,0.0
2008,4,4,Italy,2311,skirts,P189,violet,6,en face,105.59,2,2,0,0.0
2008,6,1,Sweden,9064,trousers,P097,white,5,en face,144.27,2,4,0,0.0
2008,6,22,France,9407,blouses,P030,red,5,en face,34.69,1,3,0,0.0
2008,8,24,India,382,skirts,P214,navy blue,5,en face,124.18,2,5,0,0.0
2008,8,4,USA,5815,blouses,P020,beige,6,en face,68.52,1,4,0,0.0
2008,8,1,Sweden,5551,sale,P150,blue,2,profile,43.86,1,1,0,0.0
2008,7,26,UK,9309,blouses,P181,violet,4,profile,52.98,1,3,0,0.0
2008,5,7,Germany,1619,skirts,P097,gray,2,en face,159.44,2,2,0,0.0
2008,4,6,France,790,trousers,P127,pink,2,en face,141.92,2,1,0,0.0
2008,7,15,France,5984,sale,P083,white,3,en face,42.58,1,2,0,0.0
2008,7,22,Sweden,8673,trousers,P246,burgundy,6,en face,157.91,2,3,0,0.0
2008,5,15,Germany,4476,sale,P018,pink,5,en face,73.82,1,3,0,0.0
2008,4,6,Germany,5607,sale,P126,gray,6,en face,116.66,2,4,0,0.0
2008,6,10,UK,9313,skirts,P280,gray,6,en face,66.07,1,2,0,0.0
2008,6,22,USA,5649,sale,P071,black,4,profile,167.76,2,3,0,0.0
2008,6,12,USA,6217,skirts,P168,pink,5,en face,66.19,1,2,0,0.0
2008,8,23,France,2287,sale,P261,olive,6,profile,72.59,1,3,0,0.0
2008,7,16,Germany,9994,trousers,P179,navy blue,6,profile,121.56,2,3,0,0.0
2008,4,24,France,7579,blouses,P082,burgundy,4,profile,122.47,2,4,0,0.0
2008,5,7,UK,1184,trousers,P269,violet,4,en face,171.42,2,4,0,0.0
2008,7,6,Germany,6002,trousers,P098,burgundy,2,profile,84.08,1,1,0,0.0
2008,8,1,Germany,5091,blouses,P028,navy blue,1,en face,136.35,2,2,1,154.05
2008,7,27,Italy,2517,sale,P155,black,6,profile,162.27,2,5,0,0.0
2008,6,28,India,4123,blouses,P293,black,2,en face,42.17,1,1,1,53.51
2008,5,14,UK,5522,trousers,P060,olive,5,en face,147.55,2,5,0,0.0
2008,4,18,Sweden,5628,trousers,P104,brown,3,en face,182.85,2,2,0,0.0
2008,8,19,USA,8361,skirts,P085,violet,6,en face,176.0,2,4,0,0.0
2008,4,7,India,5873,trousers,P237,red,4,profile,184.72,2,4,0,0.0
2008,6,12,Sweden,8613,skirts,P128,beige,3,profile,183.41,2,1,0,0.0
2008,6,1,Sweden,7728,sale,P282,brown,6,profile,167.66,2,5,1,491.82
2008,8,27,UK,5969,skirts,P284,pink,1,profile,16.11,1,3,0,0.0
2008,5,24,India,1181,trousers,P252,white,2,en face,75.11,1,3,0,0.0
2008,7,6,Italy,8763,trousers,P105,green,4,profile,144.61,2,1,0,0.0
2008,7,8,India,8236,trousers,P295,violet,5,en face,165.41,2,4,0,0.0
2008,5,12,Sweden,2819,skirts,P168,gray,4,en face,14.82,1,4,1,22.6
2008,6,6,UK,9965,sale,P215,beige,2,en face,43.87,1,2,0,0.0
2008,4,24,Italy,8704,trousers,P149,pink,1,en face,140.48,2,2,0,0.0
2008,5,3,Italy,6609,sale,P111,pink,4,profile,73.39,1,5,0,0.0
2008,8,22,Italy,2821,sale,P159,beige,3,en face,169.35,2,1,0,0.0
2008,8,16,Germany,7536,skirts,P222,red,4,en face,136.43,2,1,0,0.0
2008,5,25,Sweden,2261,trousers,P215,olive,5,profile,176.61,2,1,0,0.0
2008,6,18,France,2240,skirts,P148,navy blue,5,profile,127.21,2,2,0,0.0
2008,7,10,India,6022,blouses,P173,white,2,profile,88.74,1,2,0,0.0
2008,4,3,India,783,skirts,P236,pink,3,profile,35.72,1,5,0,0.0
2008,5,6,France,933,blouses,P210,violet,5,profile,126.4,2,1,0,0.0
2008,4,27,India,6203,trousers,P165,navy blue,2,profile,69.75,1,5,0,0.0
2008,6,11,Germany,2413,sale,P261,olive,3,profile,127.13,2,5,0,0.0
2008,5,27,France,6998,skirts,P211,violet,5,profile,134.3,2,5,0,0.0
2008,6,17,Germany,9116,trousers,P056,navy blue,2,profile,125.64,2,5,0,0.0
2008,4,1,Sweden,1157,blouses,P205,green,4,profile,13.41,1,3,0,0.0
2008,6,24,UK,8108,trousers,P103,brown,3,profile,72.3,1,5,0,0.0
2008,5,5,India,5806,skirts,P149,red,4,profile,123.48,2,4,0,0.0
2008,5,14,Australia,4880,skirts,P277,pink,6,profile,174.83,2,3,0,0.0
2008,7,12,India,3310,trousers,P164,navy blue,1,en face,81.42,1,2,0,0.0
2008,8,15,France,8962,skirts,P149,olive,6,en face,77.06,1,2,0,0.0
2008,7,23,USA,1703,blouses,P031,olive,5,profile,174.4,2,1,0,0.0
2008,6,13,Australia,2493,blouses,P101,violet,1,profile,88.36,1,5,0,0.0
2008,8,20,Australia,3707,sale,P237,burgundy,1,en face,96.57,1,3,0,0.0
2008,4,14,Sweden,8277,blouses,P045,burgundy,5,en face,82.63,1,5,0,0.0
2008,7,19,USA,287,skirts,P077,beige,5,en face,149.3,2,4,0,0.0
2008,4,12,Sweden,1609,trousers,P073,black,5,en face,186.48,2,5,0,0.0
2008,8,4,Australia,6632,blouses,P030,burgundy,4,profile,21.36,1,3,0,0.0
2008,4,28,USA,8279,skirts,P064,navy blue,2,profile,173.51,2,2,0,0.0
2008,5,19,France,7316,skirts,P206,burgundy,6,en face,121.18,2,4,0,0.0
2008,4,28,Australia,2253,sale,P007,green,6,profile,133.06,2,4,0,0.0
2008,4,21,India,7416,trousers,P202,gray,2,profile,83.85,1,1,1,164.95
2008,4,3,Italy,8366,blouses,P162,violet,4,profile,120.01,2,5,0,0.0
2008,6,11,Australia,1892,sale,P064,white,1,en face,164.23,2,2,1,468.0
2008,4,9,India,5063,skirts,P049,gray,6,en face,78.31,1,2,0,0.0
2008,4,27,Sweden,6121,trousers,P152,blue,5,en face,118.36,2,4,0,0.0
2008,7,12,Australia,564,skirts,P070,green,2,profile,194.19,2,5,0,0.0
2008,4,6,Italy,292,skirts,P245,blue,6,en face,18.64,1,2,0,0.0
2008,7,16,Sweden,4717,skirts,P298,white,3,en face,154.17,2,3,0,0.0
2008,7,20,France,7709,skirts,P159,olive,4,en face,186.07,2,4,0,0.0
2008,6,21,UK,6350,skirts,P199,burgundy,2,en face,93.54,1,4,0,0.0
2008,7,21,UK,170,skirts,P233,beige,5,en face,150.61,2,4,0,0.0
2008,4,19,France,268,skirts,P103,gray,5,profile,153.34,2,5,0,0.0
2008,8,3,France,4639,trousers,P021,violet,6,profile,14.31,1,2,0,0.0
2008,8,22,France,7078,blouses,P130,green,4,en face,114.73,2,2,0,0.0
2008,7,8,Sweden,3356,skirts,P237,black,3,en face,94.4,1,2,0,0.0
2008,7,12,USA,8280,sale,P135,violet,6,profile,148.07,2,3,0,0.0
2008,5,27,Italy,316,sale,P194,green,2,en face,68.26,1,3,0,0.0
2008,4,12,France,6729,trousers,P096,black,3,en face,15.93,1,5,0,0.0
2008,5,17,Sweden,9496,skirts,P215,burgundy,2,profile,63.66,1,1,0,0.0
2008,8,26,Italy,4068,skirts,P283,violet,2,profile,64.34,1,1,0,0.0
2008,6,25,Sweden,246,skirts,P271,navy blue,5,en face,39.44,1,2,0,0.0
2008,7,14,India,253,blouses,P076,blue,6,profile,86.38,1,5,0,0.0
2008,7,27,UK,1112,skirts,P075,gray,6,profile,146.21,2,3,0,0.0
2008,8,7,USA,4802,sale,P274,gray,5,en face,183.59,2,2,0,0.0
2008,5,1,Italy,1714,sale,P220,beige,1,profile,102.71,1,3,0,0.0
2008,7,2,France,51,trousers,P189,black,5,en face,111.84,2,2,0,0.0
2008,5,19,USA,1836,skirts,P135,blue,5,profile,152.59,2,5,1,198.67
2008,8,22,Germany,7897,skirts,P140,olive,4,en face,61.53,1,5,0,0.0
2008,8,19,Italy,3384,trousers,P078,white,4,en face,193.45,2,2,0,0.0
2008,4,9,Germany,6411,sale,P276,gray,1,en face,133.69,2,3,0,0.0
2008,6,23,USA,4314,blouses,P140,white,5,en face,10.13,1,1,0,0.0
2008,4,18,India,873,blouses,P123,burgundy,4,en face,30.96,1,3,0,0.0
2008,6,18,UK,1255,skirts,P080,navy blue,5,en face,59.27,1,3,0,0.0
2008,8,26,UK,8882,blouses,P048,burgundy,3,profile,143.11,2,3,0,0.0
2008,8,7,Sweden,5852,blouses,P073,white,6,profile,93.26,1,3,0,0.0
2008,7,21,Sweden,5703,sale,P128,olive,6,profile,18.27,1,4,0,0.0
2008,5,8,USA,8104,skirts,P258,beige,1,profile,41.18,1,2,0,0.0
2008,4,8,France,2099,blouses,P245,green,4,profile,34.21,1,1,1,35.73
2008,5,28,USA,5129,trousers,P292,olive,6,en face,108.59,2,4,0,0.0
2008,7,2,Sweden,249,sale,P211,violet,5,en face,75.81,1,5,0,0.0
2008,6,7,Sweden,6562,trousers,P153,violet,3,profile,107.12,2,5,0,0.0
2008,8,13,UK,1340,sale,P145,navy blue,3,en face,38.54,1,3,1,79.89
2008,8,20,USA,7018,skirts,P086,blue,4,profile,182.48,2,4,1,206.65
2008,5,5,Italy,2111,blouses,P019,black,1,en face,70.46,1,5,0,0.0
2008,6,14,USA,1570,sale,P241,pink,2,en face,197.24,2,5,1,270.1
2008,6,18,Australia,1727,sale,P102,burgundy,5,en face,13.11,1,5,1,37.85
2008,5,4,UK,8385,trousers,P022,olive,3,en face,149.05,2,2,0,0.0
2008,7,21,Australia,6941,trousers,P206,navy blue,3,en face,137.7,2,1,1,261.8
2008,8,12,India,4396,sale,P133,brown,3,profile,163.47,2,3,0,0.0
2008,7,19,India,2421,trousers,P280,red,3,profile,196.28,2,2,0,0.0
2008,7,19,India,3046,sale,P155,violet,2,en face,166.13,2,2,1,281.53
2008,8,9,France,5504,trousers,P278,red,6,en face,162.67,2,4,0,0.0
2008,6,22,UK,3704,skirts,P165,navy blue,1,en face,192.83,2,3,1,369.4
2008,8,5,France,8192,blouses,P206,olive,4,profile,64.65,1,4,0,0.0
2008,8,9,Australia,5332,sale,P266,green,4,en face,190.37,2,4,0,0.0
2008,4,9,France,9809,skirts,P003,violet,1,en face,60.36,1,3,0,0.0
2008,4,3,Italy,448,skirts,P019,pink,1,en face,98.02,1,4,0,0.0
2008,7,27,France,7895,sale,P171,white,4,profile,60.02,1,4,0,0.0
2008,8,15,Sweden,8729,trousers,P066,beige,5,en face,148.03,2,4,0,0.0
2008,8,6,Australia,7829,skirts,P273,red,3,profile,68.79,1,4,0,0.0
2008,4,24,France,1769,blouses,P091,green,2,en face,18.85,1,1,0,0.0
2008,5,7,Germany,6809,blouses,P285,green,5,en face,152.27,2,5,0,0.0
2008,5,26,Australia,4705,trousers,P126,navy blue,6,profile,13.46,1,1,1,27.25
2008,5,3,India,3870,trousers,P081,violet,3,profile,120.66,2,1,0,0.0
2008,5,25,France,1656,sale,P241,navy blue,6,en face,91.86,1,1,0,0.0
2008,8,18,USA,3188,trousers,P207,brown,3,profile,179.42,2,3,0,0.0
2008,5,6,Italy,684,blouses,P042,red,3,en face,72.81,1,4,0,0.0
2008,4,7,UK,4171,trousers,P247,pink,6,profile,36.85,1,4,0,0.0
2008,5,2,USA,4478,blouses,P160,gray,2,profile,179.49,2,2,0,0.0
2008,5,25,India,462,skirts,P209,brown,4,en face,28.19,1,1,0,0.0
2008,6,13,Australia,5765,sale,P070,burgundy,4,profile,58.15,1,5,0,0.0
2008,4,1,Germany,7523,trousers,P037,pink,4,profile,148.42,2,2,0,0.0
2008,4,25,India,4503,sale,P087,gray,3,profile,80.57,1,5,0,0.0
2008,5,21,France,9710,sale,P131,gray,1,profile,28.34,1,4,0,0.0
2008,5,27,India,319,sale,P026,gray,2,en face,88.81,1,3,0,0.0
2008,7,2,India,1146,blouses,P090,navy blue,1,en face,83.09,1,5,0,0.0
2008,7,5,India,5095,sale,P102,gray,6,profile,159.78,2,3,1,413.13
2008,6,21,Germany,1394,trousers,P094,navy blue,3,en face,188.29,2,5,0,0.0
2008,4,7,France,6624,skirts,P126,olive,2,profile,181.25,2,5,0,0.0
2008,5,8,France,1502,skirts,P159,brown,1,profile,26.92,1,5,0,0.0
2008,5,4,Germany,6409,skirts,P171,white,3,en face,132.38,2,5,0,0.0
2008,7,21,Sweden,377,sale,P064,burgundy,2,profile,152.61,2,5,0,0.0
2008,5,10,USA,411,sale,P092,gray,3,en face,81.0,1,5,1,89.08
2008,5,12,Italy,1661,sale,P067,burgundy,6,en face,97.33,1,5,1,254.1
2008,6,10,Australia,3152,sale,P280,black,3,profile,87.35,1,1,0,0.0
2008,4,14,UK,1624,blouses,P284,olive,1,en face,69.92,1,1,0,0.0
2008,6,17,Italy,5610,trousers,P246,pink,5,profile,69.64,1,4,0,0.0
2008,8,23,Sweden,8533,skirts,P054,green,2,profile,51.68,1,2,0,0.0
2008,4,27,Germany,5803,sale,P100,olive,4,profile,126.0,2,3,0,0.0
2008,6,6,France,5307,sale,P145,olive,3,profile,55.25,1,5,0,0.0
2008,4,25,Sweden,7087,skirts,P280,brown,4,profile,34.48,1,5,0,0.0
2008,5,5,Germany,8898,trousers,P039,beige,6,profile,175.04,2,5,0,0.0
2008,4,28,France,7489,blouses,P124,brown,1,en face,163.91,2,2,0,0.0
2008,4,8,India,9616,skirts,P132,green,4,profile,126.33,2,4,0,0.0
2008,6,10,Sweden,9218,trousers,P255,brown,3,profile,86.51,1,4,0,0.0
2008,8,23,Italy,1673,trousers,P236,red,2,en face,144.56,2,1,0,0.0
2008,8,21,India,2359,skirts,P201,violet,3,profile,47.26,1,1,0,0.0
2008,8,19,Sweden,8468,blouses,P287,black,1,en face,42.79,1,5,0,0.0
2008,6,21,USA,275,sale,P021,green,3,profile,142.72,2,5,1,159.23
2008,6,27,Italy,2474,trousers,P187,gray,2,profile,186.94,2,2,0,0.0
2008,8,20,France,5490,skirts,P227,blue,3,en face,177.66,2,5,0,0.0
2008,7,21,Germany,4772,blouses,P259,beige,2,en face,10.25,1,4,0,0.0
2008,7,28,France,2108,sale,P029,navy blue,3,profile,75.82,1,1,0,0.0
2008,7,25,USA,7501,skirts,P073,blue,6,profile,35.25,1,5,0,0.0
2008,5,5,Australia,4415,blouses,P095,pink,3,profile,163.97,2,5,0,0.0
2008,8,17,Sweden,8139,blouses,P282,gray,4,en face,90.42,1,5,0,0.0
2008,5,10,Germany,8661,trousers,P213,pink,4,en face,155.5,2,2,0,0.0
2008,4,6,India,8240,sale,P211,brown,3,en face,191.83,2,5,0,0.0
2008,7,21,India,2418,blouses,P021,beige,3,profile,79.94,1,4,0,0.0
2008,8,20,UK,8772,blouses,P087,violet,5,en face,32.36,1,5,0,0.0
2008,7,28,USA,2237,trousers,P226,pink,3,en face,170.46,2,1,0,0.0
2008,6,23,India,3768,skirts,P285,green,1,profile,142.53,2,2,0,0.0
2008,8,20,India,9792,skirts,P297,navy blue,2,en face,96.81,1,4,0,0.0
2008,5,4,UK,9990,trousers,P173,white,6,profile,142.44,2,3,0,0.0
2008,4,16,UK,9966,trousers,P019,olive,3,profile,147.26,2,2,0,0.0
2008,5,10,USA,7324,sale,P142,white,1,en face,58.61,1,3,0,0.0
2008,6,10,Germany,1384,blouses,P211,burgundy,3,profile,182.47,2,2,0,0.0
2008,5,28,India,3102,blouses,P277,blue,5,profile,85.65,1,3,0,0.0
2008,8,19,Germany,3922,sale,P200,black,1,profile,13.6,1,2,0,0.0
2008,8,16,UK,6686,trousers,P106,brown,2,en face,169.13,2,5,0,0.0
2008,5,27,Germany,3195,blouses,P273,pink,6,profile,67.54,1,1,0,0.0
2008,4,6,Italy,1942,blouses,P088,brown,5,profile,91.12,1,4,0,0.0
2008,5,9,India,7714,sale,P143,red,4,profile,195.75,2,2,1,361.69
2008,5,9,UK,4897,blouses,P043,gray,1,en face,195.36,2,3,0,0.0
2008,7,22,India,4783,blouses,P276,blue,6,en face,71.11,1,3,1,171.91
2008,8,24,Italy,1497,sale,P159,violet,5,profile,58.88,1,2,0,0.0
2008,4,24,France,1958,skirts,P115,olive,1,en face,76.06,1,4,0,0.0
2008,5,2,UK,9172,sale,P145,white,6,en face,112.85,2,1,0,0.0
2008,7,4,Italy,9746,sale,P035,olive,1,en face,128.98,2,2,0,0.0
2008,4,10,Italy,7333,trousers,P024,brown,4,en face,147.03,2,4,0,0.0
2008,4,24,USA,7950,blouses,P092,beige,5,profile,143.97,2,1,0,0.0
2008,7,17,Sweden,3018,skirts,P207,burgundy,1,en face,59.94,1,2,0,0.0
2008,4,4,Australia,6747,skirts,P213,olive,3,profile,140.27,2,2,1,378.99
2008,7,12,France,514,skirts,P087,burgundy,1,en face,131.47,2,4,0,0.0
2008,5,20,Italy,3935,trousers,P080,navy blue,4,en face,190.93,2,3,1,442.68
2008,4,26,USA,3026,blouses,P155,pink,2,en face,159.62,2,2,0,0.0
2008,5,4,Italy,1200,trousers,P273,olive,2,profile,29.59,1,4,0,0.0
2008,8,6,Sweden,5029,sale,P180,gray,6,profile,124.93,2,4,0,0.0
2008,7,16,Germany,9785,blouses,P240,blue,2,profile,105.3,2,4,0,0.0
2008,8,9,Sweden,922,trousers,P293,olive,3,en face,64.58,1,4,0,0.0
2008,5,9,Sweden,4650,sale,P169,green,3,en face,89.2,1,4,0,0.0
2008,6,21,Australia,5333,trousers,P038,gray,3,profile,138.92,2,2,0,0.0
2008,8,9,Sweden,1077,blouses,P077,blue,3,en face,180.45,2,1,0,0.0
2008,6,16,India,6769,sale,P226,red,3,en face,145.49,2,5,0,0.0
2008,5,7,India,9411,blouses,P019,black,2,profile,92.21,1,4,0,0.0
2008,7,26,UK,1672,skirts,P200,beige,3,en face,183.56,2,5,0,0.0
2008,6,2,Sweden,475,blouses,P221,brown,6,en face,10.98,1,3,0,0.0
2008,4,19,USA,9187,skirts,P118,white,1,en face,185.36,2,5,0,0.0
2008,4,20,Sweden,8840,sale,P106,beige,4,en face,165.95,2,5,0,0.0
2008,5,10,Sweden,5759,blouses,P269,green,4,profile,51.23,1,2,1,76.19
2008,5,25,UK,6298,sale,P087,black,2,en face,71.39,1,3,0,0.0
2008,8,19,France,2479,blouses,P053,violet,1,profile,178.47,2,3,1,522.66
2008,7,9,India,5494,trousers,P051,violet,2,en face,82.72,1,1,0,0.0
2008,7,17,Germany,3915,blouses,P186,burgundy,5,en face,29.31,1,5,0,0.0
2008,8,25,Italy,2139,trousers,P081,blue,6,en face,34.74,1,5,0,0.0
2008,4,4,Germany,5455,skirts,P206,white,3,en face,139.03,2,2,0,0.0
2008,8,20,Italy,5380,skirts,P294,red,5,profile,12.49,1,1,0,0.0
2008,8,23,France,8986,skirts,P292,navy blue,1,profile,89.36,1,4,1,100.73
2008,6,19,India,4024,blouses,P266,green,1,profile,63.45,1,2,0,0.0
2008,6,24,UK,3486,skirts,P082,black,4,profile,128.57,2,1,0,0.0
2008,8,21,Italy,2456,blouses,P181,gray,1,profile,144.2,2,4,0,0.0
2008,6,13,Germany,2465,trousers,P085,brown,6,en face,119.88,2,1,0,0.0
2008,7,21,Australia,8697,trousers,P258,blue,6,profile,144.7,2,1,0,0.0
2008,6,5,USA,1370,sale,P068,black,1,profile,170.49,2,4,0,0.0
2008,4,18,Sweden,6689,blouses,P144,olive,1,en face,169.54,2,3,0,0.0
2008,5,13,India,7457,blouses,P090,navy blue,3,en face,107.13,2,5,0,0.0
2008,7,16,India,9975,trousers,P051,beige,3,en face,186.01,2,2,0,0.0
2008,8,6,UK,1902,skirts,P212,black,1,en face,88.96,1,3,0,0.0
2008,5,14,Australia,4872,blouses,P209,green,6,profile,32.63,1,2,0,0.0
2008,8,18,India,4711,skirts,P027,gray,3,profile,148.9,2,2,0,0.0
2008,7,1,UK,7887,sale,P177,beige,5,profile,158.11,2,1,0,0.0
2008,6,13,Italy,1794,sale,P186,pink,3,profile,72.89,1,4,0,0.0
2008,5,9,Italy,2875,trousers,P071,beige,5,en face,119.92,2,2,0,0.0
2008,5,19,Germany,6218,trousers,P203,black,3,en face,56.79,1,5,0,0.0
2008,4,28,France,5214,sale,P264,black,1,profile,94.94,1,2,0,0.0
2008,8,25,USA,2246,skirts,P006,violet,4,profile,11.96,1,2,0,0.0
2008,4,9,Australia,1742,skirts,P058,brown,3,en face,51.83,1,2,0,0.0
2008,4,10,Sweden,1021,skirts,P075,gray,3,en face,134.31,2,2,0,0.0
2008,7,10,Sweden,706,skirts,P103,brown,4,profile,162.69,2,1,0,0.0
2008,8,19,Germany,4295,skirts,P037,pink,5,profile,67.21,1,5,1,176.55
2008,5,28,Australia,5577,trousers,P042,violet,6,profile,13.14,1,2,0,0.0
2008,7,17,USA,7167,skirts,P109,beige,5,profile,187.24,2,2,0,0.0
2008,8,1,UK,8178,blouses,P172,pink,3,profile,174.17,2,4,0,0.0
2008,4,17,Australia,909,trousers,P170,navy blue,5,profile,139.04,2,5,0,0.0
2008,4,9,India,5194,skirts,P005,white,3,profile,119.29,2,4,0,0.0
2008,4,8,Australia,3078,blouses,P068,red,4,profile,157.15,2,4,0,0.0
2008,5,4,India,9367,blouses,P126,blue,3,profile,73.96,1,5,1,104.54
2008,7,26,USA,595,blouses,P043,brown,2,en face,111.58,2,2,0,0.0
2008,5,26,Australia,5305,blouses,P268,green,2,en face,133.34,2,5,0,0.0
2008,4,2,UK,441,skirts,P029,black,5,profile,133.73,2,3,0,0.0
2008,4,24,Italy,7607,sale,P167,pink,1,en face,76.33,1,1,0,0.0
2008,4,15,Germany,4093,blouses,P209,beige,2,en face,87.34,1,2,0,0.0
2008,6,24,Australia,6135,skirts,P174,gray,3,profile,197.44,2,3,0,0.0
2008,7,26,Sweden,11,trousers,P226,gray,4,profile,168.72,2,3,0,0.0
2008,6,15,Australia,3777,skirts,P082,green,4,profile,23.58,1,2,0,0.0
2008,8,8,France,9000,skirts,P148,olive,5,profile,27.64,1,3,1,68.35
2008,5,3,Italy,3709,skirts,P076,gray,5,profile,183.49,2,5,0,0.0
2008,8,3,Germany,3781,skirts,P105,red,5,en face,78.82,1,3,0,0.0
2008,6,12,Sweden,94,blouses,P196,navy blue,4,profile,75.96,1,3,0,0.0
2008,4,9,Australia,9240,blouses,P288,black,3,en face,51.83,1,5,0,0.0
2008,5,3,UK,3950,trousers,P261,white,1,profile,98.36,1,1,0,0.0
2008,4,21,Sweden,5786,skirts,P161,pink,2,profile,59.72,1,1,1,59.84
2008,8,14,Germany,4871,blouses,P112,black,4,profile,59.56,1,3,0,0.0
2008,4,8,USA,4803,sale,P231,green,4,profile,160.95,2,4,0,0.0
2008,6,25,India,4868,blouses,P169,black,4,profile,101.15,1,1,0,0.0
2008,4,5,Germany,293,skirts,P188,beige,3,profile,52.77,1,2,0,0.0
2008,7,18,India,7889,trousers,P041,black,6,en face,146.72,2,1,0,0.0
2008,7,19,Germany,7406,skirts,P052,beige,2,profile,68.75,1,1,0,0.0
2008,7,6,Germany,5596,trousers,P270,red,5,profile,39.98,1,4,0,0.0
2008,8,13,Germany,2887,skirts,P207,olive,4,en face,194.21,2,5,0,0.0
2008,7,1,UK,6455,blouses,P125,green,1,profile,39.53,1,4,1,76.75
2008,4,16,USA,2543,skirts,P025,burgundy,3,profile,52.88,1,5,0,0.0
2008,6,11,USA,1766,skirts,P059,navy blue,2,en face,103.33,1,4,0,0.0
2008,5,26,India,6801,blouses,P007,violet,2,profile,197.86,2,5,0,0.0
2008,7,12,India,1878,blouses,P118,green,4,en face,13.32,1,2,0,0.0
2008,7,10,Italy,1982,skirts,P216,gray,4,profile,20.24,1,5,0,0.0
2008,6,18,France,9730,sale,P188,beige,4,en face,128.08,2,1,1,262.1
2008,8,3,USA,9609,sale,P046,navy blue,4,en face,31.65,1,3,0,0.0
2008,6,7,Sweden,2686,trousers,P180,blue,3,en face,113.0,2,3,1,286.7
2008,7,7,USA,8931,sale,P093,red,6,en face,151.73,2,1,0,0.0
2008,5,1,Italy,3459,skirts,P245,green,1,en face,147.85,2,3,0,0.0
2008,8,18,USA,4542,blouses,P064,black,5,en face,117.66,2,5,0,0.0
2008,4,13,Australia,2179,trousers,P230,gray,2,profile,49.3,1,1,0,0.0
2008,7,19,Germany,4451,trousers,P180,white,2,profile,196.84,2,5,1,253.8
2008,5,16,Australia,3860,blouses,P006,gray,2,profile,39.98,1,2,0,0.0
2008,6,6,Germany,7624,blouses,P189,gray,4,profile,36.93,1,5,0,0.0
2008,5,22,Italy,7655,blouses,P273,pink,1,profile,19.58,1,5,0,0.0
2008,6,28,Germany,4520,skirts,P132,blue,1,profile,97.12,1,4,0,0.0
2008,7,3,Australia,2518,sale,P022,brown,3,en face,94.23,1,1,0,0.0
2008,6,28,India,4837,blouses,P006,burgundy,3,en face,108.43,2,4,0,0.0
2008,8,17,USA,2886,sale,P093,beige,5,profile,73.83,1,2,0,0.0
2008,4,10,USA,7282,blouses,P043,gray,1,en face,189.29,2,5,0,0.0
2008,8,4,UK,6256,blouses,P061,white,3,profile,106.21,2,2,0,0.0
2008,7,8,UK,4540,skirts,P296,red,3,profile,115.52,2,1,0,0.0
2008,7,16,Australia,5640,sale,P200,brown,4,en face,11.46,1,3,1,33.99
2008,5,11,France,9460,blouses,P037,red,5,profile,143.63,2,4,0,0.0
2008,8,24,Australia,3482,blouses,P285,olive,6,profile,116.84,2,4,0,0.0
2008,8,3,Germany,1278,skirts,P259,burgundy,6,profile,191.95,2,4,0,0.0
2008,7,3,USA,3147,skirts,P045,black,3,profile,130.7,2,1,0,0.0
2008,5,3,Australia,8263,sale,P195,navy blue,6,en face,103.33,1,4,0,0.0
2008,4,18,India,3206,sale,P155,navy blue,5,profile,162.6,2,2,0,0.0
2008,5,6,Sweden,9893,trousers,P295,navy blue,1,en face,82.68,1,3,0,0.0
2008,5,5,UK,2743,trousers,P229,navy blue,5,en face,168.42,2,5,0,0.0
2008,6,13,Australia,6077,skirts,P186,violet,6,en face,111.47,2,2,0,0.0
2008,7,22,France,4048,blouses,P290,beige,5,profile,56.94,1,5,0,0.0
2008,6,21,Australia,5732,skirts,P041,pink,3,profile,116.24,2,3,0,0.0
2008,5,2,Sweden,2946,trousers,P221,burgundy,6,en face,147.43,2,1,0,0.0
2008,6,17,India,5791,blouses,P085,beige,1,en face,71.14,1,2,0,0.0
2008,7,7,Australia,6795,trousers,P062,beige,4,profile,86.18,1,4,0,0.0
2008,5,6,Sweden,6544,blouses,P029,green,5,en face,190.9,2,1,0,0.0
2008,6,15,India,701,skirts,P039,blue,2,en face,126.25,2,4,0,0.0
2008,6,6,USA,3575,sale,P126,navy blue,2,en face,140.46,2,5,0,0.0
2008,6,23,France,7700,skirts,P296,beige,5,en face,180.4,2,5,1,181.66
2008,4,3,UK,2516,sale,P150,pink,6,en face,160.51,2,1,0,0.0
2008,6,19,France,3001,blouses,P251,violet,2,profile,29.5,1,1,0,0.0
2008,8,5,Australia,5821,skirts,P103,red,3,profile,159.03,2,4,0,0.0
2008,5,23,UK,8582,trousers,P050,violet,1,profile,53.32,1,1,0,0.0
2008,8,13,USA,3685,sale,P284,brown,1,en face,70.77,1,1,0,0.0
2008,7,22,France,2996,sale,P286,black,3,en face,77.15,1,1,0,0.0
2008,4,9,USA,4253,skirts,P158,blue,1,en face,77.28,1,3,0,0.0
2008,5,15,France,3412,skirts,P107,white,1,en face,48.78,1,1,1,77.87
2008,8,11,France,7963,trousers,P242,brown,2,profile,88.57,1,2,0,0.0
2008,4,5,Australia,6310,skirts,P194,burgundy,5,en face,18.36,1,5,0,0.0
2008,8,20,UK,8612,trousers,P294,olive,4,en face,33.36,1,5,0,0.0
2008,5,17,USA,5013,skirts,P049,beige,1,en face,161.23,2,2,0,0.0
2008,7,7,India,7751,trousers,P106,white,2,profile,46.66,1,1,0,0.0
2008,4,23,Sweden,5980,sale,P078,navy blue,4,en face,37.39,1,4,0,0.0
2008,7,14,Germany,4049,trousers,P189,pink,4,en face,54.27,1,4,1,134.72
2008,5,2,Germany,4900,sale,P156,white,5,profile,95.83,1,5,0,0.0
2008,6,16,Australia,1319,skirts,P233,brown,4,en face,70.28,1,4,0,0.0
2008,8,17,Italy,9773,sale,P086,beige,1,en face,92.59,1,5,1,251.85
2008,7,23,Italy,9138,skirts,P273,burgundy,3,profile,60.46,1,2,0,0.0
2008,5,1,Sweden,7143,skirts,P154,black,1,en face,18.6,1,1,0,0.0
2008,5,15,USA,1898,blouses,P033,gray,2,en face,47.3,1,3,0,0.0
2008,7,19,Italy,7466,blouses,P070,black,6,en face,45.47,1,4,0,0.0
2008,7,27,UK,604,skirts,P119,burgundy,6,en face,161.38,2,2,0,0.0
2008,8,24,USA,2847,sale,P242,navy blue,5,en face,194.01,2,4,0,0.0
2008,5,21,Italy,8208,sale,P235,gray,4,en face,163.6,2,3,0,0.0
2008,4,26,UK,394,blouses,P021,violet,4,profile,77.87,1,2,0,0.0
2008,4,19,India,4437,trousers,P211,gray,4,profile,144.37,2,4,0,0.0
2008,5,27,Australia,9448,sale,P291,pink,5,en face,163.63,2,1,0,0.0
2008,5,18,USA,7235,sale,P221,olive,4,en face,101.75,1,2,0,0.0
2008,5,17,India,5399,trousers,P058,pink,1,profile,105.7,1,4,0,0.0
2008,6,10,Australia,96,blouses,P082,burgundy,2,profile,53.88,1,4,0,0.0
2008,5,25,Germany,1663,sale,P173,black,2,en face,24.61,1,5,0,0.0
2008,6,26,Italy,8971,blouses,P059,navy blue,4,profile,50.98,1,5,0,0.0
2008,6,18,Germany,5131,skirts,P172,black,1,profile,22.5,1,1,0,0.0
2008,8,20,USA,1489,trousers,P118,blue,6,profile,46.7,1,5,0,0.0
2008,7,6,India,8317,sale,P053,beige,6,profile,12.29,1,5,0,0.0
2008,6,18,Italy,2708,blouses,P283,white,1,profile,182.73,2,4,0,0.0
2008,8,17,Sweden,1596,skirts,P135,navy blue,5,en face,77.16,1,3,0,0.0
2008,8,12,USA,9278,sale,P037,white,3,profile,184.53,2,5,0,0.0
2008,4,17,India,2378,skirts,P183,pink,2,profile,144.76,2,1,0,0.0
2008,4,16,India,5141,blouses,P231,gray,2,profile,183.89,2,5,0,0.0
2008,5,20,UK,6148,blouses,P054,beige,3,profile,60.56,1,1,0,0.0
2008,7,17,Germany,8242,skirts,P005,red,3,profile,94.93,1,1,0,0.0
2008,6,11,UK,3949,sale,P206,violet,4,profile,32.49,1,5,0,0.0
2008,4,8,Australia,3934,sale,P034,brown,3,en face,114.06,2,3,0,0.0
2008,5,28,Italy,4798,trousers,P033,blue,1,profile,50.35,1,5,0,0.0
2008,4,26,India,4373,sale,P173,violet,6,en face,190.46,2,1,0,0.0
2008,5,20,Sweden,9863,skirts,P188,burgundy,5,profile,129.19,2,5,0,0.0
2008,4,10,USA,8243,sale,P269,gray,5,profile,150.79,2,2,0,0.0
2008,6,8,Germany,3449,skirts,P132,violet,1,en face,164.67,2,3,0,0.0
2008,5,8,Germany,2944,skirts,P049,green,6,profile,197.7,2,5,1,560.92
2008,6,12,Australia,2466,sale,P216,green,2,profile,151.62,2,4,0,0.0
2008,8,18,Italy,8583,trousers,P100,green,1,profile,78.16,1,5,0,0.0
2008,5,22,France,5507,trousers,P031,green,1,en face,138.33,2,2,0,0.0
2008,7,14,Germany,2699,blouses,P228,violet,2,en face,120.33,2,4,0,0.0
2008,4,24,USA,2448,skirts,P054,green,6,profile,173.34,2,5,0,0.0
2008,7,26,India,20,sale,P132,navy blue,5,profile,128.21,2,3,0,0.0
2008,4,20,Italy,2749,sale,P138,black,3,en face,70.25,1,1,0,0.0
2008,4,28,Australia,5400,skirts,P125,gray,3,en face,116.14,2,4,1,247.47
2008,8,25,India,8079,sale,P124,red,3,en face,31.87,1,5,0,0.0
2008,6,25,Germany,6872,blouses,P255,red,1,profile,64.95,1,4,0,0.0
2008,7,22,France,4709,trousers,P285,green,2,profile,165.65,2,2,0,0.0
2008,8,16,Australia,9477,skirts,P077,black,3,profile,27.97,1,1,0,0.0
2008,8,14,Germany,810,trousers,P109,red,2,profile,42.81,1,5,0,0.0
2008,6,6,Australia,7478,blouses,P157,brown,6,en face,143.97,2,5,0,0.0
2008,7,19,USA,2274,trousers,P297,white,3,en face,83.95,1,1,0,0.0
2008,6,2,Germany,1924,blouses,P246,navy blue,1,profile,82.12,1,4,1,242.81
2008,5,14,France,1471,blouses,P162,black,4,profile,37.25,1,4,0,0.0
2008,5,3,France,7935,blouses,P166,blue,6,en face,173.97,2,4,0,0.0
2008,4,23,France,7408,sale,P281,navy blue,5,profile,82.75,1,5,0,0.0
2008,4,25,UK,2407,skirts,P016,burgundy,6,profile,66.68,1,5,0,0.0
2008,4,18,USA,1143,skirts,P025,navy blue,1,en face,83.99,1,1,0,0.0
2008,6,23,India,1748,skirts,P081,gray,5,en face,98.15,1,4,0,0.0
2008,5,20,Australia,5710,sale,P003,green,3,profile,183.72,2,1,0,0.0
2008,7,15,USA,4976,trousers,P102,beige,6,profile,198.94,2,1,0,0.0
2008,7,27,UK,7301,sale,P168,olive,6,profile,73.72,1,3,0,0.0
2008,4,24,Australia,8149,trousers,P238,brown,5,en face,20.17,1,2,0,0.0
2008,6,9,India,2834,trousers,P198,blue,2,en face,73.41,1,3,0,0.0
2008,4,16,Italy,3132,skirts,P213,brown,4,profile,177.06,2,2,0,0.0
2008,4,10,UK,1311,sale,P089,blue,1,profile,121.96,2,1,0,0.0
2008,4,3,Germany,8651,blouses,P209,olive,6,profile,76.8,1,5,0,0.0
2008,7,8,UK,6775,trousers,P257,white,2,en face,49.1,1,5,0,0.0
2008,5,19,USA,6757,skirts,P098,gray,6,profile,114.36,2,2,0,0.0
2008,8,12,USA,621,blouses,P225,navy blue,4,profile,183.52,2,3,0,0.0
2008,7,5,Australia,2702,blouses,P018,violet,4,en face,15.69,1,4,0,0.0
2008,8,22,Australia,2200,trousers,P258,olive,4,profile,88.16,1,2,0,0.0
2008,4,11,Italy,6197,blouses,P080,violet,4,profile,79.66,1,1,0,0.0
2008,7,1,Germany,8825,blouses,P077,blue,1,en face,91.07,1,4,0,0.0
2008,7,28,Sweden,1047,skirts,P151,red,6,profile,176.04,2,3,0,0.0
2008,6,5,France,5769,blouses,P268,violet,2,en face,22.79,1,2,0,0.0
2008,6,9,Australia,9948,skirts,P142,violet,6,profile,196.32,2,1,0,0.0
2008,5,13,Sweden,9020,sale,P034,gray,3,en face,162.99,2,3,1,170.65
2008,8,8,India,744,blouses,P127,green,1,profile,141.54,2,2,0,0.0
2008,6,6,UK,223,sale,P188,navy blue,4,profile,10.14,1,4,0,0.0
2008,7,12,France,3150,sale,P247,navy blue,3,profile,54.93,1,3,0,0.0
2008,5,15,Germany,626,sale,P092,red,6,en face,142.32,2,5,0,0.0
2008,8,19,India,9335,sale,P099,navy blue,1,profile,151.07,2,3,0,0.0
2008,4,9,USA,7567,sale,P005,beige,1,en face,148.27,2,1,0,0.0
2008,8,23,India,4583,trousers,P093,navy blue,1,profile,32.31,1,3,0,0.0
2008,4,13,Italy,5712,blouses,P137,olive,6,profile,74.33,1,3,0,0.0
2008,4,24,India,3285,skirts,P277,olive,6,profile,137.87,2,1,0,0.0
2008,7,4,Italy,7586,blouses,P233,black,6,en face,163.78,2,3,0,0.0
2008,8,3,USA,9647,sale,P106,burgundy,4,profile,115.41,2,3,1,314.55
2008,8,2,Germany,1531,skirts,P038,navy blue,6,profile,185.88,2,4,0,0.0
2008,7,3,Sweden,9686,trousers,P060,red,2,en face,147.76,2,2,0,0.0
2008,7,28,Italy,354,skirts,P022,green,4,profile,30.0,1,1,0,0.0
2008,7,18,Australia,2475,sale,P124,burgundy,3,profile,186.11,2,2,0,0.0
2008,6,13,India,8014,trousers,P124,red,4,profile,15.68,1,5,0,0.0
2008,8,4,France,6476,trousers,P113,green,5,en face,193.5,2,4,0,0.0
2008,8,16,Sweden,6450,trousers,P030,olive,4,profile,161.26,2,3,0,0.0
2008,8,11,Italy,240,trousers,P082,black,3,en face,53.09,1,1,0,0.0
2008,5,26,UK,2626,trousers,P067,beige,1,profile,169.73,2,1,0,0.0
2008,7,19,India,9787,sale,P284,blue,6,en face,132.39,2,1,0,0.0
2008,4,19,UK,7199,blouses,P163,blue,6,profile,57.63,1,5,0,0.0
2008,8,27,Italy,7693,sale,P059,red,1,en face,34.13,1,1,0,0.0
2008,6,19,Australia,2998,skirts,P054,green,1,profile,48.06,1,4,0,0.0
2008,7,18,UK,6441,sale,P148,violet,4,profile,164.45,2,5,0,0.0
2008,8,9,USA,4563,blouses,P158,red,1,profile,118.73,2,4,1,179.26
2008,6,15,France,8615,skirts,P085,pink,4,en face,40.04,1,4,0,0.0
2008,7,16,Australia,1480,skirts,P293,violet,3,profile,22.34,1,4,0,0.0
2008,5,15,UK,1019,skirts,P035,brown,6,profile,100.21,1,1,0,0.0
2008,6,18,India,3095,blouses,P220,brown,6,profile,14.28,1,4,0,0.0
2008,7,13,USA,6183,trousers,P260,white,1,en face,54.03,1,5,1,150.92
2008,5,25,Italy,4961,blouses,P205,white,3,en face,17.07,1,4,1,17.53
2008,5,22,France,8493,trousers,P081,navy blue,4,profile,191.86,2,2,0,0.0
2008,6,26,Germany,1104,skirts,P049,beige,6,en face,21.59,1,4,1,60.17
2008,4,11,Germany,6082,skirts,P121,black,5,profile,155.29,2,5,0,0.0
2008,6,18,Italy,9526,blouses,P238,violet,1,en face,129.59,2,3,0,0.0
2008,8,19,Italy,5191,skirts,P048,white,5,profile,146.43,2,5,0,0.0
2008,7,13,Italy,4182,trousers,P025,black,1,profile,177.5,2,4,0,0.0
2008,5,19,USA,4468,blouses,P060,brown,5,profile,159.78,2,3,0,0.0
2008,8,21,USA,1627,trousers,P248,gray,1,profile,91.54,1,3,0,0.0
2008,8,20,Australia,6718,trousers,P146,beige,6,profile,150.88,2,5,0,0.0
2008,6,27,Australia,3799,skirts,P238,burgundy,6,en face,26.12,1,2,0,0.0
2008,8,15,India,3054,trousers,P029,olive,6,en face,129.87,2,2,0,0.0
2008,7,9,Germany,2868,blouses,P065,brown,6,en face,158.54,2,2,0,0.0
2008,7,19,UK,1433,trousers,P089,burgundy,4,en face,116.49,2,3,0,0.0
2008,4,7,India,7984,sale,P274,burgundy,6,profile,53.41,1,1,0,0.0
2008,7,9,Sweden,9347,blouses,P296,beige,2,en face,76.07,1,2,1,94.3
2008,5,24,USA,9420,blouses,P177,blue,2,en face,59.88,1,3,0,0.0
2008,4,5,Germany,4077,sale,P222,beige,4,en face,21.05,1,5,0,0.0
2008,7,22,India,218,skirts,P048,white,6,en face,32.34,1,4,0,0.0
2008,8,7,Australia,3556,blouses,P223,navy blue,3,en face,155.83,2,4,1,338.97
2008,4,23,Sweden,7937,blouses,P221,pink,5,profile,184.93,2,1,1,436.52
2008,5,7,USA,8422,sale,P090,gray,1,en face,63.82,1,1,0,0.0
2008,7,24,India,1035,sale,P206,white,5,profile,78.98,1,3,0,0.0
2008,6,22,Italy,3774,blouses,P148,navy blue,2,profile,114.74,2,4,0,0.0
2008,5,2,Sweden,4133,blouses,P230,navy blue,1,en face,173.1,2,5,1,471.98
2008,5,1,India,2336,blouses,P134,gray,1,profile,20.35,1,2,0,0.0
2008,5,10,France,6493,blouses,P119,gray,5,profile,163.87,2,2,0,0.0
2008,6,14,Australia,1483,sale,P288,burgundy,5,profile,83.95,1,1,0,0.0
2008,8,20,Germany,907,skirts,P270,gray,5,profile,138.48,2,1,0,0.0
2008,8,21,Australia,6089,trousers,P071,black,3,profile,112.87,2,2,0,0.0
2008,8,24,Germany,6467,trousers,P071,pink,1,en face,176.55,2,3,0,0.0
2008,6,21,USA,5677,blouses,P236,blue,3,profile,110.5,2,3,0,0.0
2008,6,5,India,2771,blouses,P243,white,6,profile,100.19,1,5,0,0.0
2008,5,17,Italy,1806,blouses,P238,red,2,en face,54.07,1,3,0,0.0
2008,7,18,Sweden,7375,sale,P187,violet,2,profile,122.93,2,2,0,0.0
2008,5,26,Sweden,2115,trousers,P159,olive,6,en face,84.86,1,2,0,0.0
2008,8,21,Germany,4535,sale,P141,olive,3,en face,146.28,2,2,0,0.0
2008,4,22,Australia,2532,sale,P243,beige,2,profile,52.74,1,2,0,0.0
2008,7,26,India,8526,blouses,P097,white,2,profile,106.4,2,4,1,217.06
2008,5,15,Italy,3471,sale,P149,green,2,profile,31.62,1,3,0,0.0
2008,8,5,UK,1403,skirts,P225,brown,6,en face,149.01,2,4,1,356.21
2008,7,8,India,853,sale,P144,violet,2,en face,133.98,2,2,0,0.0
2008,7,6,Sweden,3083,blouses,P076,gray,2,en face,136.74,2,2,0,0.0
2008,7,15,Italy,8025,skirts,P194,violet,6,profile,113.32,2,3,0,0.0
2008,8,26,Italy,7566,blouses,P210,olive,1,profile,124.47,2,4,0,0.0
2008,5,14,India,5530,trousers,P233,pink,1,profile,164.12,2,5,0,0.0
2008,6,18,Australia,7855,skirts,P103,pink,4,en face,11.04,1,5,0,0.0
2008,8,10,France,4933,sale,P042,white,1,en face,176.27,2,5,1,375.37
2008,7,3,India,5160,trousers,P267,gray,2,en face,186.94,2,5,0,0.0
2008,6,9,Australia,9716,trousers,P042,blue,6,en face,33.2,1,3,0,0.0
2008,5,28,UK,3847,sale,P153,gray,2,profile,83.09,1,3,0,0.0
2008,7,14,USA,6484,blouses,P085,blue,4,en face,146.07,2,1,0,0.0
2008,6,5,India,748,sale,P157,burgundy,6,profile,154.33,2,1,0,0.0
2008,6,17,UK,3035,blouses,P155,burgundy,5,profile,18.19,1,2,0,0.0
2008,4,23,Sweden,348,sale,P065,olive,4,en face,78.69,1,4,0,0.0
2008,5,8,Italy,3352,sale,P285,green,1,profile,168.85,2,2,0,0.0
2008,7,11,France,2865,skirts,P113,blue,6,profile,67.19,1,4,0,0.0
2008,8,18,Sweden,2168,skirts,P136,olive,5,profile,38.51,1,5,0,0.0
2008,6,2,France,6955,sale,P261,green,5,profile,147.99,2,2,0,0.0
2008,8,25,France,6210,trousers,P092,pink,3,profile,10.94,1,5,0,0.0
2008,6,8,UK,2778,blouses,P161,green,5,profile,178.44,2,3,0,0.0
2008,6,26,France,1442,skirts,P184,green,2,en face,119.32,2,4,0,0.0
2008,4,1,Italy,5658,skirts,P039,brown,3,en face,109.61,2,4,0,0.0
2008,6,4,France,9658,trousers,P121,olive,5,en face,28.21,1,1,0,0.0
2008,7,18,USA,3028,blouses,P106,brown,4,profile,78.18,1,5,0,0.0
2008,8,20,UK,6118,blouses,P044,violet,3,profile,151.04,2,4,0,0.0
2008,5,1,Sweden,2484,sale,P091,brown,6,en face,125.59,2,2,0,0.0
2008,5,7,USA,2883,skirts,P031,blue,6,profile,75.63,1,5,0,0.0
2008,8,12,USA,5562,trousers,P102,gray,2,profile,57.64,1,3,0,0.0
2008,8,12,India,764,sale,P115,blue,1,profile,118.23,2,4,0,0.0
2008,8,10,France,6482,blouses,P188,black,6,en face,42.12,1,1,0,0.0
2008,7,24,India,1617,blouses,P128,navy blue,5,profile,192.37,2,1,0,0.0
2008,7,23,Sweden,1223,trousers,P238,navy blue,6,en face,168.09,2,1,0,0.0
2008,5,7,UK,8665,sale,P289,black,5,en face,46.65,1,2,0,0.0
2008,5,22,India,6222,trousers,P091,pink,1,en face,19.16,1,5,0,0.0
2008,5,23,Italy,1577,trousers,P060,burgundy,5,profile,29.31,1,2,0,0.0
2008,4,9,France,9392,blouses,P092,pink,6,en face,186.2,2,4,0,0.0
2008,5,14,France,6351,sale,P014,black,5,profile,57.43,1,2,0,0.0
2008,6,2,India,3783,skirts,P238,blue,6,profile,142.79,2,5,1,261.89
2008,6,4,USA,4375,trousers,P203,burgundy,5,en face,129.87,2,1,0,0.0
2008,4,24,Australia,709,skirts,P005,navy blue,3,profile,73.29,1,5,0,0.0
2008,4,12,India,510,skirts,P174,red,4,profile,132.56,2,3,0,0.0
2008,4,17,Germany,2955,blouses,P082,black,1,en face,105.71,2,2,0,0.0
2008,5,22,Sweden,7538,skirts,P163,blue,4,profile,194.26,2,5,0,0.0
2008,4,22,UK,6339,blouses,P006,green,1,profile,171.14,2,1,0,0.0
2008,7,22,USA,8923,trousers,P172,black,4,profile,89.4,1,4,0,0.0
2008,4,23,France,7064,skirts,P297,gray,4,en face,70.37,1,4,0,0.0
2008,7,3,Australia,7163,skirts,P190,black,2,en face,85.82,1,1,0,0.0
2008,6,15,Germany,7372,blouses,P057,olive,1,profile,120.53,2,1,0,0.0
2008,7,15,France,6829,blouses,P121,violet,4,profile,12.1,1,4,0,0.0
2008,5,22,France,3616,sale,P043,navy blue,2,profile,172.94,2,5,0,0.0
2008,5,4,Germany,4657,skirts,P288,burgundy,3,en face,70.52,1,2,0,0.0
2008,4,7,Australia,6976,sale,P124,beige,2,profile,22.37,1,2,0,0.0
2008,6,20,France,4351,trousers,P090,white,3,profile,10.08,1,1,0,0.0
2008,8,8,Sweden,712,trousers,P160,beige,3,en face,26.73,1,1,0,0.0
2008,7,18,Italy,6479,trousers,P218,brown,2,profile,154.2,2,5,0,0.0
2008,8,19,France,9130,blouses,P125,red,2,en face,137.3,2,5,0,0.0
2008,4,14,UK,8205,skirts,P214,burgundy,6,profile,63.63,1,4,0,0.0
2008,6,18,France,9204,blouses,P154,pink,4,en face,96.18,1,2,0,0.0
2008,5,19,Italy,713,blouses,P139,white,6,en face,153.19,2,5,0,0.0
2008,4,7,UK,9113,sale,P230,red,4,profile,163.0,2,1,0,0.0
2008,6,20,USA,1246,trousers,P165,olive,3,en face,177.1,2,3,0,0.0
2008,4,2,India,9786,sale,P093,burgundy,1,profile,179.96,2,1,0,0.0
2008,7,25,India,6849,blouses,P191,blue,1,en face,183.51,2,2,0,0.0
2008,5,13,Germany,5134,trousers,P240,blue,5,profile,81.95,1,5,0,0.0
2008,7,13,USA,716,blouses,P083,white,5,en face,101.91,1,1,0,0.0
2008,7,1,USA,3464,sale,P074,gray,3,en face,166.08,2,2,0,0.0
2008,4,18,Germany,4395,skirts,P184,blue,2,profile,119.85,2,4,0,0.0
2008,8,9,USA,4569,skirts,P230,black,6,profile,166.11,2,3,1,230.74
2008,5,8,Australia,8804,trousers,P121,brown,3,profile,31.62,1,2,0,0.0
2008,5,24,India,8490,sale,P164,green,4,en face,148.43,2,1,0,0.0
2008,6,1,France,7702,trousers,P266,blue,3,en face,51.5,1,3,0,0.0
2008,6,23,France,213,blouses,P285,beige,6,profile,26.93,1,3,0,0.0
2008,6,28,France,9768,blouses,P216,white,1,profile,121.2,2,2,0,0.0
2008,6,15,India,6839,sale,P111,burgundy,2,en face,73.33,1,3,0,0.0
2008,4,12,USA,1011,blouses,P043,white,6,en face,42.7,1,4,0,0.0
2008,4,27,France,324,sale,P037,gray,2,en face,66.81,1,5,0,0.0
2008,8,4,Sweden,5397,blouses,P240,navy blue,3,en face,197.26,2,5,0,0.0
2008,4,6,UK,5991,skirts,P285,black,4,en face,99.92,1,3,0,0.0
2008,6,21,India,3173,skirts,P117,black,6,profile,185.63,2,3,0,0.0
2008,7,14,Sweden,335,trousers,P224,navy blue,5,profile,99.15,1,2,0,0.0
2008,5,10,Sweden,8306,blouses,P235,burgundy,1,en face,183.01,2,2,0,0.0
2008,5,10,Italy,2211,sale,P027,olive,3,en face,44.19,1,5,0,0.0
2008,6,9,Australia,4272,skirts,P079,burgundy,6,profile,107.77,2,1,1,154.93
2008,6,12,India,6741,trousers,P236,beige,4,profile,155.49,2,3,0,0.0
2008,7,26,India,234,sale,P231,black,2,en face,177.82,2,4,0,0.0
2008,4,12,USA,5951,blouses,P231,green,3,en face,141.76,2,4,0,0.0
2008,7,16,UK,5738,sale,P256,beige,4,en face,48.39,1,4,0,0.0
2008,4,22,France,7922,skirts,P220,red,2,profile,114.04,2,5,0,0.0
2008,5,11,Germany,2349,blouses,P116,gray,1,en face,11.18,1,4,0,0.0
2008,7,10,USA,2037,sale,P096,beige,1,en face,144.94,2,3,0,0.0
2008,5,3,Italy,7485,trousers,P025,blue,6,en face,110.01,2,2,0,0.0
2008,4,28,Italy,6007,trousers,P061,olive,5,en face,46.85,1,5,0,0.0
2008,8,5,USA,4554,blouses,P169,violet,4,profile,40.81,1,3,0,0.0
2008,5,5,France,8073,blouses,P265,pink,2,en face,94.92,1,1,0,0.0
2008,4,12,Italy,1459,trousers,P167,olive,2,en face,33.91,1,5,0,0.0
2008,8,1,France,3289,sale,P014,black,3,profile,111.31,2,3,0,0.0
2008,8,16,France,3065,sale,P293,pink,4,profile,163.99,2,4,0,0.0
2008,4,3,UK,9437,sale,P177,gray,4,profile,39.35,1,4,1,44.09
2008,5,28,Australia,775,skirts,P218,pink,1,en face,130.29,2,5,1,194.85
2008,6,8,UK,6833,blouses,P252,red,1,profile,31.17,1,5,1,55.9
2008,7,12,Italy,872,blouses,P259,navy blue,3,profile,63.29,1,1,0,0.0
2008,4,21,Sweden,8750,sale,P114,black,5,profile,197.8,2,2,0,0.0
2008,4,2,India,1264,blouses,P048,red,6,en face,138.59,2,4,0,0.0
2008,8,21,France,4834,trousers,P075,green,6,en face,37.05,1,5,0,0.0
2008,4,9,Sweden,3895,skirts,P070,beige,3,en face,122.06,2,4,1,189.49
2008,7,16,USA,6324,trousers,P211,violet,6,en face,129.7,2,2,0,0.0
2008,6,17,Sweden,9213,trousers,P203,beige,3,en face,27.13,1,3,0,0.0
2008,8,12,Germany,7020,blouses,P177,pink,1,profile,117.37,2,5,0,0.0
2008,5,15,France,1221,blouses,P143,blue,6,en face,122.03,2,4,0,0.0
2008,8,26,India,1447,sale,P256,brown,1,profile,30.01,1,2,0,0.0
2008,6,24,France,3185,sale,P012,beige,3,profile,124.73,2,5,0,0.0
2008,8,5,France,409,blouses,P144,olive,4,en face,50.29,1,3,0,0.0
2008,6,3,France,4345,blouses,P076,gray,1,en face,182.6,2,2,0,0.0
2008,7,20,Sweden,3022,blouses,P023,brown,2,profile,164.52,2,5,1,399.59
2008,4,16,UK,2304,trousers,P243,pink,1,en face,188.04,2,1,0,0.0
2008,4,11,Sweden,6272,skirts,P239,red,6,profile,18.14,1,1,0,0.0
2008,6,19,Australia,8281,trousers,P291,brown,2,profile,49.76,1,3,0,0.0
2008,8,17,USA,6642,skirts,P080,pink,1,profile,19.31,1,2,0,0.0
2008,5,6,Australia,6956,blouses,P127,gray,1,profile,18.22,1,5,1,20.03
2008,7,17,India,2110,trousers,P244,gray,4,profile,195.33,2,2,0,0.0
2008,4,25,Italy,5352,skirts,P165,green,5,profile,154.43,2,3,1,375.23
2008,7,6,UK,9684,skirts,P136,gray,2,profile,187.51,2,3,0,0.0
2008,4,26,Australia,8344,skirts,P155,violet,1,en face,40.05,1,4,0,0.0
2008,7,19,France,4550,sale,P068,blue,6,profile,194.11,2,1,0,0.0
2008,6,22,Italy,1881,trousers,P243,pink,5,en face,59.8,1,5,0,0.0
2008,4,10,UK,5946,trousers,P239,navy blue,4,profile,61.08,1,1,0,0.0
2008,8,25,France,1738,sale,P124,violet,5,profile,106.41,2,2,0,0.0
2008,6,18,Australia,7794,sale,P282,gray,6,en face,56.02,1,4,0,0.0
2008,8,14,Italy,5213,trousers,P058,olive,2,en face,137.71,2,1,0,0.0
2008,7,4,Australia,3209,trousers,P113,olive,1,profile,39.47,1,5,0,0.0
2008,6,24,UK,7083,skirts,P134,violet,1,en face,56.96,1,1,0,0.0
2008,7,21,Sweden,2056,sale,P083,beige,3,en face,56.34,1,3,0,0.0
2008,8,8,Australia,1689,skirts,P089,burgundy,4,en face,123.26,2,1,0,0.0
2008,6,16,India,4780,skirts,P234,blue,6,en face,156.59,2,5,0,0.0
2008,5,1,UK,7476,blouses,P270,blue,6,profile,142.66,2,5,0,0.0
2008,6,2,Sweden,7877,sale,P277,beige,3,profile,101.89,1,3,0,0.0
2008,5,28,Germany,6750,trousers,P295,olive,3,profile,125.31,2,1,0,0.0
2008,4,19,Germany,8556,skirts,P207,green,3,profile,132.16,2,2,0,0.0
2008,6,16,Sweden,8123,trousers,P081,brown,1,profile,62.63,1,3,0,0.0
2008,7,1,Sweden,6991,blouses,P135,white,3,profile,16.62,1,5,1,46.01
2008,6,15,India,8267,sale,P219,white,2,en face,25.94,1,1,0,0.0
2008,7,20,France,8540,sale,P278,red,1,profile,22.79,1,1,0,0.0
2008,7,12,USA,3393,skirts,P298,burgundy,3,en face,193.67,2,5,1,534.45
2008,8,9,UK,6326,sale,P144,beige,1,en face,34.2,1,1,1,74.4
2008,7,18,UK,3529,blouses,P170,olive,3,profile,148.32,2,2,0,0.0
2008,5,2,France,4605,skirts,P208,black,6,profile,29.31,1,2,0,0.0
2008,7,27,Australia,7024,trousers,P030,navy blue,2,en face,37.2,1,1,0,0.0
2008,7,20,Italy,6322,sale,P073,brown,2,en face,78.8,1,5,0,0.0
2008,6,24,India,746,trousers,P279,white,5,en face,90.0,1,3,0,0.0
2008,8,7,Sweden,711,sale,P214,burgundy,6,profile,149.41,2,5,0,0.0
2008,8,12,Germany,380,blouses,P093,red,3,profile,106.32,2,4,0,0.0
2008,4,9,Sweden,8783,sale,P057,burgundy,2,profile,77.3,1,4,0,0.0
2008,7,27,Germany,3012,trousers,P113,beige,6,en face,32.83,1,4,1,38.84
2008,6,12,Italy,8859,sale,P050,violet,5,profile,152.98,2,3,0,0.0
2008,4,3,Germany,7153,sale,P108,olive,1,en face,45.73,1,5,0,0.0
2008,5,1,Sweden,8567,trousers,P132,green,5,profile,71.1,1,3,1,202.09
2008,8,15,Sweden,3498,trousers,P296,black,2,profile,113.08,2,4,0,0.0
2008,8,22,USA,3890,trousers,P226,blue,1,profile,144.31,2,4,0,0.0
2008,7,4,USA,4485,sale,P263,white,4,profile,139.01,2,4,0,0.0
2008,7,19,India,4012,skirts,P233,green,4,en face,153.53,2,1,0,0.0
2008,8,26,India,2620,blouses,P212,gray,3,en face,100.89,1,2,0,0.0
2008,5,15,Sweden,6671,skirts,P095,pink,1,en face,33.79,1,1,0,0.0
2008,5,17,Italy,6513,sale,P255,brown,3,profile,98.13,1,2,0,0.0
2008,4,23,Germany,3468,sale,P087,olive,5,profile,10.68,1,5,0,0.0
2008,4,7,USA,1314,sale,P167,brown,6,profile,195.84,2,3,0,0.0
2008,5,26,UK,8606,sale,P235,pink,5,en face,198.89,2,1,0,0.0
2008,6,10,UK,2070,blouses,P234,pink,1,en face,31.08,1,2,0,0.0
2008,4,27,USA,2983,skirts,P135,gray,6,en face,48.72,1,5,0,0.0
2008,4,5,UK,5915,blouses,P292,brown,5,profile,105.64,2,3,0,0.0
2008,7,15,Sweden,9171,trousers,P052,olive,1,en face,98.04,1,3,0,0.0
2008,4,28,France,1286,skirts,P095,green,6,en face,112.18,2,1,0,0.0
2008,6,13,India,8991,sale,P267,beige,2,en face,83.04,1,1,0,0.0
2008,6,18,France,8430,trousers,P111,navy blue,4,profile,38.27,1,4,1,44.23
2008,4,28,Australia,1350,trousers,P136,green,5,en face,108.05,2,5,0,0.0
2008,7,10,India,2612,sale,P228,pink,2,en face,153.61,2,4,0,0.0
2008,6,5,Italy,9495,blouses,P068,red,3,en face,86.4,1,1,0,0.0
2008,8,28,Sweden,3669,trousers,P058,violet,4,profile,162.83,2,1,1,393.89
2008,5,8,Sweden,2222,skirts,P252,blue,2,en face,166.69,2,4,0,0.0
2008,8,17,UK,428,trousers,P262,pink,2,en face,96.58,1,1,0,0.0
2008,8,15,India,654,blouses,P091,green,3,profile,12.39,1,2,0,0.0
2008,7,27,Australia,9914,skirts,P049,green,5,en face,47.38,1,5,0,0.0
2008,6,10,Australia,3536,blouses,P075,beige,3,en face,143.23,2,3,1,407.81
2008,6,21,UK,7737,skirts,P225,beige,6,profile,125.32,2,2,0,0.0
2008,7,13,Australia,3246,blouses,P149,olive,6,en face,170.75,2,5,0,0.0
2008,8,9,Sweden,4741,trousers,P138,red,4,profile,128.54,2,4,0,0.0
2008,8,13,India,9069,sale,P099,green,3,en face,28.71,1,3,0,0.0
2008,7,1,Sweden,4100,trousers,P154,violet,6,profile,39.82,1,5,0,0.0
2008,6,25,France,4101,skirts,P295,brown,2,profile,168.21,2,3,0,0.0
2008,8,4,Australia,6960,sale,P247,red,1,profile,193.61,2,3,0,0.0
2008,4,8,Australia,612,sale,P132,navy blue,4,profile,13.05,1,2,0,0.0
2008,7,21,UK,4289,sale,P098,burgundy,3,profile,42.26,1,5,0,0.0
2008,5,28,India,8571,trousers,P213,burgundy,6,profile,195.1,2,3,0,0.0
2008,4,2,UK,9713,skirts,P212,beige,1,profile,87.27,1,5,0,0.0
2008,6,5,Australia,1544,blouses,P197,green,6,en face,183.4,2,2,0,0.0
2008,4,4,France,9536,skirts,P109,white,2,en face,181.63,2,4,1,351.8
2008,5,21,USA,3854,blouses,P183,green,2,en face,92.99,1,5,0,0.0
2008,8,10,USA,555,skirts,P139,navy blue,4,profile,57.27,1,3,1,127.29
2008,7,14,Australia,6366,trousers,P298,white,6,profile,16.95,1,3,0,0.0
2008,7,10,France,512,blouses,P266,navy blue,4,profile,20.48,1,2,0,0.0
2008,6,20,UK,3207,skirts,P231,blue,6,profile,102.23,1,3,0,0.0
2008,7,9,Sweden,8085,sale,P162,pink,6,en face,37.18,1,5,0,0.0
2008,8,16,Italy,968,sale,P154,red,4,en face,141.36,2,4,0,0.0
2008,4,26,UK,6044,trousers,P070,navy blue,3,profile,136.19,2,1,0,0.0
2008,4,2,France,6880,sale,P095,beige,5,en face,163.16,2,4,0,0.0
2008,7,25,USA,6776,skirts,P120,beige,1,en face,183.27,2,1,0,0.0
2008,7,13,Italy,3296,sale,P160,pink,6,en face,23.1,1,1,0,0.0
2008,7,14,France,8702,sale,P160,white,5,en face,62.68,1,4,0,0.0
2008,4,16,Germany,3430,sale,P212,beige,6,en face,178.63,2,5,0,0.0
2008,6,18,France,8871,skirts,P248,white,3,en face,192.5,2,1,1,331.86
2008,8,17,Australia,6963,blouses,P266,violet,6,profile,103.38,1,4,1,185.33
2008,4,19,Australia,2089,skirts,P086,pink,1,profile,23.57,1,3,0,0.0
2008,7,23,France,8500,sale,P079,burgundy,5,profile,54.38,1,5,0,0.0
2008,8,21,Sweden,6163,trousers,P209,olive,1,profile,79.6,1,4,0,0.0
2008,8,27,Australia,3211,trousers,P110,green,4,profile,90.72,1,3,0,0.0
2008,4,12,India,9201,sale,P221,white,4,en face,127.7,2,1,0,0.0
2008,8,26,USA,6606,trousers,P198,beige,3,en face,13.9,1,3,0,0.0
2008,6,22,Germany,1110,sale,P242,brown,3,profile,130.16,2,5,0,0.0
2008,6,18,UK,5729,skirts,P174,green,1,profile,109.27,2,4,0,0.0
2008,6,1,USA,7830,trousers,P187,beige,4,profile,116.87,2,2,0,0.0
2008,5,7,Germany,1039,skirts,P115,brown,1,profile,95.47,1,1,0,0.0
2008,8,12,France,1195,skirts,P240,burgundy,5,en face,160.49,2,5,0,0.0
2008,8,27,India,4475,trousers,P286,blue,5,en face,158.19,2,4,0,0.0
2008,4,27,France,9875,trousers,P080,white,5,en face,182.47,2,5,0,0.0
2008,6,1,Italy,2123,blouses,P155,black,4,profile,104.98,1,1,1,262.05
2008,6,2,USA,4983,trousers,P114,gray,6,profile,127.23,2,4,0,0.0
2008,8,28,Australia,8974,blouses,P185,violet,6,profile,98.71,1,1,0,0.0
2008,5,15,USA,5701,blouses,P100,red,4,profile,70.71,1,3,0,0.0
2008,8,21,UK,935,skirts,P292,gray,1,en face,159.82,2,1,0,0.0
2008,6,4,USA,6102,trousers,P053,red,2,profile,146.98,2,3,0,0.0
2008,7,4,Sweden,4690,trousers,P150,gray,2,en face,75.55,1,3,0,0.0
2008,8,17,Germany,395,sale,P097,gray,6,profile,170.81,2,4,0,0.0
2008,7,20,Sweden,4686,blouses,P195,pink,5,profile,187.28,2,2,1,307.78
2008,7,3,France,8777,sale,P276,blue,3,profile,40.31,1,4,0,0.0
2008,8,6,USA,9166,blouses,P062,burgundy,6,profile,127.63,2,1,0,0.0
2008,4,10,France,5981,sale,P201,black,2,en face,199.83,2,4,0,0.0
2008,8,16,Australia,9943,blouses,P294,blue,4,en face,126.65,2,3,0,0.0
2008,7,12,USA,2192,skirts,P146,white,2,en face,129.02,2,2,0,0.0
2008,6,15,India,1298,skirts,P240,violet,3,en face,50.18,1,1,0,0.0
2008,5,13,India,5045,skirts,P111,violet,6,profile,147.75,2,5,0,0.0
2008,6,3,UK,1163,blouses,P024,beige,4,en face,177.75,2,2,0,0.0
2008,6,12,India,4255,skirts,P036,burgundy,3,en face,30.92,1,5,0,0.0
2008,4,5,Australia,6373,skirts,P280,white,6,profile,74.99,1,1,0,0.0
2008,5,9,UK,1528,blouses,P142,olive,5,en face,90.16,1,5,0,0.0
2008,8,7,Italy,4343,trousers,P025,blue,4,profile,167.45,2,1,0,0.0
2008,4,4,USA,2031,skirts,P220,blue,5,profile,50.16,1,2,0,0.0
2008,6,11,Australia,3061,sale,P219,burgundy,4,profile,192.99,2,2,0,0.0
2008,7,18,UK,59,blouses,P099,red,1,profile,155.28,2,2,0,0.0
2008,7,27,Germany,2406,blouses,P260,gray,3,profile,93.09,1,1,0,0.0
2008,8,26,India,5007,trousers,P240,white,1,en face,17.32,1,3,0,0.0
2008,7,25,Sweden,6158,skirts,P110,brown,1,en face,88.96,1,1,0,0.0
2008,8,10,USA,7376,trousers,P199,blue,5,profile,129.44,2,3,0,0.0
2008,6,9,Germany,4507,sale,P028,red,2,profile,85.24,1,1,0,0.0
2008,8,8,USA,5215,skirts,P090,olive,2,en face,74.17,1,2,0,0.0
2008,7,4,USA,6030,trousers,P194,navy blue,5,profile,77.39,1,3,0,0.0
2008,7,3,France,1781,trousers,P057,pink,6,profile,152.38,2,1,0,0.0
2008,6,13,UK,5448,skirts,P196,violet,4,en face,41.51,1,2,0,0.0
2008,8,14,France,4607,skirts,P295,navy blue,2,profile,163.71,2,3,0,0.0
2008,8,4,Germany,6915,skirts,P127,violet,6,en face,142.6,2,5,0,0.0
2008,8,25,Australia,677,sale,P296,gray,6,profile,111.34,2,2,1,160.82
2008,4,25,Australia,3583,sale,P164,red,4,profile,156.31,2,5,0,0.0
2008,7,8,Italy,3654,sale,P295,navy blue,4,profile,71.82,1,5,0,0.0
2008,4,15,USA,7921,sale,P258,beige,3,en face,196.43,2,1,0,0.0
2008,8,10,Germany,9500,skirts,P027,green,1,en face,61.6,1,1,0,0.0
2008,4,27,Italy,2733,trousers,P239,red,3,profile,185.33,2,2,0,0.0
2008,5,16,France,4788,sale,P170,gray,1,profile,110.24,2,1,0,0.0
2008,6,19,Germany,2755,skirts,P155,burgundy,3,profile,62.49,1,3,0,0.0
2008,7,27,USA,2338,blouses,P115,gray,6,profile,178.07,2,3,0,0.0
2008,6,13,Australia,3644,sale,P259,brown,5,en face,17.19,1,4,0,0.0
2008,4,4,India,7738,blouses,P075,brown,3,profile,39.97,1,3,0,0.0
2008,5,17,Sweden,5517,blouses,P137,blue,1,profile,67.22,1,1,0,0.0
2008,8,23,France,5247,sale,P140,violet,2,en face,112.72,2,5,0,0.0
2008,7,16,Germany,867,sale,P287,brown,4,en face,162.96,2,4,0,0.0
2008,6,25,France,4448,sale,P174,white,5,profile,65.37,1,5,0,0.0
2008,5,15,Germany,5072,blouses,P272,violet,6,profile,57.4,1,3,0,0.0
2008,8,1,Sweden,4882,skirts,P062,navy blue,2,en face,146.75,2,4,0,0.0
2008,8,27,Australia,9511,trousers,P153,brown,1,profile,135.91,2,3,0,0.0
2008,4,27,USA,3003,blouses,P215,navy blue,1,profile,50.63,1,2,0,0.0
2008,4,28,India,2226,blouses,P156,navy blue,1,profile,117.89,2,4,0,0.0
2008,8,23,Sweden,9057,trousers,P003,beige,6,en face,48.57,1,3,1,110.61
2008,7,2,Germany,4827,skirts,P248,green,3,en face,195.53,2,4,0,0.0
2008,8,15,Italy,7622,skirts,P059,red,4,en face,165.23,2,2,1,227.14
2008,8,14,UK,9690,skirts,P031,green,3,en face,149.82,2,3,0,0.0
2008,6,15,USA,5501,trousers,P254,brown,4,profile,48.05,1,3,0,0.0
2008,5,7,Australia,9701,trousers,P167,blue,3,profile,26.94,1,5,0,0.0
2008,6,1,UK,8479,blouses,P213,red,6,en face,44.73,1,1,0,0.0
2008,7,24,Germany,5503,skirts,P050,green,6,profile,100.84,1,3,0,0.0
2008,8,19,Germany,1211,skirts,P102,olive,4,en face,130.08,2,2,0,0.0
2008,4,26,Germany,9084,skirts,P060,black,2,en face,57.28,1,3,1,138.71
2008,7,5,USA,2289,sale,P150,violet,4,profile,196.9,2,2,0,0.0
2008,6,6,Germany,2184,trousers,P163,white,4,en face,85.54,1,5,0,0.0
2008,7,10,Australia,2863,sale,P209,gray,3,en face,148.51,2,4,0,0.0
2008,4,21,Germany,6862,skirts,P075,burgundy,1,profile,180.38,2,2,0,0.0
2008,8,8,Italy,2363,sale,P046,white,1,en face,123.09,2,3,0,0.0
2008,8,5,USA,8464,trousers,P261,red,5,en face,79.47,1,4,0,0.0
2008,5,15,UK,6333,trousers,P297,pink,6,en face,43.74,1,5,0,0.0
2008,5,12,Germany,4065,blouses,P115,navy blue,4,en face,147.98,2,5,0,0.0
2008,8,12,Sweden,9547,sale,P212,brown,1,profile,53.78,1,4,0,0.0
2008,5,21,Germany,618,sale,P215,red,5,en face,44.02,1,4,0,0.0
2008,6,1,India,3282,sale,P055,blue,6,profile,33.31,1,5,0,0.0
2008,6,14,USA,5227,trousers,P167,burgundy,6,en face,128.41,2,1,0,0.0
2008,5,28,Sweden,3398,sale,P124,gray,1,en face,17.69,1,4,0,0.0
2008,5,14,India,3066,blouses,P198,pink,2,en face,23.88,1,2,0,0.0
2008,5,1,Sweden,767,trousers,P172,navy blue,6,en face,155.92,2,3,0,0.0
2008,5,16,UK,7079,trousers,P022,green,6,en face,49.46,1,5,0,0.0
2008,7,28,France,5280,sale,P015,beige,3,en face,110.25,2,1,0,0.0
2008,6,24,France,4150,sale,P002,violet,4,en face,180.64,2,5,0,0.0
2008,8,28,Sweden,1145,sale,P110,olive,5,en face,175.57,2,5,0,0.0
2008,8,21,Sweden,4249,blouses,P035,violet,4,profile,160.95,2,2,0,0.0
2008,8,6,USA,4111,trousers,P043,beige,4,en face,149.68,2,3,0,0.0
2008,8,21,Italy,463,blouses,P267,gray,5,profile,178.26,2,4,0,0.0
2008,4,3,Sweden,2933,blouses,P189,beige,1,profile,56.8,1,3,0,0.0
2008,6,1,UK,4624,sale,P123,white,5,profile,105.61,1,2,1,306.96
2008,7,2,Australia,3814,sale,P062,olive,3,en face,38.57,1,4,0,0.0
2008,7,16,India,6309,skirts,P271,blue,4,en face,199.72,2,1,0,0.0
2008,8,3,France,4342,blouses,P012,green,5,profile,155.99,2,2,0,0.0
2008,8,5,Australia,5301,skirts,P076,burgundy,6,en face,55.03,1,2,0,0.0
2008,6,14,Germany,6805,skirts,P238,burgundy,1,profile,152.9,2,2,0,0.0
2008,4,16,India,3283,sale,P220,burgundy,3,en face,134.86,2,5,1,143.68
2008,5,13,France,2575,sale,P159,beige,2,profile,123.53,2,5,0,0.0
2008,6,11,Australia,7962,trousers,P078,red,1,profile,95.71,1,5,0,0.0
2008,5,6,Italy,7880,trousers,P259,red,2,profile,98.09,1,2,0,0.0
2008,5,14,UK,829,sale,P215,green,6,profile,89.06,1,1,0,0.0
2008,8,16,Australia,6487,sale,P009,red,5,profile,55.83,1,3,0,0.0
2008,5,11,France,7600,blouses,P239,blue,5,en face,87.12,1,2,0,0.0
2008,5,3,Australia,2541,trousers,P269,white,5,profile,24.18,1,5,0,0.0
2008,7,23,USA,5747,trousers,P200,violet,5,en face,161.46,2,3,0,0.0
2008,4,22,Sweden,8527,sale,P239,blue,3,en face,26.69,1,5,0,0.0
2008,4,26,Germany,9567,skirts,P057,olive,5,en face,65.52,1,3,0,0.0
2008,4,14,France,3743,skirts,P159,pink,6,profile,168.65,2,3,0,0.0
2008,6,21,France,7499,trousers,P172,blue,5,profile,179.7,2,4,0,0.0
2008,6,28,UK,3525,sale,P233,olive,4,profile,94.39,1,3,0,0.0
2008,5,11,Germany,21,sale,P119,olive,6,en face,149.35,2,3,0,0.0
2008,8,6,France,1916,sale,P106,green,2,profile,156.11,2,5,0,0.0
2008,7,7,Australia,6572,skirts,P270,burgundy,3,en face,72.15,1,5,0,0.0
2008,7,13,India,9019,skirts,P190,white,6,en face,183.1,2,5,0,0.0
2008,6,15,Australia,2013,skirts,P227,black,6,profile,79.17,1,4,0,0.0
2008,7,1,Germany,5406,sale,P208,white,1,en face,52.62,1,5,0,0.0
2008,5,13,Sweden,1296,sale,P020,olive,3,en face,91.46,1,5,0,0.0
2008,6,20,Italy,3746,trousers,P025,black,2,profile,55.48,1,1,0,0.0
2008,4,18,India,592,skirts,P114,blue,5,profile,158.02,2,5,0,0.0
2008,8,9,India,1407,sale,P121,pink,2,profile,137.15,2,5,1,149.66
2008,4,20,Germany,222,sale,P254,violet,2,en face,151.97,2,5,0,0.0
2008,8,19,Sweden,5618,sale,P159,red,4,en face,178.74,2,2,0,0.0
2008,8,19,Sweden,6249,trousers,P147,olive,3,profile,149.06,2,5,0,0.0
2008,7,8,Australia,4419,sale,P208,blue,4,profile,62.93,1,2,0,0.0
2008,4,23,Italy,859,blouses,P007,navy blue,1,en face,133.94,2,3,1,192.48
2008,8,4,UK,1784,sale,P225,olive,4,profile,147.18,2,2,0,0.0
2008,5,25,USA,7260,blouses,P150,beige,5,profile,136.72,2,3,0,0.0
2008,4,27,Germany,6857,blouses,P012,green,5,en face,21.74,1,3,0,0.0
2008,7,28,Australia,1955,sale,P163,gray,5,en face,31.79,1,2,0,0.0
2008,5,11,France,1747,blouses,P098,black,1,en face,74.87,1,5,0,0.0
2008,8,10,France,3133,blouses,P094,pink,6,profile,75.62,1,5,0,0.0
2008,8,5,USA,8037,sale,P136,burgundy,2,en face,77.56,1,1,0,0.0
2008,4,16,UK,8851,skirts,P226,navy blue,4,profile,144.28,2,3,1,364.54
2008,8,1,Germany,995,skirts,P279,burgundy,1,en face,185.74,2,2,1,541.68
2008,4,13,Sweden,6109,blouses,P210,pink,2,en face,56.03,1,4,0,0.0
2008,8,7,India,731,sale,P125,violet,2,profile,191.5,2,4,0,0.0
2008,6,24,Australia,6975,sale,P263,navy blue,4,profile,108.17,2,4,0,0.0
2008,8,24,USA,6274,trousers,P002,green,5,en face,122.31,2,2,0,0.0
2008,6,23,Australia,6752,blouses,P297,black,4,en face,115.65,2,2,0,0.0
2008,8,10,Sweden,3510,sale,P230,green,5,en face,90.81,1,2,0,0.0
2008,4,18,USA,3534,skirts,P046,black,4,en face,91.53,1,4,0,0.0
2008,4,19,India,2514,skirts,P259,olive,3,profile,89.78,1,2,0,0.0
2008,8,7,USA,5437,blouses,P064,green,1,profile,85.94,1,5,1,87.01
2008,5,7,India,3626,trousers,P117,olive,3,profile,41.22,1,4,0,0.0
2008,5,4,Italy,466,skirts,P224,green,1,profile,48.95,1,4,0,0.0
2008,7,6,India,6756,sale,P248,brown,1,profile,199.4,2,1,0,0.0
2008,8,4,Australia,6760,blouses,P004,black,2,en face,117.6,2,5,0,0.0
2008,7,23,UK,7992,sale,P291,navy blue,4,profile,146.41,2,2,0,0.0
2008,8,4,Sweden,158,sale,P073,pink,4,profile,84.97,1,3,1,149.65
2008,4,16,India,3961,trousers,P245,gray,5,en face,168.75,2,4,0,0.0
2008,7,26,Germany,8833,sale,P280,gray,2,en face,12.44,1,3,0,0.0
2008,8,18,France,5471,trousers,P036,pink,5,profile,49.47,1,4,0,0.0
2008,7,1,USA,186,trousers,P258,blue,2,en face,95.66,1,3,1,225.44
2008,7,7,India,1003,skirts,P263,olive,3,profile,188.98,2,1,0,0.0
2008,8,16,Australia,9509,sale,P257,olive,3,en face,94.53,1,1,0,0.0
2008,5,20,Australia,5624,trousers,P171,black,2,profile,92.88,1,5,0,0.0
2008,6,24,Italy,401,sale,P087,brown,3,en face,168.52,2,1,0,0.0
2008,6,7,Sweden,6241,sale,P063,gray,5,en face,71.85,1,4,0,0.0
2008,5,24,Sweden,8941,skirts,P015,green,3,en face,119.2,2,5,0,0.0
2008,7,4,Australia,9933,trousers,P290,beige,4,profile,52.58,1,2,0,0.0
2008,7,18,Italy,7343,trousers,P253,gray,3,profile,109.49,2,2,0,0.0
2008,7,7,Sweden,9833,sale,P081,brown,5,en face,172.82,2,2,0,0.0
2008,5,13,USA,8467,sale,P185,red,2,en face,42.96,1,1,0,0.0
2008,8,15,India,8757,blouses,P216,green,1,profile,116.23,2,4,0,0.0
2008,7,28,Germany,7959,blouses,P296,violet,2,profile,117.7,2,3,0,0.0
2008,7,16,India,1251,blouses,P070,olive,3,profile,174.92,2,1,0,0.0
2008,7,3,Italy,3144,skirts,P202,green,1,profile,153.59,2,3,0,0.0
2008,5,25,Italy,7431,skirts,P213,gray,1,en face,98.69,1,2,0,0.0
2008,5,20,India,60,blouses,P247,violet,1,en face,133.16,2,5,0,0.0
2008,5,6,Italy,7856,trousers,P275,brown,1,profile,36.52,1,3,0,0.0
2008,6,24,Germany,1114,trousers,P083,violet,5,en face,50.74,1,4,0,0.0
2008,6,20,France,3058,blouses,P233,gray,3,en face,100.38,1,4,0,0.0
2008,8,21,Sweden,9570,blouses,P230,blue,1,profile,51.64,1,3,0,0.0
2008,8,12,Italy,1329,skirts,P113,beige,6,en face,138.77,2,2,0,0.0
2008,7,21,India,4996,trousers,P236,brown,2,en face,43.7,1,2,0,0.0
2008,5,8,Australia,6683,sale,P285,beige,2,profile,22.08,1,5,0,0.0
2008,6,4,USA,2073,blouses,P070,gray,2,profile,13.62,1,3,0,0.0
2008,4,7,USA,4794,trousers,P011,navy blue,1,en face,37.44,1,4,0,0.0
2008,5,3,UK,6830,trousers,P139,pink,3,profile,12.63,1,4,0,0.0
2008,8,7,Germany,9630,trousers,P098,burgundy,4,en face,166.71,2,3,0,0.0
2008,6,21,India,8219,sale,P147,pink,2,profile,12.46,1,5,0,0.0
2008,5,21,Italy,7568,skirts,P128,black,5,profile,113.4,2,3,0,0.0
2008,4,3,UK,5923,sale,P191,green,5,en face,99.15,1,1,0,0.0
2008,8,24,Sweden,1551,blouses,P128,pink,6,profile,144.89,2,5,0,0.0
2008,5,23,India,1010,sale,P206,gray,6,en face,38.21,1,1,0,0.0
2008,4,27,USA,3756,trousers,P279,black,4,en face,63.58,1,3,0,0.0
2008,6,9,Germany,8682,sale,P034,gray,2,en face,39.8,1,3,0,0.0
2008,6,23,Italy,9343,sale,P253,burgundy,1,profile,23.15,1,4,0,0.0
2008,7,9,India,8010,skirts,P171,brown,6,profile,159.6,2,2,0,0.0
2008,5,20,India,3861,sale,P181,black,4,profile,99.97,1,3,0,0.0
2008,5,6,USA,3149,blouses,P166,pink,4,en face,65.94,1,5,0,0.0
2008,4,17,Italy,2520,trousers,P113,black,5,en face,72.46,1,4,0,0.0
2008,8,12,UK,3128,sale,P081,black,4,en face,151.33,2,1,0,0.0
2008,6,25,India,9085,blouses,P066,green,2,profile,199.79,2,4,0,0.0
2008,7,17,UK,5317,sale,P178,pink,1,en face,110.13,2,2,0,0.0
2008,4,14,India,1196,trousers,P104,brown,3,en face,41.12,1,2,0,0.0
2008,4,18,Germany,9051,blouses,P208,violet,2,en face,197.18,2,3,1,307.65
2008,6,26,USA,880,sale,P296,beige,1,profile,115.93,2,5,0,0.0
2008,6,27,Germany,6990,trousers,P168,black,1,profile,157.55,2,1,0,0.0
2008,4,20,USA,2488,skirts,P118,violet,2,profile,46.13,1,3,0,0.0
2008,4,28,Italy,2841,trousers,P009,gray,3,en face,184.55,2,1,0,0.0
2008,6,24,Italy,4330,sale,P181,blue,2,en face,143.12,2,2,0,0.0
2008,7,3,Germany,2931,blouses,P111,navy blue,3,en face,114.95,2,3,1,147.1
2008,6,24,Germany,6425,trousers,P124,brown,2,profile,170.66,2,1,0,0.0
2008,8,26,Italy,2486,sale,P280,brown,5,en face,126.02,2,2,0,0.0
2008,8,6,Australia,5748,trousers,P181,blue,1,en face,95.43,1,4,0,0.0
2008,6,21,USA,884,sale,P092,violet,6,profile,130.37,2,5,0,0.0
2008,4,13,Italy,4915,sale,P260,green,1,en face,48.76,1,3,0,0.0
2008,7,18,USA,6211,sale,P266,blue,3,en face,102.92,1,1,0,0.0
2008,4,27,UK,9579,sale,P293,navy blue,5,profile,152.64,2,3,0,0.0
2008,7,1,Australia,212,trousers,P294,gray,2,en face,172.9,2,5,0,0.0
2008,8,16,Sweden,2276,trousers,P215,violet,1,profile,154.42,2,4,0,0.0
2008,5,6,Italy,2329,blouses,P294,olive,2,profile,95.83,1,2,0,0.0
2008,6,9,Sweden,4951,sale,P078,burgundy,1,profile,171.39,2,3,0,0.0
2008,5,28,USA,3320,sale,P258,burgundy,6,en face,164.1,2,3,0,0.0
2008,4,20,India,9835,trousers,P067,white,3,profile,117.49,2,4,0,0.0
2008,7,27,UK,4608,skirts,P179,burgundy,6,profile,146.0,2,4,0,0.0
2008,5,3,Sweden,1439,skirts,P171,pink,5,en face,51.52,1,5,0,0.0
2008,6,18,Germany,468,blouses,P137,brown,1,profile,94.48,1,4,0,0.0
2008,6,22,Australia,5467,sale,P260,beige,2,profile,105.28,1,4,0,0.0
2008,6,15,Australia,3330,sale,P249,burgundy,5,en face,85.07,1,4,0,0.0
2008,6,12,Australia,5829,sale,P177,navy blue,3,en face,93.77,1,2,0,0.0
2008,6,12,Sweden,8608,skirts,P072,burgundy,3,en face,97.82,1,3,0,0.0
2008,7,19,France,697,trousers,P030,green,1,profile,59.44,1,3,0,0.0
2008,4,28,France,7268,blouses,P253,pink,4,profile,190.28,2,3,0,0.0
2008,4,9,UK,9145,blouses,P028,violet,6,en face,84.46,1,3,0,0.0
2008,6,5,France,8181,trousers,P167,pink,2,profile,35.8,1,2,1,59.31
2008,8,26,India,9939,blouses,P135,beige,1,en face,17.68,1,4,0,0.0
2008,8,1,Italy,1315,skirts,P011,violet,2,profile,193.81,2,1,0,0.0
2008,4,6,Sweden,2302,trousers,P031,white,6,en face,60.37,1,3,0,0.0
2008,8,1,USA,2040,trousers,P075,black,5,profile,115.69,2,4,0,0.0
2008,4,1,USA,7109,trousers,P094,gray,1,en face,13.07,1,3,0,0.0
2008,5,3,Italy,3667,skirts,P247,navy blue,3,en face,126.07,2,3,1,296.43
2008,7,2,USA,915,skirts,P289,gray,6,profile,88.3,1,2,0,0.0
2008,8,26,France,13,blouses,P143,green,5,profile,31.66,1,2,0,0.0
2008,5,22,UK,8584,blouses,P220,red,6,en face,143.26,2,4,0,0.0
2008,7,18,UK,6428,trousers,P040,pink,3,profile,71.88,1,5,0,0.0
2008,8,5,Italy,1537,sale,P127,navy blue,3,profile,103.25,1,5,0,0.0
2008,4,4,Germany,737,skirts,P142,green,1,profile,120.09,2,5,1,217.75
2008,7,2,UK,8202,trousers,P210,black,2,en face,195.87,2,5,0,0.0
2008,5,20,UK,8653,trousers,P123,black,5,en face,183.59,2,3,0,0.0
2008,8,22,UK,454,skirts,P113,red,3,profile,199.47,2,5,0,0.0
2008,4,4,Germany,4346,trousers,P259,white,3,profile,13.87,1,3,0,0.0
2008,7,16,Sweden,928,trousers,P121,olive,2,profile,67.76,1,5,0,0.0
2008,4,7,Germany,6292,blouses,P122,blue,6,profile,114.1,2,5,0,0.0
2008,4,22,Sweden,8282,sale,P278,green,2,en face,42.51,1,4,0,0.0
2008,4,12,France,8723,blouses,P204,blue,4,en face,152.35,2,2,0,0.0
2008,8,7,France,6474,blouses,P221,pink,2,profile,196.26,2,4,0,0.0
2008,8,10,India,38,trousers,P161,white,2,en face,195.91,2,3,0,0.0
2008,8,22,India,5771,skirts,P050,white,1,profile,72.82,1,3,0,0.0
2008,7,21,UK,2555,skirts,P188,white,1,profile,163.57,2,1,1,438.41
2008,5,26,UK,7633,blouses,P281,olive,6,profile,194.83,2,3,0,0.0
2008,7,17,Australia,9999,blouses,P074,blue,1,en face,163.54,2,5,1,173.08
2008,7,6,Italy,6621,skirts,P220,pink,5,en face,13.0,1,1,0,0.0
2008,5,19,Australia,941,trousers,P205,violet,4,en face,63.14,1,5,0,0.0
2008,5,24,France,7399,skirts,P141,gray,4,en face,22.57,1,1,0,0.0
2008,7,24,Australia,6129,trousers,P265,blue,6,en face,70.79,1,5,0,0.0
2008,4,7,Germany,9830,sale,P143,blue,6,en face,87.37,1,4,1,237.79
2008,5,6,France,2681,trousers,P013,gray,5,en face,143.35,2,3,0,0.0
2008,6,18,Germany,4355,trousers,P003,brown,6,profile,155.93,2,2,0,0.0
2008,6,20,Australia,3059,trousers,P061,violet,5,profile,88.93,1,2,0,0.0
2008,8,22,India,7881,sale,P203,green,4,profile,158.23,2,4,0,0.0
2008,7,9,India,739,blouses,P016,green,1,profile,28.38,1,5,0,0.0
2008,5,24,Italy,539,sale,P110,burgundy,3,profile,37.82,1,4,0,0.0
2008,4,12,India,3326,trousers,P017,violet,6,profile,165.86,2,1,0,0.0
2008,8,6,USA,4240,blouses,P066,navy blue,1,profile,165.83,2,3,0,0.0
2008,6,21,Italy,1401,trousers,P038,olive,5,profile,62.59,1,4,0,0.0
2008,4,24,Italy,4047,sale,P132,black,2,en face,173.97,2,4,0,0.0
2008,4,18,Australia,5138,sale,P049,brown,3,en face,122.08,2,4,0,0.0
2008,7,4,UK,4230,sale,P043,beige,5,en face,103.51,1,1,0,0.0
2008,7,6,Germany,4192,blouses,P027,burgundy,2,profile,139.09,2,1,0,0.0
2008,4,6,Sweden,9143,trousers,P187,brown,5,profile,87.79,1,4,0,0.0
2008,6,6,Sweden,5539,trousers,P125,black,1,en face,88.33,1,5,0,0.0
2008,7,8,India,2693,sale,P269,white,2,en face,24.31,1,3,0,0.0
2008,8,25,India,5341,sale,P197,red,1,profile,50.46,1,4,0,0.0
2008,6,28,UK,9918,skirts,P111,blue,5,en face,16.96,1,4,0,0.0
2008,5,1,USA,7671,trousers,P157,navy blue,3,profile,28.48,1,5,0,0.0
2008,6,3,Germany,9174,blouses,P119,brown,5,en face,198.88,2,3,0,0.0
2008,6,17,USA,1808,blouses,P247,burgundy,6,profile,33.38,1,5,0,0.0
2008,5,5,Australia,5112,skirts,P230,beige,2,profile,129.4,2,3,0,0.0
2008,4,21,Sweden,3990,trousers,P106,green,3,profile,143.71,2,2,0,0.0
2008,8,28,France,3456,blouses,P018,pink,5,en face,124.83,2,5,0,0.0
2008,4,25,Australia,2908,sale,P205,olive,6,profile,33.84,1,4,0,0.0
2008,4,15,France,6652,trousers,P061,brown,3,en face,20.13,1,4,0,0.0
2008,7,9,USA,8288,trousers,P118,gray,4,en face,182.08,2,2,0,0.0
2008,7,2,UK,6245,blouses,P260,pink,4,en face,197.51,2,1,0,0.0
2008,8,16,Germany,2698,skirts,P065,brown,6,profile,158.74,2,5,0,0.0
2008,5,27,Germany,4017,sale,P210,green,6,en face,178.28,2,4,0,0.0
2008,6,27,UK,4340,sale,P246,black,2,profile,131.49,2,2,0,0.0
2008,6,5,Italy,4646,skirts,P123,green,1,profile,159.79,2,5,0,0.0
2008,5,16,UK,7740,sale,P198,gray,1,profile,189.02,2,4,0,0.0
2008,5,3,India,7092,trousers,P044,blue,6,en face,158.44,2,4,1,295.98
2008,5,25,Australia,4693,sale,P110,beige,3,en face,88.12,1,3,0,0.0
2008,7,17,India,1740,sale,P249,blue,1,en face,108.86,2,1,0,0.0
2008,5,15,USA,5407,trousers,P109,green,2,profile,107.32,2,1,0,0.0
2008,5,18,Australia,4589,trousers,P005,navy blue,2,profile,123.99,2,4,0,0.0
2008,5,6,UK,3126,sale,P143,pink,2,en face,58.59,1,3,0,0.0
2008,7,7,India,2158,trousers,P090,olive,6,profile,169.32,2,2,0,0.0
2008,4,12,France,5334,blouses,P077,black,2,en face,122.06,2,5,0,0.0
2008,5,17,Italy,8637,sale,P101,blue,5,en face,128.31,2,1,0,0.0
2008,8,27,Italy,1826,sale,P102,gray,3,en face,125.86,2,3,0,0.0
2008,8,7,Italy,4231,blouses,P102,white,6,profile,199.38,2,4,0,0.0
2008,4,15,USA,3488,sale,P249,brown,3,profile,113.09,2,2,0,0.0
2008,7,24,UK,9054,blouses,P187,beige,4,en face,129.32,2,1,0,0.0
2008,4,10,Sweden,9769,blouses,P115,gray,1,profile,22.55,1,1,0,0.0
2008,6,19,Sweden,3648,sale,P245,violet,4,en face,67.8,1,2,0,0.0
2008,4,18,UK,5903,trousers,P030,violet,1,en face,144.77,2,2,0,0.0
2008,5,8,India,6386,sale,P223,red,3,profile,126.51,2,4,0,0.0
2008,8,4,Germany,5639,trousers,P106,white,1,profile,166.77,2,2,0,0.0
2008,5,22,USA,6424,blouses,P065,pink,3,profile,18.92,1,1,1,53.75
2008,4,24,UK,7827,trousers,P028,olive,5,en face,142.86,2,2,1,216.34
2008,7,20,Australia,7744,skirts,P249,gray,2,profile,188.3,2,1,0,0.0
2008,4,7,USA,3013,blouses,P172,gray,6,en face,80.28,1,4,0,0.0
2008,6,7,Sweden,7672,blouses,P266,pink,1,en face,85.17,1,4,0,0.0
2008,5,1,Sweden,9549,trousers,P213,pink,2,profile,32.84,1,3,0,0.0
2008,8,17,Italy,9978,sale,P008,gray,1,en face,113.95,2,4,0,0.0
2008,8,18,Sweden,3081,skirts,P238,olive,3,en face,115.5,2,2,0,0.0
2008,4,10,USA,3521,trousers,P083,navy blue,1,en face,179.98,2,1,0,0.0
2008,7,13,Germany,4979,trousers,P089,gray,5,profile,74.82,1,5,0,0.0
2008,4,16,Italy,7620,blouses,P077,green,1,profile,98.36,1,2,0,0.0
2008,8,21,Sweden,4348,skirts,P008,black,5,en face,156.86,2,5,1,166.43
2008,7,15,Sweden,8441,blouses,P129,black,5,profile,94.04,1,5,0,0.0
2008,5,9,Australia,1347,blouses,P259,navy blue,3,profile,151.13,2,2,1,320.89
2008,8,28,India,7088,trousers,P027,green,4,en face,68.4,1,2,1,89.46
2008,5,6,India,8948,sale,P247,green,2,en face,26.12,1,4,0,0.0
2008,8,21,Germany,5652,sale,P013,pink,6,profile,126.16,2,1,0,0.0
2008,6,8,Australia,8082,trousers,P009,violet,5,en face,140.46,2,2,0,0.0
2008,8,17,Sweden,1792,blouses,P297,brown,3,en face,30.78,1,3,0,0.0
2008,6,5,France,7429,sale,P031,blue,6,en face,32.89,1,5,0,0.0
2008,8,18,UK,9580,blouses,P233,violet,3,profile,47.53,1,5,0,0.0
2008,7,26,Australia,9960,trousers,P190,black,3,en face,155.32,2,1,0,0.0
2008,8,24,Sweden,2271,blouses,P112,violet,6,profile,75.94,1,1,1,158.9
2008,5,25,India,9767,trousers,P058,white,6,en face,90.61,1,5,0,0.0
2008,4,7,USA,2956,trousers,P148,brown,5,profile,176.22,2,4,0,0.0
2008,4,18,India,3444,skirts,P165,brown,2,profile,123.37,2,5,0,0.0
2008,7,3,India,7736,sale,P265,green,6,en face,177.11,2,4,0,0.0
2008,4,16,USA,834,sale,P137,white,4,profile,53.87,1,4,0,0.0
2008,5,12,Italy,6499,trousers,P106,pink,3,profile,66.57,1,4,0,0.0
2008,8,12,Sweden,2992,blouses,P102,beige,2,en face,157.86,2,1,0,0.0
2008,5,18,Italy,7793,sale,P102,beige,6,profile,43.81,1,5,0,0.0
2008,4,20,Sweden,2151,sale,P174,olive,1,profile,123.95,2,5,0,0.0
2008,8,4,India,4023,skirts,P299,burgundy,2,profile,152.24,2,3,0,0.0
2008,8,12,Sweden,7615,blouses,P047,olive,6,profile,11.52,1,1,0,0.0
2008,4,5,UK,6124,trousers,P144,brown,3,profile,111.6,2,3,0,0.0
2008,4,5,India,3339,blouses,P202,red,2,profile,103.36,1,4,0,0.0
2008,5,6,Sweden,4344,skirts,P013,white,6,en face,109.34,2,4,0,0.0
2008,7,13,France,4464,blouses,P059,blue,3,en face,30.23,1,1,0,0.0
2008,8,27,Italy,2376,trousers,P188,green,5,en face,184.07,2,4,1,217.15
2008,4,2,Sweden,9044,trousers,P188,navy blue,2,en face,20.01,1,2,0,0.0
2008,7,4,Australia,5571,trousers,P205,beige,6,profile,131.32,2,1,0,0.0
2008,4,27,Sweden,8599,skirts,P017,red,6,en face,95.48,1,5,0,0.0
2008,5,3,France,8504,skirts,P228,beige,1,en face,133.44,2,5,1,302.78
2008,8,12,USA,8880,trousers,P057,brown,3,en face,163.16,2,5,0,0.0
2008,4,2,Italy,1887,blouses,P013,white,2,en face,93.88,1,5,0,0.0
2008,8,2,Italy,1198,blouses,P244,burgundy,5,profile,105.05,1,4,0,0.0
2008,5,22,UK,6427,skirts,P153,pink,2,profile,184.7,2,4,0,0.0
2008,5,1,Australia,8911,skirts,P007,gray,3,en face,41.25,1,4,0,0.0
2008,7,10,Italy,2936,trousers,P093,burgundy,1,profile,100.73,1,4,0,0.0
2008,8,11,Germany,6342,skirts,P184,navy blue,4,profile,181.3,2,4,0,0.0
2008,5,26,Germany,1430,trousers,P202,black,6,profile,166.62,2,5,0,0.0
2008,6,18,India,6307,blouses,P121,gray,5,profile,153.45,2,2,0,0.0
2008,7,5,UK,3650,sale,P062,beige,3,en face,166.04,2,5,0,0.0
2008,5,1,Australia,1938,skirts,P294,olive,4,profile,111.28,2,4,0,0.0
2008,8,1,Germany,5172,trousers,P050,pink,4,profile,23.82,1,4,0,0.0
2008,6,1,Italy,7764,blouses,P064,white,1,profile,50.33,1,2,0,0.0
2008,7,18,Germany,6393,skirts,P182,burgundy,5,en face,119.5,2,5,0,0.0
2008,4,15,Australia,1154,sale,P014,green,6,en face,121.37,2,5,0,0.0
2008,8,20,France,6250,skirts,P282,burgundy,3,profile,24.72,1,2,0,0.0
2008,5,10,USA,7037,trousers,P229,burgundy,1,profile,153.75,2,4,1,448.76
2008,6,6,USA,4229,trousers,P272,blue,4,en face,129.2,2,1,0,0.0
2008,5,15,Australia,4975,blouses,P088,pink,5,profile,88.23,1,5,1,230.43
2008,8,15,Italy,6401,skirts,P273,black,4,profile,111.43,2,1,0,0.0
2008,8,25,USA,3640,sale,P187,pink,2,en face,97.0,1,5,0,0.0
2008,6,7,Australia,3972,blouses,P031,violet,2,en face,20.68,1,2,0,0.0
2008,8,15,USA,9594,trousers,P233,navy blue,5,profile,82.55,1,2,0,0.0
2008,6,17,Sweden,3376,skirts,P282,black,6,en face,120.85,2,2,0,0.0
2008,6,7,USA,2487,skirts,P199,pink,6,en face,22.58,1,3,0,0.0
2008,8,23,France,6954,skirts,P095,brown,2,profile,106.14,2,3,0,0.0
2008,6,12,Italy,606,blouses,P265,gray,2,en face,67.24,1,2,0,0.0
2008,6,26,USA,7444,blouses,P107,black,4,profile,41.29,1,5,0,0.0
2008,8,6,India,5928,trousers,P163,blue,1,profile,140.54,2,1,0,0.0
2008,7,2,UK,2454,skirts,P159,beige,6,profile,63.15,1,3,0,0.0
2008,5,8,Sweden,3609,trousers,P234,red,2,en face,127.5,2,1,0,0.0
2008,4,14,UK,1484,trousers,P267,black,5,en face,68.93,1,1,0,0.0
2008,7,26,France,4519,sale,P015,navy blue,3,profile,95.72,1,1,0,0.0
2008,6,3,India,3038,skirts,P212,burgundy,5,en face,26.62,1,1,0,0.0
2008,7,24,USA,9352,trousers,P072,white,4,en face,69.16,1,1,1,189.11
2008,6,1,UK,7692,trousers,P166,red,5,profile,191.13,2,5,0,0.0
2008,6,2,Germany,4116,sale,P078,white,2,profile,175.9,2,5,0,0.0
2008,7,10,Italy,1427,sale,P125,black,5,en face,138.63,2,4,1,261.8
2008,6,16,Australia,497,skirts,P094,white,2,en face,11.92,1,2,0,0.0
2008,6,7,Sweden,3353,blouses,P083,brown,6,en face,60.32,1,5,0,0.0
2008,6,25,Sweden,8794,sale,P145,navy blue,2,en face,165.09,2,5,0,0.0
2008,8,7,France,759,trousers,P090,brown,6,profile,161.27,2,1,0,0.0
2008,5,24,India,838,sale,P123,violet,4,profile,93.8,1,5,1,173.24
2008,6,1,Germany,4327,sale,P194,white,4,en face,94.72,1,2,0,0.0
2008,5,17,UK,2128,skirts,P107,pink,6,profile,56.43,1,2,1,113.29
2008,6,16,Germany,1023,sale,P264,beige,1,profile,58.6,1,5,0,0.0
2008,5,20,Germany,8762,trousers,P010,pink,5,profile,150.27,2,3,0,0.0
2008,4,17,Italy,5614,sale,P205,green,5,en face,25.76,1,5,0,0.0
2008,7,21,Sweden,5581,blouses,P268,navy blue,1,en face,166.12,2,4,0,0.0
2008,7,11,Sweden,1058,blouses,P058,burgundy,1,profile,126.98,2,1,0,0.0
2008,6,2,UK,9542,blouses,P220,blue,2,en face,152.08,2,5,1,222.48
2008,7,24,India,6856,sale,P137,blue,4,profile,120.97,2,4,0,0.0
2008,7,5,Sweden,7349,sale,P080,gray,2,profile,73.44,1,1,0,0.0
2008,6,15,Sweden,9045,skirts,P044,brown,2,profile,80.55,1,5,0,0.0
2008,7,24,Australia,2129,trousers,P024,green,1,profile,170.67,2,3,0,0.0
2008,5,28,France,2767,skirts,P140,violet,6,profile,56.88,1,1,0,0.0
2008,8,11,Italy,2109,blouses,P226,beige,2,en face,45.69,1,5,0,0.0
2008,7,24,UK,3617,trousers,P153,red,6,profile,179.53,2,4,0,0.0
2008,6,17,Australia,1545,blouses,P120,pink,4,profile,85.58,1,1,0,0.0
2008,6,3,Sweden,6914,trousers,P147,black,5,en face,157.27,2,1,0,0.0
2008,5,7,France,1719,skirts,P061,red,6,profile,165.02,2,5,0,0.0
2008,6,22,Italy,7435,trousers,P135,navy blue,3,profile,196.94,2,2,0,0.0
2008,5,27,UK,7365,trousers,P030,navy blue,5,en face,111.61,2,1,0,0.0
2008,8,14,UK,6235,skirts,P067,burgundy,3,profile,64.46,1,4,0,0.0
2008,4,28,UK,725,skirts,P042,green,3,en face,110.39,2,1,0,0.0
2008,6,2,UK,6673,sale,P247,burgundy,1,en face,54.47,1,5,0,0.0
2008,8,23,Australia,8029,sale,P078,black,3,en face,187.2,2,3,0,0.0
2008,6,4,Australia,5492,blouses,P075,pink,6,profile,20.61,1,2,0,0.0
2008,8,8,Germany,1128,skirts,P101,gray,1,profile,57.21,1,2,0,0.0
2008,7,21,USA,2957,sale,P095,burgundy,3,profile,177.4,2,1,0,0.0
2008,8,4,Germany,5156,skirts,P219,red,3,en face,31.44,1,4,0,0.0
2008,6,2,UK,4817,trousers,P211,beige,3,profile,41.73,1,5,0,0.0
2008,7,20,France,6202,trousers,P200,red,2,profile,83.48,1,5,1,144.09
2008,4,1,UK,6224,skirts,P242,burgundy,6,en face,34.31,1,1,0,0.0
2008,6,28,India,8686,skirts,P272,green,5,en face,196.44,2,2,0,0.0
2008,8,16,Germany,7114,blouses,P042,gray,4,en face,161.43,2,4,0,0.0
2008,5,3,USA,5275,blouses,P202,olive,4,en face,100.86,1,2,1,241.87
2008,4,19,USA,8536,skirts,P010,green,6,en face,162.95,2,1,1,220.25
2008,7,26,USA,3044,trousers,P172,gray,3,profile,198.62,2,1,0,0.0
2008,4,28,USA,6912,skirts,P010,pink,4,profile,138.9,2,2,0,0.0
2008,7,25,Germany,150,skirts,P217,white,6,profile,129.48,2,1,0,0.0
2008,8,1,Sweden,7574,skirts,P274,beige,2,profile,77.17,1,3,0,0.0
2008,5,14,Australia,4206,skirts,P138,blue,5,en face,79.8,1,3,0,0.0
2008,5,19,Italy,5493,sale,P017,beige,1,en face,123.67,2,1,0,0.0
2008,4,7,Germany,2690,skirts,P016,navy blue,5,profile,133.14,2,3,0,0.0
2008,5,25,India,4221,skirts,P279,navy blue,6,profile,194.94,2,2,0,0.0
2008,6,6,USA,9102,sale,P075,blue,3,profile,199.13,2,3,1,426.41
2008,8,13,Germany,842,skirts,P039,violet,2,profile,22.54,1,2,0,0.0
2008,4,8,India,8137,blouses,P269,red,1,profile,190.01,2,3,0,0.0
2008,8,13,Sweden,6438,blouses,P046,burgundy,4,en face,72.1,1,3,0,0.0
2008,7,21,Sweden,9700,trousers,P222,beige,1,en face,11.39,1,3,0,0.0
2008,8,3,Italy,6200,trousers,P242,red,6,en face,77.19,1,2,0,0.0
2008,6,26,India,2795,sale,P008,gray,6,profile,47.87,1,4,0,0.0
2008,6,2,Germany,7626,blouses,P078,gray,2,profile,10.46,1,1,0,0.0
2008,5,20,USA,8475,skirts,P134,black,2,en face,175.45,2,1,0,0.0
2008,8,14,India,7890,trousers,P224,gray,1,en face,86.33,1,3,0,0.0
2008,6,28,UK,6608,skirts,P149,navy blue,3,en face,64.58,1,4,0,0.0
2008,6,26,France,9195,sale,P088,burgundy,3,profile,113.1,2,1,0,0.0
2008,8,6,UK,8248,sale,P171,brown,5,profile,121.66,2,2,0,0.0
2008,8,15,France,1393,skirts,P296,brown,6,en face,182.58,2,5,0,0.0
2008,7,27,France,1922,skirts,P075,pink,1,profile,173.44,2,3,0,0.0
2008,5,2,India,7019,trousers,P232,black,2,profile,49.35,1,5,0,0.0
2008,5,10,UK,3622,sale,P053,blue,6,profile,22.9,1,4,0,0.0
2008,8,7,France,4849,sale,P250,red,2,profile,36.8,1,5,0,0.0
2008,6,4,Italy,2292,blouses,P029,gray,2,en face,187.25,2,1,0,0.0
2008,4,13,Germany,2134,sale,P025,navy blue,6,profile,106.9,2,3,0,0.0
2008,6,10,India,551,skirts,P174,gray,3,profile,65.0,1,2,0,0.0
2008,5,21,Italy,1741,skirts,P271,pink,3,profile,119.67,2,1,1,346.77
2008,6,27,USA,5290,sale,P228,blue,4,en face,133.25,2,4,0,0.0
2008,8,14,Italy,1818,skirts,P066,green,4,en face,132.97,2,3,0,0.0
2008,7,8,Australia,4699,sale,P027,red,5,en face,38.18,1,4,0,0.0
2008,6,12,India,5182,trousers,P293,gray,6,profile,116.49,2,4,1,305.51
2008,7,4,UK,3019,blouses,P104,brown,4,en face,123.15,2,4,0,0.0
2008,8,3,Sweden,18,trousers,P080,navy blue,2,profile,125.42,2,5,0,0.0
2008,7,10,Australia,1771,skirts,P260,violet,4,profile,136.64,2,2,0,0.0
2008,7,10,Italy,1889,trousers,P150,blue,6,en face,131.34,2,3,1,362.94
2008,8,3,USA,2153,trousers,P252,white,5,en face,30.08,1,4,1,66.21
2008,6,9,UK,1643,sale,P080,brown,4,profile,44.49,1,5,0,0.0
2008,4,15,France,7847,skirts,P158,pink,4,en face,25.54,1,4,0,0.0
2008,6,20,Australia,4194,sale,P101,green,4,en face,115.0,2,4,0,0.0
2008,8,8,Sweden,9433,skirts,P271,violet,4,profile,51.17,1,3,0,0.0
2008,4,20,Sweden,8899,trousers,P269,blue,4,en face,45.38,1,5,0,0.0
2008,8,9,Sweden,534,blouses,P237,gray,4,profile,91.07,1,4,0,0.0
2008,7,18,Australia,133,trousers,P030,red,6,profile,36.58,1,5,0,0.0
2008,6,8,USA,7723,blouses,P037,red,2,en face,43.64,1,1,1,114.65
2008,6,13,Germany,8459,skirts,P196,green,4,en face,151.31,2,4,0,0.0
2008,6,7,Germany,965,skirts,P195,gray,6,en face,181.05,2,2,1,256.06
2008,5,27,Germany,8720,blouses,P287,blue,3,profile,160.26,2,1,0,0.0
2008,5,19,Sweden,6413,trousers,P155,blue,6,en face,130.78,2,2,0,0.0
2008,5,28,India,8286,blouses,P262,olive,6,profile,190.83,2,4,0,0.0
2008,6,8,India,7854,sale,P245,navy blue,6,profile,199.94,2,3,0,0.0
2008,5,9,Australia,1096,blouses,P109,blue,3,en face,178.08,2,3,0,0.0
2008,8,19,Sweden,6930,trousers,P299,olive,4,profile,193.49,2,3,0,0.0
2008,5,14,UK,9255,blouses,P127,white,5,profile,68.95,1,3,0,0.0
2008,5,7,Italy,1562,skirts,P032,black,1,profile,187.8,2,3,0,0.0
2008,6,17,Australia,1671,skirts,P247,pink,4,en face,92.51,1,5,0,0.0
2008,7,15,USA,6088,sale,P242,green,2,profile,120.68,2,5,0,0.0
2008,6,22,USA,6670,skirts,P273,white,1,en face,184.91,2,4,0,0.0
2008,7,17,UK,5934,skirts,P105,pink,2,en face,99.27,1,5,1,163.91
2008,7,4,Germany,8830,skirts,P128,navy blue,4,en face,108.33,2,3,0,0.0
2008,6,20,Italy,7946,blouses,P198,navy blue,1,en face,57.62,1,5,0,0.0
2008,8,26,Sweden,3509,skirts,P009,green,2,en face,158.92,2,3,0,0.0
2008,5,1,France,2003,trousers,P165,pink,1,profile,175.02,2,4,0,0.0
2008,7,18,UK,5867,skirts,P283,red,3,en face,148.32,2,3,0,0.0
2008,4,27,UK,169,blouses,P080,green,2,en face,90.56,1,2,0,0.0
2008,4,16,France,2589,sale,P246,white,2,profile,137.61,2,2,0,0.0
2008,7,20,USA,5906,blouses,P002,burgundy,1,profile,67.05,1,5,0,0.0
2008,6,10,France,9530,sale,P015,black,1,profile,57.36,1,5,0,0.0
2008,6,22,USA,6385,trousers,P211,gray,4,en face,133.34,2,5,0,0.0
2008,5,5,Germany,7825,trousers,P096,white,1,en face,151.39,2,1,0,0.0
2008,6,18,USA,9780,skirts,P066,violet,2,en face,60.47,1,3,0,0.0
2008,6,17,France,4630,sale,P153,olive,5,en face,113.93,2,5,1,221.85
2008,7,1,France,8561,sale,P057,beige,5,profile,159.3,2,3,0,0.0
2008,8,2,France,9292,sale,P122,red,6,en face,24.68,1,1,0,0.0
2008,5,27,USA,6875,sale,P078,blue,6,en face,129.08,2,1,0,0.0
2008,8,25,USA,6522,blouses,P031,blue,3,profile,156.99,2,4,0,0.0
2008,8,3,France,8980,skirts,P213,blue,1,profile,72.68,1,3,0,0.0
2008,5,8,USA,6648,blouses,P055,red,1,profile,68.48,1,4,0,0.0
2008,6,26,UK,9826,blouses,P014,blue,6,en face,106.48,2,4,0,0.0
2008,6,19,Italy,211,trousers,P172,gray,3,profile,57.69,1,4,0,0.0
2008,4,11,USA,5279,skirts,P121,brown,3,en face,51.31,1,5,0,0.0
2008,7,12,France,1920,skirts,P051,black,5,en face,27.19,1,2,0,0.0
2008,5,23,France,719,trousers,P281,navy blue,3,profile,197.87,2,5,0,0.0
2008,6,26,France,4869,blouses,P033,violet,5,en face,16.94,1,2,0,0.0
2008,6,23,Australia,7835,sale,P274,blue,2,profile,103.83,1,1,0,0.0
2008,7,22,France,1299,trousers,P235,black,2,profile,35.48,1,2,0,0.0
2008,6,20,Germany,9194,blouses,P139,pink,4,profile,55.24,1,2,0,0.0
2008,4,28,Italy,4618,blouses,P090,gray,3,en face,193.31,2,5,0,0.0
2008,8,12,Italy,3129,sale,P126,pink,6,en face,57.2,1,1,1,64.63
2008,8,1,UK,9796,skirts,P059,burgundy,4,profile,88.05,1,4,0,0.0
2008,7,18,India,3980,trousers,P017,beige,3,en face,56.68,1,3,0,0.0
2008,7,28,India,9925,blouses,P228,black,4,en face,50.64,1,3,0,0.0
2008,7,15,Germany,8318,skirts,P051,olive,4,profile,129.2,2,5,1,237.52
2008,5,22,Australia,4394,sale,P040,red,1,en face,36.28,1,1,0,0.0
2008,5,10,Italy,1288,blouses,P142,beige,4,en face,45.79,1,1,0,0.0
2008,4,4,Germany,4356,skirts,P271,olive,1,profile,172.96,2,1,0,0.0
2008,4,4,France,7014,blouses,P042,gray,6,profile,170.81,2,5,0,0.0
2008,6,15,USA,3886,blouses,P158,pink,6,en face,43.36,1,1,0,0.0
2008,5,8,Sweden,5750,trousers,P121,olive,4,profile,90.95,1,2,0,0.0
2008,7,20,Italy,9170,blouses,P178,blue,6,profile,133.09,2,5,0,0.0
2008,4,9,Italy,2408,sale,P179,violet,4,en face,78.96,1,5,1,212.31
2008,5,2,Germany,2014,skirts,P130,violet,1,profile,177.24,2,5,0,0.0
2008,4,6,UK,5154,sale,P005,white,4,profile,64.55,1,2,0,0.0
2008,8,19,UK,8552,blouses,P107,green,3,profile,113.61,2,4,0,0.0
2008,5,16,Australia,4377,blouses,P261,green,5,profile,140.84,2,1,1,200.51
2008,7,1,Australia,8823,trousers,P272,pink,4,en face,110.36,2,3,0,0.0
2008,4,21,India,4274,blouses,P044,brown,5,profile,115.61,2,5,0,0.0
2008,6,13,India,5826,blouses,P210,pink,1,en face,57.77,1,1,0,0.0
2008,4,14,India,6700,blouses,P288,violet,6,profile,33.77,1,3,0,0.0
2008,8,10,UK,7244,skirts,P069,burgundy,1,profile,181.41,2,5,0,0.0
2008,5,10,India,450,trousers,P159,white,1,en face,148.45,2,2,0,0.0
2008,4,21,India,2228,skirts,P219,navy blue,1,en face,92.97,1,4,1,243.32
2008,4,23,Australia,5757,sale,P175,navy blue,1,en face,178.79,2,1,0,0.0
2008,7,13,India,811,skirts,P135,burgundy,1,en face,81.73,1,5,0,0.0
2008,4,26,India,4181,trousers,P144,black,2,en face,157.26,2,5,0,0.0
2008,6,16,Australia,9001,sale,P242,beige,4,profile,109.14,2,2,0,0.0
2008,5,25,India,5439,blouses,P297,green,1,profile,158.54,2,1,0,0.0
2008,8,13,France,7534,blouses,P056,white,6,profile,170.22,2,1,0,0.0
2008,4,26,Australia,6370,sale,P166,violet,1,en face,96.65,1,3,0,0.0
2008,7,1,France,8417,trousers,P047,beige,6,en face,187.19,2,4,0,0.0
2008,8,13,India,1478,trousers,P095,burgundy,1,en face,175.75,2,2,0,0.0
2008,5,13,Italy,1791,skirts,P140,white,4,profile,142.91,2,1,0,0.0
2008,5,27,Germany,2009,sale,P132,violet,1,profile,72.57,1,3,0,0.0
2008,5,16,Sweden,683,trousers,P240,gray,5,profile,72.69,1,5,0,0.0
2008,7,2,UK,2817,skirts,P155,blue,5,profile,11.6,1,4,1,27.22
2008,4,9,India,9432,skirts,P132,navy blue,6,profile,143.18,2,4,0,0.0
2008,6,20,Italy,3775,sale,P145,black,3,en face,153.02,2,4,0,0.0
2008,8,9,France,6496,trousers,P003,blue,5,en face,174.31,2,3,0,0.0
2008,7,27,Germany,8879,sale,P029,red,3,en face,72.48,1,1,0,0.0
2008,6,15,Sweden,7362,skirts,P236,white,2,profile,144.51,2,1,0,0.0
2008,4,5,Italy,8367,blouses,P178,black,2,profile,75.96,1,5,0,0.0
2008,6,26,Australia,7475,skirts,P262,burgundy,4,en face,42.51,1,4,0,0.0
2008,5,11,Sweden,47,blouses,P148,burgundy,1,en face,143.78,2,4,0,0.0
2008,6,22,France,31,skirts,P269,white,4,profile,187.74,2,1,0,0.0
2008,4,4,Sweden,8251,sale,P038,violet,5,en face,196.75,2,2,1,262.49
2008,7,15,Italy,6936,trousers,P007,navy blue,4,en face,22.43,1,3,0,0.0
2008,4,20,Italy,1469,blouses,P218,white,3,profile,168.02,2,4,1,297.22
2008,8,25,France,1666,skirts,P280,white,5,profile,193.43,2,1,0,0.0
2008,4,6,Australia,1417,sale,P268,brown,4,profile,146.21,2,5,1,438.04
2008,5,25,Sweden,6481,skirts,P113,red,2,profile,136.72,2,5,0,0.0
2008,4,7,France,4853,sale,P089,brown,5,en face,134.59,2,4,0,0.0
2008,4,11,USA,2471,trousers,P298,red,3,profile,131.81,2,5,1,165.1
2008,6,11,UK,4374,sale,P163,violet,2,profile,88.61,1,5,0,0.0
2008,5,14,Germany,8525,blouses,P198,beige,1,profile,57.87,1,2,0,0.0
2008,7,20,Germany,430,skirts,P085,burgundy,2,en face,12.99,1,4,0,0.0
2008,7,4,USA,5245,trousers,P141,olive,1,en face,56.16,1,3,0,0.0
2008,7,13,Italy,2120,sale,P141,olive,2,en face,168.7,2,5,0,0.0
2008,4,28,India,386,sale,P281,brown,1,en face,198.84,2,2,0,0.0
2008,4,1,UK,1946,trousers,P215,red,4,en face,51.91,1,3,0,0.0
2008,7,22,Italy,4225,sale,P175,beige,6,en face,37.85,1,3,0,0.0
2008,8,24,USA,474,skirts,P094,gray,2,en face,17.51,1,4,0,0.0
2008,5,2,India,2130,blouses,P281,violet,2,profile,70.68,1,2,0,0.0
2008,4,24,Sweden,6557,blouses,P158,white,3,profile,135.56,2,2,1,256.47
2008,5,13,UK,6999,blouses,P171,olive,5,profile,140.47,2,2,0,0.0
2008,6,21,Italy,1056,blouses,P029,navy blue,5,profile,159.53,2,5,0,0.0
2008,8,20,Sweden,3275,blouses,P244,beige,2,profile,154.16,2,3,0,0.0
2008,5,6,Germany,4962,blouses,P193,burgundy,2,en face,151.74,2,4,1,278.47
2008,4,19,Sweden,5364,sale,P279,black,5,en face,86.86,1,4,0,0.0
2008,6,12,Italy,5817,trousers,P010,red,4,en face,197.61,2,1,0,0.0
2008,5,3,Sweden,812,sale,P238,white,2,profile,170.9,2,4,0,0.0
2008,8,14,France,4574,skirts,P156,burgundy,6,en face,51.84,1,3,0,0.0
2008,5,18,UK,6138,blouses,P063,pink,4,profile,48.12,1,1,0,0.0
2008,5,15,India,2389,blouses,P106,brown,3,profile,64.84,1,2,1,137.54
2008,5,14,USA,9649,blouses,P097,navy blue,2,en face,58.85,1,5,0,0.0
2008,5,11,Sweden,6226,trousers,P007,white,4,profile,150.68,2,4,0,0.0
2008,6,11,UK,112,skirts,P008,olive,6,en face,39.52,1,5,0,0.0
2008,8,12,Sweden,8910,trousers,P130,white,1,en face,48.14,1,1,0,0.0
2008,7,22,Germany,1746,sale,P247,blue,6,en face,126.35,2,1,0,0.0
2008,7,12,Sweden,7852,blouses,P009,olive,2,profile,20.69,1,1,0,0.0
2008,6,20,India,1453,skirts,P207,gray,6,en face,192.6,2,2,0,0.0
2008,6,19,UK,320,trousers,P103,black,4,en face,20.49,1,5,0,0.0
2008,4,21,Germany,8594,blouses,P249,brown,5,en face,89.56,1,5,0,0.0
2008,7,2,USA,3334,trousers,P243,white,4,profile,178.4,2,5,0,0.0
2008,6,9,UK,1923,blouses,P127,navy blue,1,profile,39.67,1,5,0,0.0
2008,8,11,Germany,5866,sale,P239,red,1,profile,73.07,1,1,0,0.0
2008,4,9,France,9529,trousers,P143,black,1,en face,108.12,2,4,0,0.0
2008,8,16,India,3686,sale,P222,brown,6,profile,145.41,2,2,0,0.0
2008,7,3,UK,4276,trousers,P144,burgundy,2,profile,49.2,1,4,0,0.0
2008,5,28,Australia,4890,sale,P075,beige,5,en face,187.38,2,5,0,0.0
2008,6,12,Australia,5226,sale,P174,red,1,profile,130.87,2,2,0,0.0
2008,5,26,Italy,7473,blouses,P207,brown,6,en face,89.63,1,5,0,0.0
2008,6,22,France,3606,sale,P010,pink,1,en face,143.44,2,2,0,0.0
2008,4,14,France,1053,skirts,P221,blue,5,profile,124.32,2,2,0,0.0
2008,7,21,Australia,4157,skirts,P263,navy blue,1,en face,171.91,2,4,0,0.0
2008,6,2,Sweden,9677,skirts,P123,beige,3,profile,61.01,1,2,0,0.0
2008,4,20,Sweden,100,skirts,P056,burgundy,3,en face,90.21,1,4,0,0.0
2008,6,2,Italy,7509,trousers,P136,green,1,profile,170.95,2,3,1,399.21
2008,6,26,Germany,1457,sale,P295,beige,6,profile,172.9,2,1,0,0.0
2008,6,27,Italy,7689,trousers,P279,violet,2,en face,179.64,2,4,0,0.0
2008,5,15,Italy,4005,blouses,P243,beige,2,profile,111.76,2,3,0,0.0
2008,7,17,Sweden,6867,blouses,P209,pink,1,en face,60.96,1,5,0,0.0
2008,8,1,Sweden,4510,trousers,P037,pink,5,profile,133.15,2,4,1,353.13
2008,6,9,Germany,3300,blouses,P022,blue,1,profile,134.41,2,3,0,0.0
2008,5,21,USA,3800,blouses,P116,blue,3,en face,62.17,1,4,0,0.0
2008,5,12,Australia,4282,blouses,P121,gray,4,en face,160.74,2,3,0,0.0
2008,8,15,UK,9052,blouses,P179,green,3,en face,85.84,1,2,0,0.0
2008,5,1,Australia,6463,trousers,P089,red,4,en face,104.43,1,3,0,0.0
2008,6,18,USA,7913,blouses,P026,beige,4,en face,198.73,2,4,0,0.0
2008,4,12,Sweden,1415,trousers,P209,olive,6,profile,103.28,1,4,0,0.0
2008,4,7,Sweden,541,sale,P131,violet,3,profile,199.82,2,1,0,0.0
2008,6,23,France,5816,skirts,P283,gray,2,profile,79.23,1,2,0,0.0
2008,8,10,Germany,8200,trousers,P167,brown,5,profile,132.27,2,4,0,0.0
2008,4,24,Germany,3681,sale,P194,red,1,en face,177.47,2,5,1,306.75
2008,6,14,France,755,trousers,P161,white,5,profile,187.67,2,3,0,0.0
2008,6,26,Australia,4197,skirts,P250,gray,3,profile,12.0,1,4,0,0.0
2008,4,1,France,2651,blouses,P076,green,1,profile,77.61,1,3,0,0.0
2008,8,6,Australia,4523,sale,P209,beige,5,profile,94.04,1,4,0,0.0
2008,4,13,France,9520,sale,P264,navy blue,2,en face,38.86,1,5,0,0.0
2008,6,16,Australia,3119,trousers,P117,burgundy,5,en face,50.19,1,5,0,0.0
2008,5,15,UK,3729,sale,P089,white,1,profile,92.93,1,1,0,0.0
2008,7,1,Italy,3887,blouses,P056,pink,2,en face,41.66,1,5,0,0.0
2008,7,11,USA,7108,trousers,P208,violet,4,profile,133.0,2,2,1,316.98
2008,6,14,Sweden,8069,blouses,P100,green,2,profile,41.2,1,5,0,0.0
2008,8,8,Australia,7326,sale,P040,red,6,en face,146.21,2,2,0,0.0
2008,8,5,Australia,8484,blouses,P125,violet,3,en face,181.06,2,5,0,0.0
2008,4,8,Germany,8768,trousers,P230,white,5,en face,92.57,1,4,0,0.0
2008,8,28,Germany,6501,trousers,P177,white,5,en face,25.92,1,1,0,0.0
2008,6,6,Germany,8427,trousers,P277,green,5,profile,154.88,2,2,0,0.0
2008,7,7,France,7964,blouses,P099,burgundy,5,en face,145.65,2,4,0,0.0
2008,7,23,USA,602,trousers,P281,brown,5,en face,79.9,1,2,0,0.0
2008,8,12,Germany,9250,skirts,P186,gray,4,en face,152.66,2,4,0,0.0
2008,5,8,France,8920,skirts,P183,gray,1,profile,27.47,1,2,0,0.0
2008,5,13,UK,6815,skirts,P017,navy blue,6,en face,23.93,1,5,0,0.0
2008,5,19,Italy,5412,skirts,P106,olive,6,profile,181.13,2,2,0,0.0
2008,5,6,Italy,8748,trousers,P127,gray,1,profile,123.05,2,1,1,215.51
2008,4,14,USA,5523,blouses,P128,pink,6,en face,59.76,1,3,0,0.0
2008,6,11,Australia,1045,trousers,P094,olive,2,profile,142.62,2,3,1,305.06
2008,5,1,USA,7335,blouses,P062,navy blue,6,en face,95.54,1,4,0,0.0
2008,6,19,Germany,1558,sale,P204,burgundy,4,profile,128.33,2,3,0,0.0
2008,4,22,Italy,3740,sale,P005,navy blue,6,profile,191.83,2,2,0,0.0
2008,8,24,France,3523,skirts,P036,pink,2,en face,89.12,1,5,0,0.0
2008,4,26,Germany,181,blouses,P119,green,2,en face,111.35,2,2,1,301.09
2008,8,15,France,2116,skirts,P060,olive,1,profile,69.07,1,4,0,0.0
2008,7,3,Australia,1700,trousers,P253,white,5,profile,130.83,2,2,0,0.0
2008,5,14,Sweden,1380,blouses,P036,brown,6,en face,122.43,2,3,1,149.49
2008,5,10,UK,7230,trousers,P214,red,1,en face,144.0,2,4,0,0.0
2008,4,22,India,9144,skirts,P110,white,1,profile,15.22,1,1,0,0.0
2008,7,16,Germany,619,blouses,P069,navy blue,6,profile,197.54,2,4,0,0.0
2008,4,25,France,3182,sale,P141,olive,5,profile,137.83,2,4,0,0.0
2008,4,8,UK,9852,blouses,P036,burgundy,1,en face,53.99,1,1,0,0.0
2008,8,1,Sweden,1601,blouses,P294,beige,3,en face,182.24,2,3,0,0.0
2008,4,10,India,5964,sale,P198,burgundy,5,profile,190.99,2,4,1,295.06
2008,7,27,Australia,1616,trousers,P030,white,6,en face,186.88,2,2,0,0.0
2008,4,23,Germany,5921,skirts,P107,burgundy,6,en face,90.74,1,4,0,0.0
2008,5,8,France,9592,skirts,P222,red,4,en face,32.17,1,5,0,0.0
2008,6,2,France,3892,skirts,P178,burgundy,5,en face,94.78,1,3,0,0.0
2008,7,2,Australia,2084,skirts,P170,burgundy,3,profile,114.98,2,4,0,0.0
2008,4,20,Australia,4575,trousers,P117,pink,2,profile,94.3,1,3,0,0.0
2008,8,10,Germany,5595,skirts,P240,black,3,en face,107.73,2,2,0,0.0
2008,8,24,India,5122,sale,P068,burgundy,3,en face,116.25,2,5,0,0.0
2008,8,28,USA,4588,skirts,P299,red,2,en face,194.43,2,4,0,0.0
2008,6,11,Italy,4903,trousers,P026,white,4,profile,91.83,1,3,0,0.0
2008,4,12,UK,8253,trousers,P125,pink,3,profile,31.96,1,5,0,0.0
2008,7,9,Sweden,5917,sale,P023,white,1,profile,41.97,1,4,0,0.0
2008,6,25,USA,5130,trousers,P210,brown,2,en face,145.3,2,1,1,256.66
2008,7,5,France,8335,blouses,P211,burgundy,2,profile,46.29,1,5,0,0.0
2008,8,13,UK,1919,sale,P267,navy blue,2,en face,128.87,2,4,0,0.0
2008,6,26,India,8331,trousers,P229,green,3,en face,190.73,2,5,0,0.0
2008,8,15,Sweden,5708,blouses,P125,red,6,en face,30.28,1,1,0,0.0
2008,6,15,Italy,5385,sale,P140,violet,6,en face,178.28,2,3,0,0.0
2008,5,19,Sweden,6337,trousers,P137,blue,4,en face,188.75,2,4,1,436.45
2008,5,18,USA,2055,blouses,P069,pink,2,en face,198.46,2,2,0,0.0
2008,7,19,Germany,7613,skirts,P196,navy blue,5,profile,190.38,2,4,0,0.0
2008,6,6,Italy,9210,skirts,P172,olive,2,en face,166.06,2,2,0,0.0
2008,4,24,Sweden,3964,sale,P189,green,6,en face,39.23,1,3,0,0.0
2008,7,14,India,1127,trousers,P273,black,6,en face,103.19,1,4,0,0.0
2008,8,17,USA,3429,blouses,P037,violet,2,profile,190.64,2,4,0,0.0
2008,7,13,USA,4602,blouses,P082,violet,3,en face,160.47,2,3,0,0.0
2008,5,23,France,3722,trousers,P045,burgundy,6,en face,147.44,2,1,0,0.0
2008,5,16,France,2390,trousers,P051,pink,6,en face,13.76,1,1,0,0.0
2008,8,24,UK,1323,blouses,P051,gray,3,en face,138.65,2,3,1,206.29
2008,6,12,USA,1604,sale,P168,red,2,profile,191.59,2,2,0,0.0
2008,6,8,Sweden,7225,skirts,P274,red,1,profile,178.8,2,2,0,0.0
2008,4,20,USA,7426,blouses,P073,blue,2,en face,193.81,2,2,0,0.0
2008,6,23,France,4337,trousers,P028,beige,3,en face,167.93,2,4,0,0.0
2008,6,3,Australia,5594,trousers,P193,olive,4,profile,160.77,2,1,0,0.0
2008,4,13,France,4412,blouses,P115,burgundy,2,profile,87.8,1,5,0,0.0
2008,6,19,France,5859,trousers,P290,pink,5,profile,149.67,2,3,0,0.0
2008,8,26,India,9344,skirts,P079,olive,1,en face,186.96,2,1,0,0.0
2008,6,9,UK,3992,skirts,P021,gray,5,profile,74.25,1,3,0,0.0
2008,6,7,UK,6080,sale,P297,red,5,profile,10.69,1,1,0,0.0
2008,5,14,UK,1560,sale,P002,gray,6,profile,145.55,2,2,1,203.37
2008,4,5,Australia,4683,skirts,P152,black,3,en face,48.67,1,1,0,0.0
2008,8,18,India,7558,trousers,P122,green,3,en face,123.84,2,5,0,0.0
2008,4,25,USA,3773,blouses,P279,burgundy,4,profile,74.57,1,4,1,103.96
2008,5,15,Australia,8780,sale,P192,pink,1,profile,153.15,2,5,0,0.0
2008,7,15,India,3458,blouses,P184,violet,5,en face,143.24,2,2,0,0.0
2008,4,6,France,8384,sale,P234,green,4,profile,138.61,2,3,1,241.31
2008,7,13,USA,1355,trousers,P264,navy blue,1,en face,32.78,1,2,0,0.0
2008,4,12,USA,46,blouses,P217,burgundy,6,en face,91.76,1,1,1,241.07
2008,4,16,Germany,9873,skirts,P062,navy blue,5,en face,41.52,1,4,0,0.0
2008,4,21,UK,749,sale,P288,blue,2,profile,198.34,2,2,0,0.0
2008,7,1,France,7918,sale,P106,white,3,profile,49.73,1,5,0,0.0
2008,7,25,Sweden,4242,skirts,P102,blue,4,profile,193.55,2,2,0,0.0
2008,8,19,Germany,5629,blouses,P222,red,3,profile,158.97,2,4,0,0.0
2008,8,2,India,4658,skirts,P254,pink,3,en face,195.15,2,1,0,0.0
2008,6,14,Italy,4239,blouses,P043,blue,5,en face,188.02,2,3,0,0.0
2008,5,16,France,3461,sale,P131,navy blue,3,profile,127.93,2,5,0,0.0
2008,5,14,UK,7382,trousers,P004,white,2,en face,122.69,2,3,0,0.0
2008,8,18,Australia,5550,blouses,P232,gray,3,profile,131.02,2,1,0,0.0
2008,7,2,USA,7076,blouses,P008,navy blue,1,profile,131.35,2,5,0,0.0
2008,5,28,Sweden,5839,sale,P280,burgundy,6,profile,161.01,2,3,0,0.0
2008,6,26,France,8092,blouses,P058,navy blue,6,en face,148.27,2,3,0,0.0
2008,8,21,USA,5475,sale,P076,burgundy,6,en face,42.56,1,3,0,0.0
2008,6,24,Sweden,3615,trousers,P280,brown,4,profile,63.33,1,4,0,0.0
2008,6,11,Germany,7502,skirts,P232,brown,3,en face,138.81,2,3,0,0.0
2008,5,9,Germany,7054,sale,P012,violet,1,en face,122.71,2,2,0,0.0
2008,4,28,India,7368,sale,P018,green,4,en face,108.1,2,3,0,0.0
2008,7,21,India,8020,trousers,P207,green,4,en face,141.15,2,4,0,0.0
2008,4,8,Germany,9639,sale,P081,violet,2,en face,147.56,2,3,0,0.0
2008,6,12,France,9056,skirts,P219,pink,4,en face,146.52,2,1,0,0.0
2008,6,20,Sweden,665,trousers,P268,pink,6,profile,157.73,2,1,0,0.0
2008,6,18,UK,2320,sale,P114,black,3,en face,89.04,1,2,0,0.0
2008,7,5,India,3543,skirts,P150,beige,2,profile,174.9,2,2,0,0.0
2008,7,23,Sweden,3678,trousers,P202,green,3,profile,54.45,1,2,0,0.0
2008,6,14,UK,9600,sale,P068,brown,5,en face,154.08,2,4,0,0.0
2008,5,14,Germany,3092,sale,P286,beige,4,en face,122.26,2,4,0,0.0
2008,8,27,Italy,676,skirts,P058,navy blue,1,profile,92.71,1,3,0,0.0
2008,6,12,Italy,8677,blouses,P223,burgundy,3,en face,88.87,1,5,0,0.0
2008,7,10,France,4885,skirts,P245,beige,1,en face,89.8,1,3,0,0.0
2008,5,27,UK,8080,trousers,P170,violet,6,en face,42.71,1,1,1,115.08
2008,8,10,Italy,1963,blouses,P216,burgundy,1,en face,178.66,2,2,0,0.0
2008,7,20,Germany,1841,skirts,P269,brown,5,profile,198.94,2,1,0,0.0
2008,7,3,Germany,7169,sale,P218,white,1,profile,22.43,1,1,0,0.0
2008,6,17,USA,9899,blouses,P272,blue,2,profile,193.49,2,5,0,0.0
2008,5,2,Germany,3539,trousers,P023,beige,6,profile,95.64,1,4,0,0.0
2008,7,20,UK,8027,blouses,P133,white,4,en face,106.66,2,3,0,0.0
2008,5,18,Germany,4867,blouses,P080,olive,6,profile,100.42,1,3,0,0.0
2008,8,25,Italy,4175,trousers,P073,gray,6,profile,132.11,2,3,1,333.05
2008,4,27,Italy,8089,skirts,P264,blue,1,profile,70.41,1,2,0,0.0
2008,6,26,India,4378,sale,P186,black,6,profile,107.63,2,5,0,0.0
2008,6,21,USA,6212,sale,P048,brown,5,en face,163.24,2,3,0,0.0
2008,8,14,Italy,4767,skirts,P251,green,5,en face,30.99,1,2,0,0.0
2008,5,5,Germany,412,blouses,P224,olive,4,en face,71.71,1,2,0,0.0
2008,6,14,France,614,sale,P042,olive,5,en face,168.94,2,1,0,0.0
2008,7,3,France,6127,trousers,P064,red,2,profile,98.16,1,3,0,0.0
2008,7,11,France,5211,blouses,P296,olive,4,en face,112.47,2,4,0,0.0
2008,5,21,Germany,1431,trousers,P009,gray,6,profile,185.36,2,4,0,0.0
2008,8,23,Italy,2426,blouses,P103,violet,3,profile,118.93,2,5,1,355.24
2008,8,24,India,8842,sale,P059,green,4,profile,46.0,1,3,0,0.0
2008,6,24,UK,3834,blouses,P245,blue,3,en face,11.83,1,2,0,0.0
2008,4,2,Italy,4719,sale,P029,gray,4,profile,149.43,2,3,0,0.0
2008,7,1,Italy,7186,trousers,P106,black,2,en face,89.71,1,5,0,0.0
2008,5,21,France,1418,blouses,P003,violet,3,profile,44.46,1,5,0,0.0
2008,7,19,UK,7200,sale,P045,gray,3,en face,130.62,2,2,0,0.0
2008,6,26,UK,605,skirts,P152,blue,3,profile,52.47,1,1,0,0.0
2008,4,28,India,1273,skirts,P055,navy blue,6,en face,28.47,1,5,0,0.0
2008,4,21,France,3965,skirts,P286,red,2,en face,10.13,1,2,0,0.0
2008,5,28,France,6368,blouses,P256,white,2,en face,155.19,2,4,0,0.0
2008,7,4,Australia,8747,trousers,P140,green,2,profile,96.46,1,5,0,0.0
2008,4,4,India,248,blouses,P003,red,2,en face,85.46,1,5,0,0.0
2008,6,4,Italy,9227,sale,P129,beige,2,en face,143.55,2,4,0,0.0
2008,5,23,Sweden,1983,blouses,P135,gray,6,profile,37.71,1,4,0,0.0
2008,4,21,India,2836,trousers,P218,red,6,profile,86.37,1,2,0,0.0
2008,5,3,India,5376,skirts,P080,black,3,profile,137.71,2,2,0,0.0
2008,7,23,France,200,trousers,P203,blue,3,en face,37.31,1,4,0,0.0
2008,6,20,USA,486,skirts,P195,burgundy,5,en face,153.95,2,5,0,0.0
2008,7,26,India,6084,sale,P199,olive,2,en face,13.7,1,5,0,0.0
2008,8,24,USA,8957,skirts,P083,pink,4,en face,130.36,2,4,1,204.3
2008,5,6,Australia,456,skirts,P038,green,2,profile,29.46,1,1,1,32.61
2008,7,3,Italy,9799,trousers,P207,gray,3,en face,153.95,2,1,0,0.0
2008,4,19,USA,8827,skirts,P142,navy blue,2,en face,90.24,1,5,0,0.0
2008,5,14,Germany,6516,skirts,P005,olive,3,profile,190.71,2,3,0,0.0
2008,6,4,UK,1722,blouses,P188,violet,2,en face,40.0,1,4,0,0.0
2008,8,5,Australia,7051,sale,P158,green,2,profile,134.65,2,1,0,0.0
2008,7,21,India,6383,sale,P232,black,1,en face,86.52,1,1,0,0.0
2008,5,22,India,8166,skirts,P039,gray,2,en face,22.71,1,3,0,0.0
2008,5,15,Italy,5768,trousers,P010,black,4,en face,115.33,2,5,0,0.0
2008,6,19,Germany,5810,blouses,P068,navy blue,2,en face,99.94,1,5,0,0.0
2008,6,8,France,4627,sale,P003,white,5,profile,153.41,2,4,0,0.0
2008,6,21,Italy,863,skirts,P089,brown,3,en face,141.23,2,5,0,0.0
2008,5,10,Germany,2095,sale,P118,navy blue,2,profile,172.43,2,4,0,0.0
2008,7,5,Australia,948,sale,P178,blue,4,profile,163.4,2,2,0,0.0
2008,7,15,UK,5642,skirts,P282,burgundy,1,profile,66.99,1,3,0,0.0
2008,5,17,Italy,1445,trousers,P026,violet,4,profile,14.23,1,3,0,0.0
2008,4,8,Australia,1281,blouses,P062,white,4,en face,81.97,1,4,1,105.1
2008,4,12,Sweden,3111,blouses,P185,green,5,profile,197.97,2,5,0,0.0
2008,4,17,Italy,8953,sale,P279,black,3,profile,111.93,2,2,1,290.18
2008,4,17,France,7610,trousers,P271,green,3,profile,14.67,1,5,0,0.0
2008,5,24,UK,5136,skirts,P151,white,3,profile,95.41,1,4,0,0.0
2008,4,13,India,3017,blouses,P125,white,6,profile,173.36,2,4,0,0.0
2008,4,5,USA,2303,blouses,P052,gray,3,profile,60.71,1,3,0,0.0
2008,8,16,Australia,2005,sale,P251,blue,3,en face,26.74,1,2,0,0.0
2008,5,4,France,4581,sale,P299,blue,2,en face,21.77,1,3,1,43.65
2008,8,20,UK,8705,blouses,P198,white,5,en face,184.24,2,5,0,0.0
2008,8,16,USA,1006,sale,P021,burgundy,5,en face,108.69,2,5,0,0.0
2008,7,26,Sweden,5139,blouses,P124,blue,6,en face,27.01,1,1,0,0.0
2008,8,18,India,4318,sale,P160,burgundy,2,en face,41.8,1,2,0,0.0
2008,5,20,UK,6559,trousers,P055,gray,6,profile,79.2,1,1,0,0.0
2008,5,25,USA,4388,sale,P282,brown,5,en face,75.61,1,4,0,0.0
2008,5,19,USA,2133,skirts,P205,blue,6,profile,21.05,1,4,0,0.0
2008,6,2,France,4266,trousers,P266,navy blue,2,profile,180.36,2,3,0,0.0
2008,5,6,Australia,2058,blouses,P042,red,1,profile,96.4,1,2,0,0.0
2008,6,10,UK,5387,sale,P185,gray,1,profile,35.41,1,5,0,0.0
2008,7,28,Italy,230,blouses,P021,pink,5,profile,22.51,1,1,0,0.0
2008,6,28,Italy,2890,trousers,P136,brown,3,en face,140.35,2,1,0,0.0
2008,8,5,Italy,4473,blouses,P121,gray,2,profile,173.83,2,5,0,0.0
2008,5,7,Italy,6065,blouses,P088,violet,4,en face,39.61,1,4,0,0.0
2008,4,15,Sweden,7925,skirts,P059,navy blue,5,en face,161.38,2,2,0,0.0
2008,4,18,Italy,7650,sale,P203,burgundy,4,en face,31.24,1,2,0,0.0
2008,8,14,Sweden,8382,sale,P246,navy blue,3,en face,171.3,2,4,0,0.0
2008,7,16,Italy,210,skirts,P205,blue,6,profile,178.37,2,3,1,373.35
2008,7,9,Germany,2759,trousers,P014,pink,5,en face,24.46,1,4,0,0.0
2008,4,11,USA,8472,blouses,P144,green,5,profile,30.07,1,1,1,87.27
2008,7,6,France,2949,sale,P279,blue,6,en face,184.15,2,1,1,377.07
2008,4,11,UK,7117,trousers,P001,black,4,en face,92.67,1,2,0,0.0
2008,7,20,Italy,6331,trousers,P068,green,4,en face,13.68,1,4,0,0.0
2008,7,23,France,1729,trousers,P124,green,5,en face,115.42,2,1,0,0.0
2008,5,20,India,4177,sale,P243,brown,4,profile,30.22,1,3,0,0.0
2008,7,21,Sweden,338,sale,P069,gray,1,en face,174.78,2,2,0,0.0
2008,7,9,UK,4985,trousers,P163,blue,1,en face,139.3,2,5,0,0.0
2008,8,17,Italy,6879,trousers,P180,pink,6,en face,52.63,1,4,0,0.0
2008,8,6,Germany,7249,skirts,P186,beige,6,en face,171.16,2,4,0,0.0
2008,5,27,USA,8453,skirts,P153,brown,4,en face,89.74,1,4,0,0.0
2008,6,28,Sweden,1227,sale,P244,gray,1,profile,134.39,2,4,0,0.0
2008,6,15,Germany,7609,trousers,P089,white,6,profile,178.23,2,3,0,0.0
2008,5,20,UK,6828,sale,P236,pink,6,profile,29.78,1,5,0,0.0
2008,5,7,Sweden,3541,skirts,P121,green,4,en face,137.79,2,1,0,0.0
2008,8,13,Germany,5869,sale,P065,white,3,profile,35.38,1,3,0,0.0
2008,7,20,Germany,2112,blouses,P112,white,1,en face,141.2,2,2,0,0.0
2008,4,21,Australia,2692,blouses,P016,green,5,en face,154.22,2,3,0,0.0
2008,5,23,USA,7154,trousers,P180,red,5,profile,137.31,2,3,0,0.0
2008,8,2,UK,3708,trousers,P169,black,2,profile,99.89,1,4,0,0.0
2008,8,21,UK,1018,sale,P164,violet,2,profile,109.14,2,2,1,212.53
2008,8,6,Germany,8512,trousers,P272,beige,3,en face,112.79,2,1,0,0.0
2008,4,4,Italy,2808,sale,P289,gray,1,profile,184.2,2,3,0,0.0
2008,6,21,Italy,5016,trousers,P042,violet,5,en face,173.29,2,4,0,0.0
2008,5,22,Australia,1929,sale,P274,brown,5,profile,162.66,2,2,0,0.0
2008,5,27,India,351,skirts,P118,violet,5,profile,118.68,2,2,0,0.0
2008,4,13,France,5174,sale,P113,brown,6,en face,34.26,1,5,1,35.8
2008,8,12,Germany,4193,sale,P066,brown,6,profile,147.31,2,1,0,0.0
2008,8,12,India,1935,blouses,P257,white,5,en face,171.18,2,2,0,0.0
2008,8,27,USA,6902,sale,P225,gray,3,en face,150.71,2,1,0,0.0
2008,5,22,Germany,4824,sale,P173,pink,2,en face,126.91,2,2,0,0.0
2008,7,26,France,565,sale,P149,brown,2,en face,171.33,2,4,1,477.42
2008,7,18,Sweden,1583,skirts,P189,beige,1,en face,130.78,2,5,0,0.0
2008,5,4,UK,4695,trousers,P070,red,6,en face,50.39,1,1,0,0.0
2008,8,10,Italy,2176,trousers,P095,navy blue,6,en face,108.16,2,4,0,0.0
2008,8,21,Germany,7029,skirts,P247,gray,5,profile,180.02,2,4,0,0.0
2008,5,26,Italy,4881,sale,P129,blue,4,profile,150.69,2,4,0,0.0
2008,7,12,UK,2229,blouses,P049,blue,2,en face,36.38,1,5,0,0.0
2008,7,10,Italy,1116,trousers,P197,violet,2,profile,116.87,2,3,0,0.0
2008,6,4,UK,3127,sale,P245,pink,2,en face,82.28,1,5,0,0.0
2008,6,20,India,3545,trousers,P160,white,2,profile,70.2,1,2,0,0.0
2008,8,10,Germany,5049,sale,P189,navy blue,3,profile,88.63,1,1,1,150.47
2008,8,25,India,7477,skirts,P233,violet,2,profile,64.93,1,2,0,0.0
2008,7,28,Sweden,822,blouses,P137,pink,6,en face,188.0,2,1,0,0.0
2008,7,2,UK,6533,blouses,P129,brown,5,profile,76.84,1,2,0,0.0
2008,8,17,Sweden,2273,blouses,P203,red,6,profile,55.48,1,4,0,0.0
2008,4,11,France,5546,blouses,P103,green,5,profile,166.28,2,2,0,0.0
2008,4,17,Germany,82,sale,P127,beige,1,profile,133.5,2,4,0,0.0
2008,8,21,Sweden,1324,trousers,P271,gray,1,profile,170.8,2,3,0,0.0
2008,7,8,India,9406,trousers,P062,burgundy,5,profile,125.08,2,4,0,0.0
2008,4,2,Australia,1615,trousers,P258,burgundy,4,en face,147.55,2,4,0,0.0
2008,6,14,UK,832,trousers,P018,red,4,en face,147.41,2,4,0,0.0
2008,7,17,Italy,3884,skirts,P082,white,1,en face,40.8,1,1,0,0.0
2008,4,6,France,8642,trousers,P031,white,2,profile,144.6,2,3,0,0.0
2008,6,26,France,4465,trousers,P237,burgundy,5,profile,69.52,1,5,0,0.0
2008,7,26,USA,5340,sale,P072,red,6,en face,38.77,1,2,0,0.0
2008,8,3,USA,8067,sale,P143,violet,4,en face,125.56,2,5,0,0.0
2008,7,24,India,1650,trousers,P225,beige,1,en face,115.79,2,4,0,0.0
2008,4,5,Italy,4066,sale,P094,violet,6,profile,61.27,1,3,1,168.31
2008,6,25,USA,9666,trousers,P214,red,1,profile,61.99,1,4,0,0.0
2008,4,13,France,3039,sale,P192,black,1,en face,33.41,1,1,0,0.0
2008,5,7,India,3321,skirts,P046,red,6,en face,182.75,2,1,0,0.0
2008,6,12,India,7144,trousers,P104,green,3,en face,72.99,1,2,0,0.0
2008,6,14,Italy,6890,blouses,P244,burgundy,4,profile,189.22,2,3,0,0.0
2008,5,17,UK,5093,sale,P055,violet,2,en face,163.08,2,5,0,0.0
2008,6,19,Germany,3721,blouses,P032,green,5,en face,88.79,1,2,0,0.0
2008,5,26,Sweden,2424,blouses,P146,gray,3,en face,16.52,1,1,0,0.0
2008,6,22,France,750,trousers,P112,black,1,profile,121.84,2,4,0,0.0
2008,5,11,Italy,5272,sale,P212,violet,4,en face,28.68,1,2,0,0.0
2008,6,18,Germany,2374,trousers,P249,gray,6,profile,182.17,2,2,0,0.0
2008,6,3,USA,4694,trousers,P143,violet,5,en face,173.4,2,3,0,0.0
2008,5,12,USA,9880,blouses,P162,white,5,en face,86.8,1,4,0,0.0
2008,7,7,UK,8371,sale,P091,beige,5,en face,55.99,1,2,0,0.0
2008,8,2,Germany,7320,trousers,P141,olive,6,profile,123.54,2,1,0,0.0
2008,7,24,Australia,4369,sale,P159,red,2,en face,112.84,2,1,0,0.0
2008,4,16,India,6786,skirts,P134,burgundy,5,profile,145.85,2,1,0,0.0
2008,5,26,France,7402,trousers,P100,blue,4,en face,35.8,1,5,0,0.0
2008,7,25,Sweden,1140,sale,P249,burgundy,5,profile,114.06,2,5,0,0.0
2008,5,21,Australia,7632,blouses,P135,red,6,en face,85.32,1,2,0,0.0
2008,7,13,India,2232,blouses,P085,white,1,en face,84.68,1,3,0,0.0
2008,7,17,UK,2165,sale,P225,black,1,profile,32.3,1,5,0,0.0
2008,8,19,USA,5218,skirts,P282,olive,5,en face,10.27,1,2,0,0.0
2008,5,14,France,9445,skirts,P146,brown,3,profile,136.59,2,3,0,0.0
2008,5,10,UK,9238,sale,P134,beige,4,en face,81.56,1,4,0,0.0
2008,8,20,Germany,4562,skirts,P115,navy blue,2,profile,35.04,1,4,0,0.0
2008,7,11,Italy,1571,sale,P115,black,6,en face,186.59,2,3,0,0.0
2008,5,9,Italy,173,skirts,P142,brown,1,en face,35.95,1,2,0,0.0
2008,7,14,Sweden,7164,trousers,P019,olive,5,en face,33.75,1,2,1,41.51
2008,7,14,India,2088,trousers,P219,white,4,en face,11.27,1,2,0,0.0
2008,7,18,Sweden,4668,skirts,P015,blue,1,en face,197.2,2,4,0,0.0
2008,4,3,USA,4566,skirts,P121,brown,1,profile,94.6,1,3,0,0.0
2008,4,20,France,7090,sale,P069,violet,5,profile,177.79,2,5,0,0.0
2008,7,3,Sweden,6570,skirts,P077,red,5,profile,178.95,2,4,0,0.0
2008,5,9,Italy,4784,blouses,P199,black,5,en face,11.62,1,5,0,0.0
2008,6,17,Germany,2685,skirts,P180,pink,2,en face,86.48,1,2,0,0.0
2008,5,23,France,1833,sale,P115,gray,2,en face,198.55,2,4,0,0.0
2008,5,19,India,8547,sale,P294,pink,6,en face,157.08,2,4,0,0.0
2008,6,9,USA,5066,blouses,P292,brown,2,en face,159.07,2,4,0,0.0
2008,4,24,Sweden,9131,blouses,P201,pink,2,profile,33.91,1,5,0,0.0
2008,4,10,France,9356,skirts,P089,green,6,profile,180.0,2,2,0,0.0
2008,5,5,USA,4413,skirts,P130,blue,2,profile,100.98,1,1,0,0.0
2008,4,6,Germany,7208,trousers,P196,white,3,profile,173.16,2,1,1,467.5
2008,7,10,Sweden,9891,blouses,P044,beige,4,profile,92.07,1,4,0,0.0
2008,8,18,UK,835,blouses,P067,brown,3,profile,121.15,2,5,0,0.0
2008,6,15,Australia,6822,skirts,P053,black,5,profile,134.18,2,4,1,299.12
2008,7,3,Sweden,3782,sale,P290,olive,2,profile,51.5,1,1,0,0.0
2008,7,10,UK,9013,skirts,P028,red,5,profile,39.34,1,1,0,0.0
2008,5,22,Germany,7500,skirts,P084,beige,2,profile,71.96,1,4,0,0.0
2008,6,16,Sweden,3425,skirts,P136,pink,5,profile,69.82,1,3,1,187.92
2008,7,26,USA,66,blouses,P042,green,3,profile,110.42,2,5,0,0.0
2008,5,16,Italy,2964,blouses,P120,burgundy,6,profile,107.67,2,3,0,0.0
2008,4,16,France,5670,trousers,P079,red,1,en face,138.91,2,3,0,0.0
2008,7,2,France,8963,sale,P174,pink,1,profile,19.11,1,2,0,0.0
2008,5,18,India,355,blouses,P247,pink,2,en face,72.15,1,1,0,0.0
2008,8,4,India,8172,sale,P143,gray,1,en face,167.73,2,3,1,284.79
2008,4,27,India,4031,trousers,P092,white,3,profile,168.97,2,2,0,0.0
2008,4,13,France,8535,skirts,P152,violet,6,en face,134.02,2,3,0,0.0
2008,8,20,USA,3652,skirts,P052,navy blue,5,en face,170.23,2,2,0,0.0
2008,6,1,Australia,6740,sale,P049,gray,1,profile,198.49,2,3,1,454.32
2008,8,16,India,3298,skirts,P249,olive,2,en face,25.08,1,4,0,0.0
2008,8,11,Sweden,4128,skirts,P267,burgundy,4,profile,162.66,2,2,0,0.0
2008,7,23,Sweden,8044,sale,P223,green,4,profile,159.88,2,2,0,0.0
2008,4,26,Sweden,4768,sale,P221,black,2,profile,104.77,1,2,0,0.0
2008,5,24,Italy,473,blouses,P232,gray,6,en face,84.62,1,3,0,0.0
2008,4,17,UK,3762,trousers,P027,violet,5,en face,88.82,1,4,1,199.72
2008,6,16,Germany,8618,trousers,P112,black,5,profile,192.54,2,1,0,0.0
2008,4,15,India,3567,trousers,P023,brown,3,en face,89.46,1,1,0,0.0
2008,7,16,India,2761,skirts,P220,navy blue,2,en face,157.43,2,4,0,0.0
2008,5,6,UK,869,sale,P242,olive,5,en face,121.53,2,1,0,0.0
2008,4,9,France,9383,trousers,P041,beige,1,en face,129.86,2,4,0,0.0
2008,6,6,France,8689,trousers,P146,pink,6,profile,43.54,1,4,1,115.55
2008,4,17,India,4053,trousers,P145,violet,6,en face,191.82,2,3,0,0.0
2008,4,3,India,6131,sale,P168,white,4,en face,80.8,1,5,0,0.0
2008,8,10,USA,3245,trousers,P285,white,1,en face,134.81,2,5,0,0.0
2008,7,26,India,4843,trousers,P203,green,4,profile,31.3,1,3,1,35.26
2008,5,16,UK,9331,sale,P031,brown,2,profile,146.94,2,3,1,290.63
2008,4,23,Germany,5641,trousers,P281,violet,3,en face,136.57,2,2,0,0.0
2008,4,27,India,5781,trousers,P054,blue,1,profile,188.75,2,1,0,0.0
2008,5,3,USA,8541,trousers,P155,brown,6,en face,14.31,1,5,0,0.0
2008,4,2,Italy,1076,blouses,P227,pink,2,en face,153.55,2,1,0,0.0
2008,5,5,France,2958,sale,P170,red,6,profile,151.55,2,2,0,0.0
2008,7,14,Germany,6753,trousers,P014,black,2,en face,162.47,2,3,0,0.0
2008,8,23,India,8658,sale,P236,navy blue,6,profile,42.98,1,3,0,0.0
2008,7,2,India,7273,skirts,P212,navy blue,2,en face,157.8,2,1,0,0.0
2008,5,28,France,4760,blouses,P246,green,3,profile,174.53,2,3,0,0.0
2008,8,27,Germany,4863,sale,P226,white,1,profile,169.85,2,5,0,0.0
2008,8,1,Italy,7026,skirts,P244,red,6,en face,125.26,2,3,1,182.34
2008,6,23,USA,7648,skirts,P087,black,1,profile,95.01,1,4,0,0.0
2008,8,14,Australia,7162,skirts,P278,violet,2,profile,110.56,2,3,0,0.0
2008,5,13,France,74,blouses,P153,blue,3,en face,112.61,2,3,0,0.0
2008,6,23,Italy,4902,skirts,P282,navy blue,2,profile,170.01,2,3,0,0.0
2008,8,7,France,4376,sale,P155,brown,2,en face,52.12,1,5,0,0.0
2008,4,10,Germany,6699,trousers,P044,navy blue,2,en face,155.45,2,5,0,0.0
2008,7,1,Italy,9806,skirts,P060,beige,5,profile,141.99,2,3,1,404.52
2008,4,26,India,1102,blouses,P082,pink,1,en face,105.43,2,1,0,0.0
2008,4,1,UK,9538,skirts,P160,navy blue,3,en face,28.21,1,2,0,0.0
2008,4,8,Australia,7656,sale,P107,brown,1,en face,70.6,1,4,0,0.0
2008,4,17,Australia,5236,trousers,P173,pink,4,profile,120.42,2,4,0,0.0
2008,5,3,Australia,5166,skirts,P076,navy blue,5,profile,158.23,2,5,0,0.0
2008,4,21,Italy,119,skirts,P240,burgundy,6,en face,106.99,2,2,0,0.0
2008,5,16,India,2023,skirts,P060,pink,2,en face,117.13,2,1,1,231.44
2008,5,6,Italy,9886,trousers,P094,brown,6,en face,60.96,1,4,0,0.0
2008,6,8,France,2639,sale,P224,beige,5,en face,144.26,2,1,0,0.0
2008,8,14,Sweden,2035,trousers,P114,green,5,profile,94.79,1,2,0,0.0
2008,4,18,Australia,2565,blouses,P053,white,6,en face,21.87,1,2,1,27.79
2008,5,5,France,8666,sale,P043,gray,5,profile,63.75,1,1,0,0.0
2008,7,7,France,3544,blouses,P065,white,4,en face,196.72,2,2,0,0.0
2008,4,6,France,1220,skirts,P181,red,1,profile,137.52,2,1,0,0.0
2008,5,23,India,9715,trousers,P288,olive,5,profile,110.54,2,4,0,0.0
2008,8,22,UK,6712,trousers,P096,white,4,en face,52.83,1,3,0,0.0
2008,8,21,USA,2904,skirts,P067,brown,1,en face,197.38,2,2,1,521.91
2008,4,26,Sweden,3027,blouses,P055,white,6,en face,137.65,2,3,0,0.0
2008,5,24,Italy,2511,trousers,P099,green,6,en face,34.41,1,2,0,0.0
2008,6,17,India,4202,skirts,P131,navy blue,1,profile,170.01,2,3,0,0.0
2008,4,9,India,3208,blouses,P157,beige,2,en face,63.06,1,5,0,0.0
2008,4,23,Italy,4490,skirts,P129,navy blue,2,en face,52.72,1,4,0,0.0
2008,4,11,Germany,2756,sale,P286,red,4,profile,134.04,2,5,1,331.2
2008,8,6,UK,8890,sale,P176,navy blue,3,profile,105.14,1,1,0,0.0
2008,4,16,USA,178,sale,P191,olive,6,en face,169.76,2,2,0,0.0
2008,4,6,Sweden,1644,sale,P228,pink,3,profile,180.85,2,4,1,253.73
2008,6,25,Australia,9293,skirts,P159,red,3,profile,185.57,2,2,0,0.0
2008,7,27,Germany,3519,blouses,P021,black,6,profile,13.12,1,1,0,0.0
2008,8,2,UK,1375,sale,P291,beige,1,profile,31.02,1,1,0,0.0
2008,7,5,Germany,1721,sale,P274,red,6,en face,30.05,1,1,0,0.0
2008,7,13,Italy,3996,blouses,P180,green,5,en face,193.04,2,1,0,0.0
2008,4,19,USA,3689,skirts,P066,red,5,profile,136.91,2,4,0,0.0
2008,6,23,Germany,2265,blouses,P095,violet,1,en face,127.28,2,2,0,0.0
2008,4,23,USA,88,blouses,P052,red,4,en face,29.91,1,1,0,0.0
2008,7,13,Italy,2849,skirts,P221,black,3,en face,18.27,1,3,0,0.0
2008,7,11,USA,8688,sale,P023,white,6,profile,161.8,2,5,1,388.13
2008,8,6,Germany,404,trousers,P033,red,6,profile,173.9,2,5,0,0.0
2008,6,1,Sweden,9901,blouses,P289,white,6,profile,52.81,1,3,0,0.0
2008,7,9,Germany,4078,blouses,P108,beige,3,en face,18.17,1,1,0,0.0
2008,4,13,India,6836,skirts,P079,blue,4,en face,61.16,1,1,0,0.0
2008,7,26,Germany,6538,trousers,P296,pink,6,profile,105.43,1,3,0,0.0
2008,7,10,India,2457,trousers,P166,red,3,en face,43.26,1,5,0,0.0
2008,5,11,Sweden,2752,sale,P208,red,1,profile,45.7,1,2,0,0.0
2008,8,28,Australia,2215,blouses,P265,navy blue,5,profile,192.43,2,4,0,0.0
2008,5,23,Italy,1028,trousers,P171,red,6,en face,72.18,1,4,0,0.0
2008,5,25,UK,9704,sale,P113,black,6,en face,139.84,2,5,0,0.0
2008,4,9,France,1422,trousers,P168,green,4,profile,100.64,1,4,0,0.0
2008,6,8,Italy,2437,trousers,P284,brown,2,en face,102.89,1,4,0,0.0
2008,5,21,India,4278,blouses,P053,beige,4,en face,81.06,1,5,0,0.0
2008,4,18,India,9610,trousers,P143,brown,4,en face,14.68,1,4,0,0.0
2008,5,7,Australia,1279,sale,P058,violet,3,en face,116.24,2,3,0,0.0
2008,7,14,Germany,6221,blouses,P245,navy blue,2,profile,99.62,1,4,0,0.0
2008,7,13,Australia,4908,trousers,P035,beige,4,profile,88.31,1,1,0,0.0
2008,8,13,UK,5065,sale,P044,olive,5,profile,129.51,2,4,0,0.0
2008,5,28,Sweden,1979,blouses,P216,olive,2,profile,22.13,1,4,0,0.0
2008,4,5,UK,1062,blouses,P063,black,5,en face,155.45,2,1,0,0.0
2008,8,26,Italy,5015,skirts,P119,violet,2,en face,21.61,1,5,0,0.0
2008,6,6,France,4536,sale,P204,navy blue,4,profile,112.64,2,1,0,0.0
2008,6,20,Australia,6994,skirts,P168,green,6,en face,44.7,1,1,1,52.71
2008,5,14,Germany,9254,trousers,P174,blue,5,profile,103.17,1,3,0,0.0
2008,7,23,Sweden,1503,trousers,P249,burgundy,4,profile,56.5,1,2,0,0.0
2008,6,15,India,8569,blouses,P150,olive,3,profile,154.7,2,4,0,0.0
2008,4,4,USA,9315,sale,P140,green,5,profile,169.87,2,1,0,0.0
2008,7,18,USA,8837,trousers,P018,pink,1,profile,64.77,1,4,0,0.0
2008,5,27,India,8921,trousers,P068,black,6,en face,20.4,1,5,0,0.0
2008,6,10,India,4919,blouses,P167,black,2,en face,156.87,2,1,0,0.0
2008,8,24,Germany,679,skirts,P287,white,5,en face,131.6,2,4,0,0.0
2008,6,14,France,5077,skirts,P073,olive,6,en face,141.54,2,1,0,0.0
2008,4,1,UK,8065,sale,P059,brown,4,profile,24.06,1,5,0,0.0
2008,7,20,Italy,7569,blouses,P054,blue,3,profile,71.14,1,1,0,0.0
2008,7,20,France,103,sale,P286,beige,1,en face,62.28,1,5,1,177.49
2008,8,13,UK,958,trousers,P078,burgundy,3,en face,135.9,2,3,1,374.63
2008,5,16,Italy,8557,sale,P172,olive,2,profile,84.36,1,2,0,0.0
2008,4,17,UK,3786,trousers,P285,blue,4,profile,138.15,2,4,0,0.0
2008,8,11,Italy,9631,skirts,P007,green,3,en face,120.47,2,5,0,0.0
2008,4,8,India,7174,trousers,P193,white,6,profile,74.04,1,5,0,0.0
2008,6,9,Australia,4044,blouses,P269,burgundy,1,profile,69.6,1,3,0,0.0
2008,8,7,Italy,2649,sale,P248,white,4,en face,97.92,1,4,0,0.0
2008,4,16,USA,6001,trousers,P289,navy blue,3,profile,110.97,2,2,0,0.0
2008,4,22,India,7928,sale,P113,violet,6,en face,10.8,1,1,0,0.0
2008,6,10,Australia,2827,sale,P221,burgundy,5,profile,137.49,2,5,0,0.0
2008,6,17,Germany,4095,trousers,P239,pink,2,profile,76.9,1,1,0,0.0
2008,7,25,France,7775,sale,P121,red,5,profile,163.4,2,2,0,0.0
2008,8,5,France,9259,blouses,P151,pink,3,profile,155.57,2,4,0,0.0
2008,6,26,Italy,8114,trousers,P291,pink,2,profile,193.4,2,2,0,0.0
2008,6,14,UK,4773,blouses,P035,blue,2,en face,116.59,2,4,0,0.0
2008,7,26,France,1948,trousers,P049,red,1,en face,169.02,2,4,0,0.0
2008,7,18,UK,6110,blouses,P248,white,5,en face,179.81,2,2,0,0.0
2008,5,16,Germany,2300,trousers,P204,brown,4,en face,24.09,1,4,0,0.0
2008,6,10,Australia,7845,blouses,P079,beige,6,profile,149.7,2,2,0,0.0
2008,8,24,Italy,4383,trousers,P074,white,6,profile,57.05,1,2,0,0.0
2008,7,12,France,5426,blouses,P156,gray,6,en face,27.04,1,4,0,0.0
2008,6,23,Australia,6772,blouses,P049,green,6,en face,189.28,2,3,0,0.0
2008,8,11,India,8579,blouses,P182,brown,2,en face,168.35,2,4,1,487.14
2008,4,20,Italy,4292,skirts,P125,pink,5,profile,148.89,2,3,0,0.0
2008,8,16,Italy,529,skirts,P043,brown,2,en face,22.06,1,3,0,0.0
2008,5,3,USA,1234,skirts,P069,blue,3,en face,77.96,1,2,0,0.0
2008,4,11,Italy,780,trousers,P260,gray,2,profile,47.86,1,5,0,0.0
2008,5,22,UK,5860,sale,P024,white,2,en face,74.44,1,5,1,132.54
2008,5,24,UK,3060,sale,P273,pink,1,profile,141.61,2,2,0,0.0
2008,8,19,France,8588,sale,P250,brown,4,profile,22.05,1,3,0,0.0
2008,6,10,USA,1861,skirts,P100,blue,2,en face,140.15,2,1,0,0.0
2008,4,26,Italy,8439,skirts,P254,pink,6,profile,63.46,1,5,0,0.0
2008,6,13,India,7404,blouses,P045,olive,3,profile,128.88,2,2,0,0.0
2008,8,28,Sweden,4640,blouses,P165,burgundy,4,en face,161.05,2,1,0,0.0
2008,6,1,Italy,4251,sale,P270,navy blue,6,en face,80.09,1,4,0,0.0
2008,6,25,UK,1993,trousers,P208,navy blue,4,en face,103.51,1,5,0,0.0
2008,8,7,USA,7380,skirts,P248,brown,2,en face,143.91,2,3,0,0.0
2008,4,21,India,7306,blouses,P214,olive,6,profile,188.01,2,5,0,0.0
2008,7,11,Italy,5304,skirts,P186,white,5,en face,122.36,2,3,1,313.45
2008,6,10,India,8193,sale,P094,brown,6,profile,73.55,1,5,0,0.0
2008,8,1,Germany,7448,skirts,P171,beige,5,en face,114.03,2,1,0,0.0
2008,7,19,France,2472,skirts,P254,brown,5,profile,129.62,2,2,0,0.0
2008,8,9,Sweden,7198,sale,P212,violet,2,en face,160.87,2,4,0,0.0
2008,8,17,USA,5313,trousers,P244,blue,4,en face,19.9,1,1,0,0.0
2008,4,10,India,9036,sale,P176,navy blue,5,en face,40.77,1,3,0,0.0
2008,5,20,Sweden,1397,blouses,P117,burgundy,1,profile,42.68,1,3,0,0.0
2008,5,8,USA,4003,sale,P237,white,6,profile,96.18,1,2,0,0.0
2008,6,10,UK,5372,sale,P269,pink,6,en face,182.51,2,4,1,453.68
2008,5,18,France,3236,sale,P232,pink,4,en face,151.11,2,2,0,0.0
2008,6,5,Australia,1043,skirts,P052,blue,1,profile,147.82,2,5,0,0.0
2008,7,23,Italy,3299,trousers,P256,blue,4,en face,147.72,2,5,1,413.1
2008,6,21,USA,7257,sale,P085,brown,1,profile,193.3,2,2,1,367.0
2008,8,10,Sweden,258,sale,P108,violet,3,profile,23.22,1,3,0,0.0
2008,7,4,Australia,7287,blouses,P019,navy blue,1,en face,38.84,1,2,0,0.0
2008,4,18,Germany,8617,sale,P268,beige,3,profile,32.9,1,3,0,0.0
2008,8,11,Germany,7817,sale,P021,white,5,en face,66.32,1,2,0,0.0
2008,4,18,India,5844,sale,P290,violet,6,profile,88.79,1,2,0,0.0
2008,5,14,UK,2090,sale,P251,brown,1,en face,143.58,2,4,0,0.0
2008,8,19,France,7703,blouses,P162,brown,3,profile,87.72,1,1,0,0.0
2008,6,21,India,504,skirts,P193,white,4,profile,17.74,1,5,0,0.0
2008,7,23,Italy,5266,blouses,P025,olive,3,profile,192.29,2,1,1,427.27
2008,4,12,India,8815,blouses,P158,beige,1,en face,25.01,1,3,0,0.0
2008,7,8,Germany,1346,trousers,P091,navy blue,3,en face,158.31,2,3,0,0.0
2008,5,28,India,8456,trousers,P183,beige,1,profile,23.48,1,2,0,0.0
2008,7,8,France,5047,sale,P097,olive,4,en face,193.34,2,3,0,0.0
2008,4,28,Australia,2249,trousers,P053,olive,2,profile,71.2,1,4,0,0.0
2008,6,14,France,4982,sale,P159,green,6,en face,183.4,2,5,0,0.0
2008,5,23,Italy,373,trousers,P110,blue,3,en face,126.3,2,4,0,0.0
2008,6,18,Australia,8455,blouses,P239,beige,1,en face,155.14,2,4,0,0.0
2008,8,26,Italy,3371,trousers,P149,green,5,profile,92.29,1,2,0,0.0
2008,4,12,USA,2007,trousers,P028,blue,4,profile,174.99,2,2,0,0.0
2008,5,12,India,3657,sale,P232,olive,2,profile,165.52,2,3,0,0.0
2008,7,17,Germany,8328,trousers,P236,brown,4,profile,85.2,1,2,0,0.0
2008,5,6,UK,7522,sale,P269,red,6,profile,94.54,1,3,0,0.0
2008,8,5,Italy,4002,skirts,P299,navy blue,3,en face,119.38,2,5,0,0.0
2008,5,14,Australia,6073,trousers,P031,blue,1,profile,31.81,1,4,0,0.0
2008,7,9,UK,8737,sale,P079,burgundy,4,profile,132.65,2,4,0,0.0
2008,4,5,UK,998,trousers,P284,white,6,en face,14.81,1,4,0,0.0
2008,7,9,France,8180,sale,P145,olive,2,profile,142.37,2,1,0,0.0
2008,5,10,USA,3291,skirts,P030,beige,1,en face,169.98,2,2,0,0.0
2008,5,9,USA,1177,trousers,P089,pink,5,profile,174.09,2,2,0,0.0
2008,5,13,UK,552,blouses,P144,brown,2,en face,152.1,2,1,0,0.0
2008,6,27,Italy,745,sale,P158,green,4,en face,100.68,1,3,0,0.0
2008,7,18,USA,7224,sale,P272,brown,5,profile,151.44,2,4,1,398.94
2008,7,28,Germany,4555,trousers,P134,black,1,en face,55.21,1,5,0,0.0
2008,6,14,Australia,2860,skirts,P252,gray,5,profile,39.51,1,2,0,0.0
2008,6,14,UK,8821,trousers,P031,olive,1,profile,39.17,1,1,0,0.0
2008,7,9,France,3460,sale,P082,navy blue,1,en face,148.16,2,2,0,0.0
2008,7,17,Australia,2725,blouses,P168,olive,5,profile,107.55,2,2,0,0.0
2008,6,24,Italy,6848,trousers,P068,green,3,profile,198.09,2,2,0,0.0
2008,8,24,Australia,7616,blouses,P241,green,5,profile,53.08,1,3,0,0.0
2008,6,15,Australia,7548,sale,P160,violet,6,profile,146.27,2,2,1,195.38
2008,4,3,Australia,9175,trousers,P209,violet,5,profile,81.95,1,4,0,0.0
2008,4,10,Sweden,6394,skirts,P044,beige,3,en face,181.64,2,4,1,417.93
2008,8,5,India,5359,trousers,P207,navy blue,1,en face,51.8,1,4,0,0.0
2008,4,9,Germany,9489,sale,P101,blue,3,profile,169.96,2,5,0,0.0
2008,5,26,France,2969,skirts,P124,burgundy,5,profile,188.21,2,2,0,0.0
2008,4,14,UK,694,blouses,P095,burgundy,5,profile,85.58,1,1,0,0.0
2008,7,20,UK,2534,trousers,P061,blue,4,profile,164.18,2,2,0,0.0
2008,4,16,France,6400,skirts,P012,green,5,en face,46.21,1,5,0,0.0
2008,7,9,India,983,trousers,P284,white,5,profile,98.0,1,3,0,0.0
2008,7,25,Australia,5365,trousers,P005,pink,2,profile,156.51,2,5,0,0.0
2008,7,14,UK,80,skirts,P221,white,6,en face,47.31,1,4,0,0.0
2008,8,4,Italy,4054,skirts,P286,pink,1,profile,46.18,1,4,0,0.0
2008,7,17,UK,6259,blouses,P264,pink,5,en face,76.83,1,1,0,0.0
2008,8,4,Australia,9577,skirts,P116,green,6,profile,103.94,1,1,0,0.0
2008,4,14,UK,9026,blouses,P192,violet,1,en face,186.9,2,3,0,0.0
2008,6,16,Italy,3108,blouses,P181,olive,1,en face,187.35,2,3,0,0.0
2008,8,4,UK,3602,trousers,P076,navy blue,4,profile,174.87,2,5,0,0.0
2008,4,9,Italy,6074,skirts,P204,green,5,profile,170.46,2,2,0,0.0
2008,6,1,Sweden,8127,skirts,P124,olive,2,profile,98.28,1,1,0,0.0
2008,4,20,USA,2143,skirts,P276,red,6,en face,56.18,1,1,1,152.63
2008,5,19,Italy,6311,sale,P218,pink,5,en face,26.75,1,5,0,0.0
2008,4,10,Germany,2269,blouses,P219,black,6,en face,59.05,1,3,0,0.0
2008,7,1,USA,446,sale,P299,red,2,en face,23.02,1,3,1,46.84
2008,8,20,India,4884,blouses,P172,black,5,en face,13.71,1,2,0,0.0
2008,7,10,Italy,4467,skirts,P160,green,5,en face,83.36,1,4,0,0.0
2008,5,24,Australia,9027,blouses,P172,violet,1,profile,46.98,1,5,0,0.0
2008,5,13,Germany,6633,blouses,P133,gray,4,en face,89.28,1,1,0,0.0
2008,6,19,Sweden,3317,blouses,P240,violet,3,en face,164.97,2,2,0,0.0
2008,7,22,Australia,1702,skirts,P125,brown,6,profile,164.72,2,5,0,0.0
2008,7,21,France,2527,sale,P054,navy blue,6,profile,145.07,2,2,0,0.0
2008,7,23,Australia,69,trousers,P005,olive,2,profile,160.38,2,3,0,0.0
2008,5,15,USA,1169,sale,P117,burgundy,5,en face,14.89,1,1,0,0.0
2008,5,18,Italy,49,sale,P237,gray,4,en face,179.64,2,4,0,0.0
2008,4,3,UK,1054,trousers,P242,green,3,en face,34.43,1,5,0,0.0
2008,4,5,Italy,4030,trousers,P096,blue,3,en face,35.84,1,2,0,0.0
2008,7,22,UK,881,sale,P286,olive,1,en face,183.67,2,3,0,0.0
2008,5,9,Italy,2652,skirts,P269,olive,4,en face,138.64,2,1,0,0.0
2008,4,24,Italy,7760,blouses,P231,white,6,en face,99.38,1,5,0,0.0
2008,7,10,France,2440,skirts,P094,green,5,profile,192.98,2,1,0,0.0
2008,4,12,Italy,4925,blouses,P212,beige,5,en face,121.02,2,1,0,0.0
2008,5,24,UK,1468,skirts,P030,blue,6,en face,115.2,2,3,0,0.0
2008,4,13,Germany,7293,sale,P009,navy blue,4,profile,109.17,2,5,0,0.0
2008,4,25,UK,5036,sale,P147,navy blue,3,en face,118.24,2,1,0,0.0
2008,5,7,UK,2442,blouses,P278,pink,1,en face,113.13,2,4,1,186.06
2008,4,5,Germany,6555,sale,P212,black,3,en face,65.51,1,4,0,0.0
2008,5,1,Italy,231,sale,P108,beige,1,en face,182.43,2,5,0,0.0
2008,5,4,USA,1321,sale,P224,olive,3,profile,125.66,2,2,0,0.0
2008,4,8,Sweden,42,blouses,P022,green,5,profile,129.48,2,5,0,0.0
2008,8,28,India,778,trousers,P285,black,1,en face,184.26,2,3,0,0.0
2008,5,8,UK,8951,trousers,P239,white,1,en face,55.55,1,1,0,0.0
2008,4,1,Germany,8405,skirts,P285,gray,3,profile,60.01,1,3,0,0.0
2008,5,22,Germany,1730,trousers,P153,violet,6,profile,102.32,1,1,0,0.0
2008,6,16,France,3911,trousers,P157,olive,4,en face,97.15,1,3,0,0.0
2008,7,1,Germany,580,blouses,P174,white,3,en face,27.73,1,5,0,0.0
2008,6,8,Australia,9942,blouses,P239,black,5,en face,52.34,1,3,0,0.0
2008,7,3,Sweden,5840,skirts,P014,pink,5,en face,159.61,2,3,0,0.0
2008,7,4,Germany,8272,sale,P103,burgundy,1,profile,152.45,2,4,0,0.0
2008,7,28,India,7276,sale,P168,brown,1,profile,192.3,2,1,0,0.0
2008,5,4,Sweden,1492,blouses,P122,pink,6,profile,184.21,2,1,0,0.0
2008,4,22,Australia,9110,sale,P141,beige,6,en face,192.18,2,3,0,0.0
2008,8,14,UK,5611,blouses,P266,white,6,profile,180.92,2,4,0,0.0
2008,7,18,Sweden,62,blouses,P273,brown,3,en face,44.63,1,4,0,0.0
2008,8,18,Italy,5472,trousers,P211,black,5,en face,17.16,1,1,0,0.0
2008,6,8,USA,3906,sale,P294,gray,5,en face,151.74,2,2,0,0.0
2008,4,3,Germany,6532,blouses,P041,navy blue,2,en face,16.41,1,2,0,0.0
2008,4,11,Italy,403,skirts,P259,pink,3,en face,96.9,1,4,0,0.0
2008,4,6,Australia,333,blouses,P035,red,3,profile,69.8,1,3,0,0.0
2008,7,9,France,2085,trousers,P044,green,4,profile,28.23,1,5,0,0.0
2008,5,21,Italy,9558,sale,P234,gray,6,profile,173.39,2,3,0,0.0
2008,6,4,Italy,165,trousers,P195,olive,2,profile,170.81,2,2,0,0.0
2008,6,27,USA,4380,sale,P217,white,6,en face,76.1,1,3,1,180.95
2008,7,16,Australia,2716,trousers,P292,navy blue,2,en face,96.35,1,1,0,0.0
2008,8,22,Sweden,8924,skirts,P284,brown,5,profile,189.81,2,2,0,0.0
2008,6,1,Australia,7347,skirts,P215,blue,3,en face,78.35,1,3,0,0.0
2008,7,10,USA,5454,trousers,P112,white,5,profile,10.94,1,3,0,0.0
2008,7,12,Germany,7047,sale,P077,blue,5,profile,157.12,2,4,0,0.0
2008,7,24,Sweden,1335,trousers,P008,gray,2,en face,147.31,2,2,0,0.0
2008,8,23,Australia,8699,skirts,P210,black,1,en face,174.5,2,1,0,0.0
2008,7,19,Australia,1660,skirts,P077,beige,6,profile,165.38,2,3,0,0.0
2008,5,14,USA,3579,sale,P022,gray,3,profile,105.47,1,3,1,266.43
2008,6,26,USA,754,trousers,P049,black,4,en face,89.86,1,3,1,220.78
2008,8,2,Sweden,6585,skirts,P205,black,5,en face,96.19,1,2,0,0.0
2008,8,11,India,707,skirts,P209,violet,1,profile,122.8,2,5,0,0.0
2008,5,18,Australia,3015,blouses,P013,beige,3,en face,85.62,1,1,0,0.0
2008,4,17,France,8559,sale,P250,brown,5,en face,28.72,1,3,0,0.0
2008,7,23,Sweden,9876,sale,P175,olive,5,profile,112.9,2,3,0,0.0
2008,4,13,Australia,9583,sale,P191,violet,2,profile,111.2,2,1,0,0.0
2008,7,15,India,8929,sale,P253,navy blue,6,en face,51.51,1,2,0,0.0
2008,4,1,Australia,9557,trousers,P070,blue,3,profile,15.26,1,5,1,27.21
2008,5,6,Australia,8984,trousers,P195,beige,3,profile,30.69,1,5,0,0.0
2008,4,19,USA,1835,sale,P074,red,5,en face,34.5,1,2,1,75.28
2008,8,19,Sweden,2997,sale,P212,blue,4,en face,180.6,2,4,0,0.0
2008,4,12,Sweden,5428,skirts,P279,white,4,profile,63.92,1,4,0,0.0
2008,8,16,Germany,3880,trousers,P291,olive,5,en face,34.41,1,1,1,44.95
2008,5,2,India,7157,skirts,P091,black,5,en face,176.42,2,4,0,0.0
2008,5,7,Italy,5082,trousers,P025,beige,4,en face,26.95,1,2,0,0.0
2008,8,26,Australia,9115,trousers,P217,olive,1,profile,175.24,2,5,0,0.0
2008,8,21,Australia,7245,sale,P137,violet,2,en face,168.83,2,2,0,0.0
2008,7,3,UK,5401,skirts,P011,gray,6,en face,54.49,1,3,0,0.0
2008,7,23,Australia,5396,skirts,P133,red,4,en face,142.37,2,4,0,0.0
2008,7,9,UK,9428,trousers,P069,burgundy,5,profile,89.29,1,5,0,0.0
2008,5,27,India,2247,sale,P285,gray,6,en face,156.14,2,1,0,0.0
2008,7,7,Australia,836,skirts,P030,beige,4,profile,79.46,1,2,0,0.0
2008,7,5,UK,8395,blouses,P169,pink,2,en face,125.2,2,4,0,0.0
2008,4,3,India,9043,skirts,P182,blue,2,profile,47.74,1,5,0,0.0
2008,7,19,Italy,433,skirts,P059,black,5,profile,185.53,2,5,0,0.0
2008,7,6,Australia,3379,sale,P019,pink,6,profile,94.87,1,4,0,0.0
2008,6,8,Germany,6818,sale,P137,navy blue,4,profile,79.13,1,3,0,0.0
2008,4,4,India,8132,trousers,P236,navy blue,6,profile,35.3,1,3,0,0.0
2008,6,15,India,9622,sale,P095,black,6,profile,78.56,1,1,0,0.0
2008,4,20,Australia,6067,skirts,P262,green,6,en face,65.23,1,5,0,0.0
2008,5,12,Italy,1194,blouses,P174,black,6,en face,10.88,1,1,0,0.0
2008,6,22,Sweden,6935,sale,P269,black,3,en face,159.86,2,2,0,0.0
2008,4,17,Australia,5462,trousers,P270,olive,4,profile,165.9,2,2,0,0.0
2008,7,14,France,3072,skirts,P152,white,1,en face,169.64,2,2,0,0.0
2008,4,3,India,3045,skirts,P197,gray,4,en face,45.3,1,5,0,0.0
2008,5,26,USA,3264,sale,P034,red,5,profile,25.69,1,5,0,0.0
2008,5,12,USA,2730,trousers,P023,olive,6,en face,97.18,1,1,1,263.05
2008,4,25,UK,3434,skirts,P207,green,3,en face,18.23,1,1,0,0.0
2008,6,26,Italy,434,skirts,P038,pink,4,profile,65.85,1,3,0,0.0
2008,8,15,France,3273,sale,P114,red,1,en face,153.52,2,3,0,0.0
2008,5,8,USA,7002,trousers,P153,gray,5,profile,168.35,2,2,0,0.0
2008,8,7,Germany,9727,sale,P165,navy blue,5,en face,39.54,1,4,0,0.0
2008,4,14,India,105,sale,P145,burgundy,2,profile,105.63,1,3,0,0.0
2008,7,23,UK,3316,skirts,P088,blue,6,en face,160.11,2,4,0,0.0
2008,5,12,Australia,1657,blouses,P178,violet,2,profile,34.18,1,5,1,52.27
2008,6,2,Italy,1534,sale,P112,red,3,profile,152.85,2,1,0,0.0
2008,5,9,Sweden,4681,sale,P082,violet,1,profile,141.74,2,1,0,0.0
2008,7,20,UK,8814,blouses,P183,black,5,profile,25.75,1,2,0,0.0
2008,6,3,France,9003,blouses,P271,blue,1,en face,172.22,2,1,0,0.0
2008,8,2,Italy,6623,sale,P175,violet,2,en face,92.9,1,5,0,0.0
2008,6,16,USA,1444,skirts,P069,violet,6,profile,57.36,1,2,0,0.0
2008,6,10,Sweden,215,blouses,P115,violet,6,en face,105.57,2,4,0,0.0
2008,5,19,Australia,5357,sale,P085,white,5,en face,134.05,2,2,0,0.0
2008,6,10,France,9219,skirts,P292,green,6,en face,65.19,1,4,0,0.0
2008,8,14,Australia,6323,skirts,P156,black,3,en face,76.59,1,2,0,0.0
2008,8,10,France,4990,skirts,P046,black,5,en face,176.62,2,2,0,0.0
2008,5,26,Germany,1420,blouses,P211,black,5,profile,196.6,2,2,0,0.0
2008,6,6,India,9517,skirts,P136,black,5,profile,75.36,1,3,0,0.0
2008,4,28,Australia,8607,sale,P176,red,4,profile,114.77,2,4,0,0.0
2008,6,23,Australia,182,skirts,P275,white,1,en face,167.99,2,4,0,0.0
2008,5,11,France,4353,skirts,P224,black,1,profile,15.19,1,1,0,0.0
2008,4,20,Germany,8701,trousers,P251,pink,3,profile,72.89,1,3,0,0.0
2008,6,24,Sweden,2447,blouses,P168,olive,1,en face,169.16,2,1,0,0.0
2008,6,26,UK,5322,sale,P198,burgundy,2,profile,160.27,2,1,0,0.0
2008,4,28,Sweden,8046,blouses,P058,blue,5,en face,199.71,2,5,0,0.0
2008,4,15,France,5685,skirts,P214,white,3,profile,187.83,2,5,0,0.0
2008,5,5,UK,3533,sale,P261,blue,5,en face,77.94,1,1,0,0.0
2008,4,17,France,8245,skirts,P216,pink,1,profile,69.58,1,4,0,0.0
2008,5,10,France,7977,skirts,P054,burgundy,5,en face,63.18,1,5,0,0.0
2008,6,27,India,3699,skirts,P100,burgundy,3,profile,191.05,2,1,0,0.0
2008,4,20,India,71,sale,P150,green,3,en face,133.72,2,2,0,0.0
2008,4,6,Sweden,545,blouses,P239,burgundy,4,profile,190.55,2,2,0,0.0
2008,6,10,Italy,1205,sale,P247,olive,4,en face,59.49,1,2,0,0.0
2008,4,26,UK,3079,sale,P187,navy blue,3,profile,37.75,1,4,0,0.0
2008,5,4,France,9107,skirts,P101,burgundy,4,profile,79.88,1,4,0,0.0
2008,5,26,India,9121,skirts,P102,navy blue,1,en face,38.83,1,2,0,0.0
2008,6,16,UK,9681,sale,P065,black,4,en face,97.07,1,3,0,0.0
2008,7,20,Germany,6181,blouses,P271,beige,6,en face,65.09,1,1,0,0.0
2008,6,15,UK,8330,trousers,P037,green,6,profile,16.73,1,2,0,0.0
2008,7,7,USA,4285,trousers,P180,violet,2,profile,38.27,1,5,0,0.0
2008,7,6,Sweden,4008,blouses,P255,brown,1,profile,18.31,1,1,0,0.0
2008,8,28,Germany,8714,blouses,P095,navy blue,4,profile,168.06,2,2,0,0.0
2008,5,8,France,878,skirts,P122,green,5,en face,60.07,1,1,0,0.0
2008,5,2,France,8061,blouses,P051,navy blue,1,profile,25.31,1,5,0,0.0
2008,6,15,France,197,sale,P237,brown,4,en face,187.98,2,4,0,0.0
2008,4,16,Sweden,9747,sale,P087,beige,5,profile,28.88,1,5,0,0.0
2008,5,12,USA,4011,trousers,P257,gray,2,en face,33.43,1,4,0,0.0
2008,4,13,USA,9963,sale,P164,olive,1,en face,69.84,1,2,0,0.0
2008,8,22,France,2572,sale,P029,beige,5,profile,39.5,1,1,0,0.0
2008,4,12,Italy,3754,skirts,P276,blue,4,profile,32.82,1,4,1,79.42
2008,8,4,UK,9248,blouses,P163,black,2,en face,58.97,1,1,0,0.0
2008,8,26,Italy,8629,trousers,P056,violet,5,en face,108.67,2,3,0,0.0
2008,6,2,Australia,9369,sale,P170,red,2,profile,39.47,1,5,0,0.0
2008,8,28,France,6160,trousers,P173,beige,5,en face,196.81,2,2,0,0.0
2008,4,17,Germany,4792,sale,P080,gray,4,en face,188.88,2,2,0,0.0
2008,4,4,Germany,5338,sale,P254,gray,4,profile,143.21,2,5,0,0.0
2008,8,3,Sweden,3025,skirts,P202,violet,2,profile,14.15,1,3,0,0.0
2008,8,17,France,2719,blouses,P256,navy blue,2,en face,79.58,1,3,0,0.0
2008,4,5,Germany,8656,trousers,P274,blue,4,profile,81.79,1,5,1,214.37
2008,5,11,Italy,6917,skirts,P124,pink,6,profile,104.63,1,3,0,0.0
2008,4,5,USA,3985,trousers,P190,red,5,en face,108.67,2,1,0,0.0
2008,5,7,India,7309,skirts,P047,violet,3,profile,49.65,1,5,0,0.0
2008,5,19,Australia,5954,skirts,P249,beige,3,en face,84.17,1,2,0,0.0
2008,8,20,Australia,3845,sale,P200,green,3,profile,176.03,2,4,0,0.0
2008,7,27,UK,2683,sale,P266,gray,4,profile,196.99,2,1,0,0.0
2008,7,6,India,4025,blouses,P008,brown,5,en face,21.85,1,1,0,0.0
2008,5,27,India,8716,skirts,P144,navy blue,2,en face,102.44,1,2,0,0.0
2008,8,5,Sweden,3140,trousers,P246,black,3,profile,90.61,1,2,0,0.0
2008,4,1,Italy,4238,skirts,P084,gray,1,profile,184.21,2,4,0,0.0
2008,4,22,UK,219,skirts,P233,red,2,en face,21.57,1,4,0,0.0
2008,5,10,Italy,6619,blouses,P029,olive,2,profile,134.53,2,4,0,0.0
2008,5,9,Germany,9607,sale,P265,gray,1,en face,190.89,2,5,0,0.0
2008,6,17,USA,5269,skirts,P027,blue,6,en face,129.46,2,4,1,170.49
2008,8,6,Australia,2544,blouses,P261,violet,3,en face,97.73,1,3,0,0.0
2008,6,24,Italy,2871,trousers,P129,gray,3,profile,39.91,1,3,0,0.0
2008,4,23,USA,1245,sale,P237,gray,4,profile,128.5,2,2,0,0.0
2008,5,20,India,421,trousers,P179,beige,5,en face,149.44,2,3,0,0.0
2008,5,28,Germany,6228,trousers,P086,black,4,profile,157.57,2,5,0,0.0
2008,7,3,Germany,2059,sale,P099,green,1,profile,68.48,1,1,0,0.0
2008,7,27,India,8494,sale,P262,pink,1,profile,26.79,1,2,0,0.0
2008,8,26,Sweden,6435,sale,P001,red,6,profile,14.46,1,3,0,0.0
2008,8,22,Sweden,3423,trousers,P033,green,6,en face,105.66,1,4,0,0.0
2008,4,1,Sweden,4511,trousers,P006,violet,4,profile,115.32,2,2,0,0.0
2008,8,15,Sweden,1167,skirts,P026,pink,5,profile,165.0,2,1,0,0.0
2008,4,16,Germany,255,sale,P025,olive,3,profile,140.6,2,5,0,0.0
2008,8,1,France,416,sale,P008,beige,1,en face,84.6,1,3,1,220.59
2008,5,5,Germany,9176,trousers,P182,olive,2,profile,48.99,1,2,0,0.0
2008,6,23,USA,3470,blouses,P089,navy blue,5,en face,49.93,1,5,0,0.0
2008,6,11,France,3051,sale,P164,black,2,en face,94.4,1,2,0,0.0
2008,5,5,USA,760,blouses,P020,olive,2,en face,30.0,1,3,0,0.0
2008,8,4,Italy,1386,skirts,P279,red,3,en face,115.19,2,3,0,0.0
2008,8,6,France,655,sale,P006,olive,4,en face,148.91,2,2,0,0.0
2008,7,23,USA,1202,sale,P259,olive,4,en face,87.48,1,5,0,0.0
2008,6,27,Sweden,2414,blouses,P175,white,3,profile,74.1,1,3,0,0.0
2008,7,11,Sweden,5580,sale,P042,gray,6,en face,59.86,1,1,0,0.0
2008,4,16,UK,5994,blouses,P288,green,4,en face,105.17,1,4,0,0.0
2008,7,2,France,5295,sale,P207,gray,1,en face,165.09,2,5,0,0.0
2008,5,7,Germany,3056,trousers,P085,red,3,en face,192.88,2,2,0,0.0
2008,8,16,Italy,2831,sale,P027,navy blue,1,profile,140.22,2,4,0,0.0
2008,6,10,Australia,2971,blouses,P012,black,5,profile,95.61,1,5,0,0.0
2008,5,3,UK,329,trousers,P150,beige,1,en face,155.93,2,5,0,0.0
2008,6,22,Sweden,4271,trousers,P120,olive,6,en face,145.58,2,4,0,0.0
2008,5,1,Germany,5995,sale,P225,green,2,profile,63.08,1,3,0,0.0
2008,7,25,UK,4393,trousers,P069,beige,6,profile,153.78,2,5,0,0.0
2008,5,2,Sweden,2064,blouses,P117,olive,2,profile,100.68,1,2,0,0.0
2008,5,11,Australia,8302,blouses,P020,navy blue,3,profile,196.65,2,1,0,0.0
2008,7,1,Germany,9014,sale,P016,olive,3,profile,25.56,1,3,0,0.0
2008,5,8,Italy,9330,blouses,P278,navy blue,4,en face,113.13,2,5,0,0.0
2008,8,24,Sweden,5170,skirts,P009,pink,6,profile,108.83,2,2,0,0.0
2008,4,14,UK,4430,sale,P147,pink,6,en face,47.18,1,4,1,122.97
2008,5,20,USA,1282,skirts,P146,white,1,profile,185.1,2,3,0,0.0
2008,4,16,USA,3382,trousers,P114,green,2,en face,133.85,2,3,0,0.0
2008,5,22,Sweden,2637,skirts,P105,beige,6,en face,162.43,2,3,0,0.0
2008,8,15,Sweden,3329,sale,P259,olive,2,en face,81.48,1,1,0,0.0
2008,5,14,UK,6437,skirts,P228,white,5,profile,24.64,1,5,0,0.0
2008,7,11,France,5019,skirts,P265,violet,1,en face,100.5,1,1,1,133.1
2008,4,2,Italy,7325,trousers,P075,navy blue,4,profile,90.45,1,4,1,176.37
2008,6,17,France,3796,blouses,P151,beige,3,profile,30.5,1,5,0,0.0
2008,4,3,India,2664,trousers,P060,navy blue,1,profile,180.16,2,1,0,0.0
2008,4,28,Australia,8283,trousers,P176,navy blue,1,profile,166.17,2,1,0,0.0
2008,8,12,Italy,1283,blouses,P239,violet,1,en face,62.45,1,2,0,0.0
2008,8,21,Australia,4149,trousers,P188,navy blue,4,profile,82.21,1,2,0,0.0
2008,7,2,Germany,1363,skirts,P293,green,1,en face,36.84,1,2,0,0.0
2008,4,10,Germany,1438,skirts,P223,green,4,profile,149.64,2,3,0,0.0
2008,7,28,Australia,9629,sale,P068,brown,6,profile,168.82,2,4,0,0.0
2008,4,27,Sweden,3442,sale,P038,beige,6,en face,35.02,1,4,0,0.0
2008,7,23,India,57,sale,P229,blue,4,profile,12.55,1,2,0,0.0
2008,8,9,France,4598,trousers,P244,olive,3,en face,71.03,1,4,0,0.0
2008,4,8,France,8480,skirts,P110,pink,6,en face,19.46,1,3,0,0.0
2008,8,28,USA,5366,trousers,P082,green,2,en face,71.42,1,3,0,0.0
2008,8,25,Australia,1845,blouses,P242,blue,6,profile,129.29,2,4,0,0.0
2008,4,8,Sweden,5516,trousers,P211,burgundy,5,en face,70.69,1,2,0,0.0
2008,5,11,India,8574,blouses,P158,burgundy,4,en face,75.24,1,2,0,0.0
2008,6,16,USA,6264,sale,P293,gray,1,profile,93.36,1,1,0,0.0
2008,6,20,India,2881,skirts,P227,white,5,profile,181.18,2,4,1,257.47
2008,4,16,Italy,1744,blouses,P201,black,2,en face,166.75,2,5,0,0.0
2008,6,20,Italy,8399,skirts,P240,red,1,profile,81.8,1,3,0,0.0
2008,5,28,India,4170,skirts,P181,gray,4,en face,32.76,1,2,0,0.0
2008,8,20,Sweden,5198,sale,P017,white,6,profile,123.51,2,4,1,208.36
2008,8,3,France,8994,sale,P112,white,3,en face,186.45,2,2,0,0.0
2008,5,27,USA,741,blouses,P141,blue,1,en face,81.08,1,2,0,0.0
2008,5,6,Australia,9067,sale,P281,violet,5,en face,66.12,1,4,0,0.0
2008,4,1,USA,1625,trousers,P222,green,2,en face,119.99,2,1,0,0.0
2008,8,7,USA,525,blouses,P121,pink,5,en face,143.95,2,5,0,0.0
2008,6,27,Australia,8000,blouses,P230,olive,3,en face,89.1,1,3,0,0.0
2008,8,22,Australia,4420,skirts,P095,blue,4,profile,86.51,1,1,0,0.0
2008,6,20,Australia,5427,trousers,P149,burgundy,5,en face,191.64,2,2,0,0.0
2008,4,28,USA,6690,blouses,P025,beige,6,en face,189.34,2,4,0,0.0
2008,8,12,Italy,7383,trousers,P001,pink,5,profile,54.41,1,4,0,0.0
2008,7,12,Germany,436,blouses,P203,red,2,profile,27.27,1,1,0,0.0
2008,5,8,India,2961,skirts,P007,blue,4,profile,100.98,1,3,0,0.0
2008,8,6,UK,309,blouses,P246,white,4,profile,148.32,2,4,0,0.0
2008,4,8,Australia,1566,sale,P193,pink,1,profile,173.05,2,4,0,0.0
2008,7,4,France,2632,trousers,P131,beige,4,profile,66.68,1,3,0,0.0
2008,6,20,France,5598,trousers,P099,gray,1,profile,148.08,2,1,0,0.0
2008,4,13,UK,9478,sale,P102,green,3,en face,60.97,1,5,0,0.0
2008,8,16,USA,402,skirts,P032,brown,4,profile,37.43,1,2,0,0.0
2008,4,4,India,3827,blouses,P187,red,1,en face,170.6,2,2,0,0.0
2008,8,1,UK,882,trousers,P281,beige,5,profile,168.54,2,1,0,0.0
2008,8,12,India,3998,trousers,P174,green,6,en face,183.83,2,2,0,0.0
2008,6,23,India,7119,trousers,P060,pink,3,en face,57.48,1,1,0,0.0
2008,7,10,Sweden,3266,trousers,P196,brown,6,en face,92.31,1,1,0,0.0
2008,6,19,UK,8407,sale,P214,violet,3,en face,179.79,2,2,0,0.0
2008,7,28,France,5010,sale,P023,white,5,en face,139.19,2,4,0,0.0
2008,8,17,Sweden,5737,trousers,P027,red,5,en face,130.81,2,4,0,0.0
2008,5,10,Sweden,5555,sale,P133,red,4,profile,110.06,2,5,0,0.0
2008,6,9,Australia,289,blouses,P031,burgundy,6,en face,106.38,2,3,0,0.0
2008,6,12,Italy,5565,trousers,P094,black,4,profile,93.05,1,4,0,0.0
2008,8,17,Germany,8325,trousers,P219,violet,1,profile,94.53,1,4,0,0.0
2008,5,4,Australia,2624,trousers,P048,black,4,profile,196.68,2,5,0,0.0
2008,4,21,Italy,8860,sale,P223,pink,4,en face,53.15,1,5,0,0.0
2008,7,22,UK,477,sale,P203,pink,4,en face,184.0,2,2,0,0.0
2008,8,20,France,8592,sale,P017,pink,6,profile,168.32,2,3,0,0.0
2008,8,24,France,9714,blouses,P051,violet,2,profile,178.96,2,2,0,0.0
2008,6,17,Italy,6523,blouses,P297,olive,4,profile,71.78,1,4,0,0.0
2008,7,11,Sweden,3112,skirts,P125,black,6,profile,124.39,2,5,0,0.0
2008,4,13,UK,9471,blouses,P215,brown,6,profile,109.96,2,4,0,0.0
2008,7,19,France,738,blouses,P216,gray,5,profile,193.63,2,1,0,0.0
2008,7,22,Italy,3134,trousers,P292,red,1,en face,103.6,1,1,0,0.0
2008,7,21,UK,8048,skirts,P050,pink,5,profile,52.46,1,3,0,0.0
2008,5,25,USA,6552,sale,P180,beige,1,profile,198.7,2,5,0,0.0
2008,5,25,France,5408,skirts,P296,black,6,profile,191.58,2,4,0,0.0
2008,4,24,France,5564,trousers,P112,black,3,profile,28.36,1,1,0,0.0
2008,4,26,Sweden,5329,blouses,P180,blue,2,en face,122.59,2,2,0,0.0
2008,4,28,India,6719,blouses,P264,beige,3,en face,16.53,1,3,0,0.0
2008,7,19,Australia,5119,sale,P054,olive,5,profile,101.73,1,2,0,0.0
2008,4,12,USA,4620,blouses,P031,pink,3,en face,174.3,2,4,0,0.0
2008,8,17,UK,3690,blouses,P195,navy blue,3,profile,157.12,2,1,0,0.0
2008,6,11,UK,7717,skirts,P272,black,2,profile,83.46,1,3,0,0.0
2008,4,4,Australia,1840,blouses,P038,navy blue,5,profile,138.21,2,4,0,0.0
2008,4,23,UK,1996,sale,P081,pink,6,en face,77.2,1,3,0,0.0
2008,4,2,France,2400,sale,P060,beige,2,profile,40.47,1,4,0,0.0
2008,6,4,Sweden,6511,trousers,P269,gray,5,profile,112.84,2,2,0,0.0
2008,6,25,France,9357,blouses,P153,olive,1,en face,151.95,2,2,0,0.0
2008,8,4,Germany,4120,skirts,P077,burgundy,6,en face,175.29,2,2,0,0.0
2008,6,8,Sweden,5895,blouses,P219,brown,2,en face,193.94,2,4,0,0.0
2008,6,13,France,801,blouses,P232,burgundy,6,en face,130.31,2,1,1,246.69
2008,5,27,UK,8424,blouses,P070,navy blue,5,profile,123.12,2,1,0,0.0
2008,6,13,USA,7681,blouses,P265,beige,4,profile,137.88,2,1,0,0.0
2008,7,14,Sweden,1406,sale,P024,blue,3,profile,108.83,2,3,0,0.0
2008,4,10,India,5432,sale,P065,white,5,en face,21.89,1,4,0,0.0
2008,7,24,Australia,70,sale,P052,white,4,en face,99.46,1,1,0,0.0
2008,4,17,France,9544,skirts,P209,pink,5,profile,55.53,1,4,1,125.73
2008,7,7,Germany,2760,skirts,P077,brown,2,profile,88.02,1,3,0,0.0
2008,8,8,Australia,8295,sale,P276,gray,1,en face,21.09,1,5,0,0.0
2008,4,26,France,1587,sale,P202,gray,1,profile,22.03,1,2,1,28.39
2008,4,1,UK,6667,skirts,P279,navy blue,6,profile,29.86,1,4,0,0.0
2008,6,10,UK,8015,blouses,P142,black,6,profile,104.66,1,4,0,0.0
2008,8,23,France,1075,sale,P208,olive,3,en face,189.24,2,4,0,0.0
2008,8,22,Sweden,3064,trousers,P072,brown,2,en face,167.26,2,1,0,0.0
2008,7,2,France,6488,sale,P006,burgundy,1,en face,39.22,1,2,0,0.0
2008,6,17,India,4706,sale,P058,pink,2,en face,174.55,2,1,1,354.11
2008,4,19,Sweden,9070,skirts,P270,burgundy,1,profile,61.85,1,3,0,0.0
2008,7,8,Italy,2604,sale,P207,navy blue,3,profile,129.84,2,3,0,0.0
2008,8,17,Germany,7739,skirts,P278,gray,2,profile,125.74,2,2,0,0.0
2008,8,13,India,1580,skirts,P042,pink,3,profile,154.71,2,4,0,0.0
2008,7,26,India,5059,sale,P189,green,2,en face,50.72,1,5,0,0.0
2008,5,8,Sweden,5754,blouses,P112,burgundy,6,en face,176.21,2,5,0,0.0
2008,5,21,Italy,3549,skirts,P182,burgundy,3,profile,46.33,1,4,0,0.0
2008,7,13,USA,410,sale,P280,navy blue,5,en face,98.68,1,4,1,228.67
2008,5,25,UK,4098,trousers,P252,olive,2,en face,103.41,1,2,0,0.0
2008,7,17,Sweden,6462,blouses,P024,brown,4,profile,44.33,1,1,0,0.0
2008,8,26,UK,5602,skirts,P145,burgundy,4,profile,117.89,2,3,0,0.0
2008,6,12,Germany,5232,skirts,P156,white,5,profile,83.54,1,2,0,0.0
2008,5,20,Sweden,3778,trousers,P123,olive,6,en face,21.71,1,3,0,0.0
2008,4,20,Italy,2727,skirts,P003,gray,4,profile,191.09,2,1,0,0.0
2008,4,15,France,478,blouses,P081,navy blue,4,en face,94.4,1,3,0,0.0
2008,4,12,France,1330,trousers,P115,olive,6,en face,144.66,2,3,0,0.0
2008,5,21,Italy,4036,sale,P006,burgundy,4,profile,42.58,1,4,0,0.0
2008,5,8,France,9643,sale,P194,brown,3,en face,191.9,2,2,0,0.0
2008,4,18,Italy,1778,blouses,P278,white,3,profile,145.03,2,5,0,0.0
2008,7,23,France,6097,sale,P176,pink,2,profile,46.12,1,2,0,0.0
2008,7,23,Australia,752,trousers,P106,green,4,profile,80.79,1,2,0,0.0
2008,4,15,Australia,5793,blouses,P220,navy blue,4,en face,125.76,2,2,0,0.0
2008,7,11,UK,4061,skirts,P148,burgundy,3,en face,139.59,2,3,0,0.0
2008,5,10,Sweden,9042,trousers,P082,violet,6,en face,177.44,2,3,0,0.0
2008,8,25,USA,6031,trousers,P006,beige,1,profile,176.07,2,2,0,0.0
2008,7,10,India,5899,blouses,P111,navy blue,6,en face,197.57,2,1,0,0.0
2008,4,18,UK,9339,skirts,P207,blue,6,en face,33.76,1,1,0,0.0
2008,5,11,Sweden,9161,sale,P171,pink,5,profile,192.09,2,4,0,0.0
2008,6,11,Italy,9997,sale,P236,burgundy,3,en face,28.29,1,3,0,0.0
2008,6,12,UK,5152,skirts,P136,pink,3,en face,71.71,1,5,0,0.0
2008,4,3,Sweden,469,sale,P195,gray,6,en face,177.31,2,2,0,0.0
2008,4,22,India,1546,sale,P248,black,1,en face,16.08,1,3,0,0.0
2008,5,4,UK,6312,sale,P191,green,2,en face,155.95,2,1,0,0.0
2008,5,5,Australia,2684,blouses,P242,green,3,en face,81.86,1,2,0,0.0
2008,8,8,France,8967,trousers,P103,navy blue,3,profile,189.05,2,1,0,0.0
2008,4,24,Germany,6182,trousers,P108,olive,6,en face,188.13,2,2,0,0.0
2008,8,4,USA,1026,blouses,P074,gray,5,profile,122.99,2,3,0,0.0
2008,7,11,Australia,5113,blouses,P158,navy blue,6,en face,136.5,2,4,0,0.0
2008,4,21,Australia,8563,sale,P234,pink,6,en face,43.35,1,2,0,0.0
2008,7,19,USA,5369,sale,P125,gray,6,profile,75.72,1,3,1,185.4
2008,6,25,Italy,2355,sale,P037,pink,2,en face,52.53,1,1,0,0.0
2008,8,1,India,7279,blouses,P052,burgundy,2,profile,126.06,2,1,0,0.0
2008,6,16,Sweden,3603,trousers,P072,olive,4,profile,162.79,2,3,0,0.0
2008,5,27,France,774,trousers,P169,red,3,profile,33.33,1,4,0,0.0
2008,8,13,Italy,6774,trousers,P078,green,1,profile,28.54,1,2,1,29.89
2008,6,2,France,8810,skirts,P081,violet,2,profile,196.99,2,1,0,0.0
2008,7,8,UK,3383,skirts,P068,pink,4,en face,100.76,1,2,0,0.0
2008,8,26,Italy,642,skirts,P143,burgundy,2,en face,172.39,2,1,0,0.0
2008,4,7,Australia,4234,sale,P009,burgundy,5,profile,83.55,1,3,0,0.0
2008,4,24,Australia,3816,sale,P142,brown,2,en face,100.44,1,4,0,0.0
2008,5,23,Italy,4105,trousers,P131,pink,5,profile,63.44,1,2,0,0.0
2008,8,20,UK,9926,trousers,P154,white,2,en face,48.96,1,4,0,0.0
2008,6,25,Australia,1109,trousers,P060,brown,4,profile,33.11,1,5,0,0.0
2008,4,13,Germany,3528,sale,P023,blue,6,profile,170.21,2,2,0,0.0
2008,4,2,Australia,3496,blouses,P133,pink,6,en face,70.42,1,1,0,0.0
2008,4,5,Italy,1421,sale,P016,brown,4,profile,129.55,2,2,0,0.0
2008,4,10,UK,6924,blouses,P249,pink,2,en face,21.32,1,4,1,23.2
2008,6,27,Italy,3882,skirts,P252,burgundy,4,en face,92.06,1,5,1,237.26
2008,5,23,Italy,8354,blouses,P240,navy blue,3,profile,167.31,2,4,0,0.0
2008,6,2,Australia,6246,sale,P121,blue,1,en face,167.11,2,4,0,0.0
2008,8,17,Germany,4939,skirts,P082,violet,6,en face,107.26,2,4,0,0.0
2008,5,7,India,6799,trousers,P232,blue,3,profile,191.89,2,2,0,0.0
2008,4,18,Sweden,7813,sale,P206,olive,6,en face,68.51,1,5,0,0.0
2008,8,13,Sweden,1681,skirts,P077,blue,4,profile,83.74,1,1,1,132.26
2008,7,9,Germany,6716,sale,P063,navy blue,6,en face,93.28,1,5,0,0.0
2008,6,4,Australia,634,skirts,P080,blue,2,en face,126.31,2,2,0,0.0
2008,7,25,France,2570,trousers,P188,gray,1,profile,174.31,2,5,0,0.0
2008,6,7,Australia,7360,trousers,P160,black,5,en face,47.83,1,1,1,107.69
2008,6,14,Italy,2167,sale,P247,red,2,profile,127.11,2,1,0,0.0
2008,7,24,Australia,8170,trousers,P273,white,2,profile,181.03,2,2,0,0.0
2008,5,16,Sweden,8846,blouses,P133,violet,2,en face,155.15,2,5,0,0.0
2008,6,17,USA,2826,blouses,P280,pink,3,en face,113.01,2,3,0,0.0
2008,8,22,Italy,4088,trousers,P109,pink,3,profile,80.39,1,3,0,0.0
2008,5,23,USA,6244,trousers,P077,brown,1,en face,192.84,2,5,0,0.0
2008,5,21,France,8365,skirts,P295,green,5,profile,150.52,2,2,0,0.0
2008,8,21,Germany,3942,trousers,P136,white,6,en face,13.55,1,2,0,0.0
2008,8,20,Sweden,9180,trousers,P018,navy blue,2,profile,116.94,2,4,0,0.0
2008,6,6,Italy,8076,skirts,P220,burgundy,4,en face,11.56,1,4,0,0.0
2008,5,27,USA,9196,skirts,P133,olive,1,profile,126.51,2,1,0,0.0
2008,4,24,Sweden,4129,sale,P093,green,2,profile,81.67,1,2,0,0.0
2008,8,13,Sweden,1173,trousers,P122,gray,3,en face,112.01,2,2,0,0.0
2008,6,10,India,8669,sale,P270,black,2,profile,61.73,1,2,0,0.0
2008,8,5,Sweden,4223,sale,P252,blue,6,profile,171.97,2,2,0,0.0
2008,7,24,USA,4835,trousers,P091,navy blue,3,en face,126.46,2,1,0,0.0
2008,7,5,UK,2577,sale,P004,olive,4,en face,33.7,1,5,0,0.0
2008,5,1,Germany,1990,blouses,P131,pink,5,en face,118.92,2,5,0,0.0
2008,7,24,Australia,6974,skirts,P061,red,5,profile,165.3,2,2,0,0.0
2008,8,3,Australia,5837,trousers,P286,navy blue,6,profile,118.38,2,5,0,0.0
2008,7,27,Sweden,4533,sale,P188,olive,1,profile,118.33,2,2,0,0.0
2008,4,21,Australia,3210,skirts,P044,brown,6,profile,116.75,2,5,0,0.0
2008,8,7,UK,3856,trousers,P068,green,5,profile,165.87,2,1,1,215.08
2008,7,9,France,2629,sale,P052,blue,3,profile,144.8,2,4,0,0.0
2008,7,7,Germany,7804,trousers,P047,pink,3,profile,159.87,2,4,0,0.0
2008,6,7,Germany,1411,trousers,P185,beige,1,profile,17.86,1,1,0,0.0
2008,4,8,Australia,8258,skirts,P068,violet,1,profile,70.05,1,3,0,0.0
2008,6,16,Italy,7387,sale,P197,beige,5,profile,131.49,2,1,0,0.0
2008,5,6,UK,4304,sale,P259,pink,1,profile,52.45,1,2,0,0.0
2008,6,8,Italy,6751,blouses,P265,gray,6,en face,11.25,1,4,0,0.0
2008,6,12,France,6556,trousers,P163,beige,6,en face,179.8,2,5,0,0.0
2008,7,15,Italy,816,blouses,P038,red,2,profile,112.42,2,5,0,0.0
2008,5,24,USA,2405,trousers,P063,red,2,en face,29.16,1,1,0,0.0
2008,4,20,UK,5398,sale,P078,red,5,profile,90.91,1,4,0,0.0
2008,8,16,Italy,9957,trousers,P272,white,2,profile,158.94,2,5,0,0.0
2008,4,24,Sweden,2132,sale,P011,burgundy,2,en face,179.41,2,1,1,192.62
2008,8,18,Italy,1798,trousers,P213,brown,2,en face,73.03,1,2,0,0.0
2008,8,12,France,3091,blouses,P108,white,6,en face,33.33,1,4,0,0.0
2008,4,19,Australia,4185,sale,P174,pink,1,profile,16.04,1,4,0,0.0
2008,5,26,Italy,4565,blouses,P099,green,1,en face,125.58,2,4,0,0.0
2008,8,2,UK,5031,sale,P130,green,1,profile,148.48,2,2,0,0.0
2008,4,19,Italy,8049,sale,P213,navy blue,3,en face,62.46,1,3,0,0.0
2008,8,24,Australia,123,skirts,P282,red,1,en face,133.32,2,5,0,0.0
2008,4,20,USA,180,skirts,P297,pink,2,profile,91.36,1,4,0,0.0
2008,6,17,Sweden,9251,skirts,P037,red,3,profile,190.63,2,3,0,0.0
2008,4,16,USA,8096,sale,P025,white,1,en face,19.28,1,1,0,0.0
2008,6,8,India,6430,trousers,P273,black,6,en face,175.56,2,2,0,0.0
2008,5,25,USA,9738,skirts,P259,green,6,en face,94.97,1,2,0,0.0
2008,8,9,Sweden,4993,sale,P196,beige,2,profile,28.02,1,1,0,0.0
2008,4,6,UK,1158,trousers,P077,black,5,profile,20.76,1,3,1,38.81
2008,5,13,Australia,9004,skirts,P286,burgundy,6,profile,85.31,1,4,0,0.0
2008,4,25,UK,1533,skirts,P013,white,1,en face,92.79,1,5,0,0.0
2008,5,28,USA,8993,trousers,P102,green,1,en face,66.97,1,2,0,0.0
2008,7,26,UK,7860,skirts,P073,gray,1,en face,157.74,2,4,1,381.25
2008,6,24,Australia,9111,trousers,P084,violet,1,profile,93.69,1,3,0,0.0
2008,4,18,Italy,1536,blouses,P172,pink,2,en face,30.91,1,2,0,0.0
2008,4,27,India,9260,sale,P149,brown,3,profile,100.68,1,1,0,0.0
2008,7,13,Sweden,5518,blouses,P184,blue,2,profile,94.75,1,3,0,0.0
2008,6,22,France,2606,skirts,P069,blue,4,profile,30.48,1,4,1,39.24
2008,4,17,Australia,6128,trousers,P284,navy blue,3,en face,12.37,1,2,0,0.0
2008,4,14,UK,9142,blouses,P010,black,1,profile,109.22,2,5,0,0.0
2008,8,2,Australia,7459,blouses,P177,blue,5,en face,134.88,2,3,0,0.0
2008,6,1,India,2178,blouses,P242,black,2,en face,20.51,1,4,0,0.0
2008,7,21,Australia,7991,blouses,P105,burgundy,4,profile,126.2,2,4,0,0.0
2008,8,6,Germany,2352,blouses,P050,violet,2,profile,19.89,1,5,0,0.0
2008,4,23,UK,9178,skirts,P125,burgundy,5,en face,70.32,1,4,1,176.61
2008,4,20,Australia,3503,sale,P043,violet,2,en face,46.81,1,4,0,0.0
2008,8,5,Australia,2135,sale,P140,burgundy,2,profile,89.87,1,5,0,0.0
2008,5,7,India,1481,trousers,P263,olive,3,profile,166.39,2,2,0,0.0
2008,4,21,USA,2794,sale,P201,pink,4,en face,40.04,1,4,0,0.0
2008,7,4,France,4844,trousers,P194,olive,1,en face,72.12,1,4,0,0.0
2008,8,26,Germany,9781,sale,P004,blue,6,profile,22.24,1,3,1,34.33
2008,5,26,Sweden,9935,sale,P098,olive,6,profile,103.42,1,1,1,250.55
2008,8,10,Australia,4763,sale,P181,white,5,profile,128.58,2,5,0,0.0
2008,5,26,USA,7192,blouses,P167,beige,6,profile,13.42,1,2,0,0.0
2008,8,23,Sweden,6042,skirts,P048,burgundy,1,en face,198.47,2,5,0,0.0
2008,4,23,Germany,9637,blouses,P119,pink,4,profile,11.21,1,3,0,0.0
2008,8,13,Australia,3446,blouses,P212,black,4,en face,70.4,1,1,0,0.0
2008,7,8,Italy,8150,sale,P022,blue,2,profile,171.57,2,3,0,0.0
2008,6,4,Australia,7766,trousers,P033,blue,2,profile,101.15,1,3,0,0.0
2008,5,14,Australia,3621,sale,P214,brown,3,profile,58.62,1,5,0,0.0
2008,8,22,Germany,1953,trousers,P191,green,4,profile,81.41,1,2,0,0.0
2008,8,20,France,556,blouses,P253,burgundy,4,en face,188.55,2,5,0,0.0
2008,7,12,Italy,4265,sale,P005,blue,3,profile,90.73,1,3,0,0.0
2008,7,19,India,1164,skirts,P232,gray,6,profile,77.66,1,5,0,0.0
2008,6,7,Sweden,1585,trousers,P092,brown,5,en face,176.49,2,1,0,0.0
2008,8,2,USA,6152,skirts,P148,olive,6,profile,49.83,1,2,0,0.0
2008,7,14,UK,9721,blouses,P121,blue,3,en face,179.68,2,2,0,0.0
2008,4,15,Italy,5838,trousers,P063,violet,6,profile,154.47,2,3,0,0.0
2008,8,21,Italy,5262,trousers,P258,white,2,profile,31.1,1,3,0,0.0
2008,7,10,Germany,5240,skirts,P293,navy blue,5,profile,85.82,1,4,0,0.0
2008,6,9,UK,7914,sale,P250,navy blue,3,en face,108.0,2,2,1,251.9
2008,4,6,Australia,9163,sale,P263,white,5,profile,193.55,2,5,0,0.0
2008,8,25,USA,1599,skirts,P126,black,1,profile,53.88,1,4,0,0.0
2008,7,14,Sweden,7183,trousers,P215,pink,3,en face,89.15,1,5,0,0.0
2008,8,22,Italy,301,blouses,P175,burgundy,2,en face,75.54,1,5,0,0.0
2008,6,28,France,9661,sale,P003,white,5,en face,45.92,1,4,0,0.0
2008,8,12,UK,6948,blouses,P045,black,2,profile,145.64,2,3,0,0.0
2008,6,7,UK,3795,trousers,P001,violet,5,profile,93.69,1,3,0,0.0
2008,4,23,UK,4573,trousers,P162,beige,1,en face,84.69,1,4,0,0.0
2008,7,26,UK,4336,sale,P140,green,5,profile,145.41,2,3,0,0.0
2008,8,23,Germany,2859,skirts,P237,burgundy,2,en face,12.92,1,4,0,0.0
2008,4,4,Sweden,5695,skirts,P261,red,2,en face,166.66,2,2,0,0.0
2008,6,2,Germany,3143,blouses,P163,beige,2,en face,19.32,1,4,0,0.0
2008,8,23,Sweden,1360,sale,P201,green,2,profile,128.2,2,1,0,0.0
2008,4,21,India,4534,skirts,P121,pink,1,profile,177.14,2,4,0,0.0
2008,7,6,Germany,9750,sale,P008,burgundy,6,profile,28.55,1,5,0,0.0
2008,5,22,Sweden,5688,trousers,P055,pink,3,en face,159.31,2,1,0,0.0
2008,4,23,Italy,487,blouses,P078,brown,1,profile,96.88,1,5,1,279.83
2008,6,11,Italy,7837,blouses,P058,green,1,en face,54.17,1,4,0,0.0
2008,6,5,Germany,9555,blouses,P170,gray,1,profile,37.45,1,2,0,0.0
2008,5,8,India,5901,skirts,P171,blue,6,en face,160.99,2,3,0,0.0
2008,7,18,UK,8117,blouses,P151,green,1,en face,57.46,1,4,1,131.55
2008,6,7,India,7363,blouses,P148,navy blue,4,profile,46.41,1,5,0,0.0
2008,6,22,Italy,1153,skirts,P196,burgundy,6,profile,114.24,2,4,0,0.0
2008,5,18,India,5383,trousers,P155,beige,5,en face,16.99,1,1,0,0.0
2008,8,19,Sweden,9742,skirts,P176,green,3,profile,75.71,1,1,0,0.0
2008,8,22,USA,5425,skirts,P254,burgundy,3,profile,91.64,1,4,0,0.0
2008,8,23,Italy,8808,blouses,P044,black,3,en face,64.61,1,2,1,131.87
2008,6,18,Australia,5187,blouses,P208,gray,2,profile,112.3,2,4,0,0.0
2008,4,21,France,8410,blouses,P068,gray,1,profile,128.04,2,5,1,264.6
2008,7,17,USA,6190,skirts,P197,beige,5,en face,128.93,2,5,0,0.0
2008,6,4,Germany,9703,trousers,P060,black,5,profile,12.89,1,2,0,0.0
2008,6,15,France,8270,trousers,P095,violet,6,en face,167.6,2,2,1,260.0
2008,8,11,Germany,5315,trousers,P246,olive,4,en face,33.05,1,3,0,0.0
2008,8,21,France,9904,skirts,P283,white,5,en face,71.9,1,5,0,0.0
2008,4,9,Germany,666,trousers,P223,pink,2,en face,92.17,1,3,0,0.0
2008,7,13,France,3354,trousers,P133,gray,3,profile,50.01,1,1,0,0.0
2008,4,8,Germany,8852,skirts,P184,red,4,profile,125.17,2,5,0,0.0
2008,7,6,Australia,8062,skirts,P186,olive,4,en face,151.85,2,2,0,0.0
2008,8,11,Italy,643,blouses,P298,violet,2,en face,25.87,1,4,0,0.0
2008,6,2,Germany,9243,blouses,P283,violet,1,profile,144.47,2,5,0,0.0
2008,6,17,USA,177,sale,P174,navy blue,6,profile,112.76,2,2,0,0.0
2008,7,25,Sweden,6432,skirts,P189,beige,3,en face,73.77,1,2,0,0.0
2008,6,24,Germany,9911,trousers,P241,gray,3,profile,198.8,2,1,0,0.0
2008,8,12,UK,3439,sale,P128,pink,4,profile,146.58,2,1,0,0.0
2008,5,28,France,787,sale,P018,green,4,profile,91.05,1,2,0,0.0
2008,5,11,India,6392,sale,P041,black,4,en face,183.47,2,5,0,0.0
2008,8,4,Germany,9066,trousers,P224,green,6,profile,128.54,2,4,0,0.0
2008,7,7,India,9928,blouses,P241,burgundy,2,en face,161.66,2,3,0,0.0
2008,6,13,USA,3203,blouses,P019,navy blue,1,profile,180.77,2,4,0,0.0
2008,4,7,USA,4804,skirts,P133,green,1,profile,185.57,2,5,1,468.79
2008,7,26,Sweden,7836,blouses,P291,green,3,en face,87.35,1,2,0,0.0
2008,4,25,Italy,7941,trousers,P297,white,2,en face,131.62,2,2,0,0.0
2008,4,22,Australia,92,trousers,P127,gray,4,en face,159.61,2,1,0,0.0
2008,7,7,Australia,5763,sale,P064,navy blue,4,profile,150.52,2,4,0,0.0
2008,6,1,USA,9028,blouses,P047,brown,2,en face,50.56,1,4,0,0.0
2008,8,27,Italy,9505,skirts,P249,brown,3,en face,169.5,2,1,0,0.0
2008,8,22,Germany,8238,skirts,P019,brown,1,profile,36.65,1,1,0,0.0
2008,8,27,France,1972,sale,P191,beige,5,en face,33.92,1,1,0,0.0
2008,5,19,France,2906,sale,P248,red,2,en face,121.19,2,5,0,0.0
2008,5,19,France,531,blouses,P072,violet,5,profile,84.53,1,4,0,0.0
2008,8,23,UK,3636,sale,P154,brown,6,profile,20.35,1,3,0,0.0
2008,4,20,Sweden,997,blouses,P106,navy blue,6,en face,169.89,2,1,0,0.0
2008,4,20,Australia,5853,sale,P068,gray,3,profile,179.23,2,3,0,0.0
2008,6,8,India,4227,sale,P014,black,4,en face,12.67,1,1,0,0.0
2008,6,12,UK,5617,trousers,P073,violet,5,profile,121.19,2,3,0,0.0
2008,4,24,Germany,2313,skirts,P283,white,5,en face,40.53,1,4,0,0.0
2008,7,1,Australia,2155,blouses,P103,black,6,profile,162.61,2,5,0,0.0
2008,7,24,USA,5318,blouses,P060,green,2,en face,86.26,1,4,0,0.0
2008,6,20,France,1428,skirts,P058,olive,5,en face,138.66,2,2,0,0.0
2008,4,9,India,8631,trousers,P295,beige,3,en face,164.82,2,5,0,0.0
2008,5,2,USA,6033,sale,P169,beige,6,en face,64.82,1,2,0,0.0
2008,6,9,Germany,4416,trousers,P101,navy blue,5,en face,79.47,1,3,0,0.0
2008,8,27,Sweden,8819,skirts,P172,pink,3,en face,117.83,2,5,0,0.0
2008,7,4,UK,3086,sale,P153,pink,5,profile,146.45,2,2,0,0.0
2008,5,19,India,7799,skirts,P074,black,4,profile,18.36,1,2,0,0.0
2008,6,3,USA,9154,trousers,P288,white,1,profile,84.07,1,1,0,0.0
2008,7,18,UK,8210,skirts,P109,red,6,profile,86.81,1,3,0,0.0
2008,8,5,UK,9574,sale,P110,green,4,profile,142.99,2,2,0,0.0
2008,6,4,India,9535,trousers,P071,gray,2,profile,157.14,2,2,1,404.45
2008,4,26,India,496,blouses,P142,burgundy,2,en face,154.28,2,1,0,0.0
2008,4,8,France,3750,blouses,P101,brown,6,en face,64.18,1,3,0,0.0
2008,8,21,France,2322,trousers,P234,pink,2,profile,95.34,1,2,0,0.0
2008,5,3,Italy,4268,skirts,P250,blue,1,profile,80.97,1,4,0,0.0
2008,7,26,Germany,3406,blouses,P062,gray,3,profile,68.51,1,3,0,0.0
2008,4,13,Sweden,152,skirts,P191,gray,2,en face,52.53,1,1,0,0.0
2008,6,2,UK,7370,blouses,P135,navy blue,1,profile,44.25,1,3,0,0.0
2008,4,7,Germany,695,sale,P205,black,3,profile,194.57,2,5,0,0.0
2008,6,7,Australia,4418,trousers,P290,burgundy,3,en face,24.55,1,4,0,0.0
2008,5,1,Australia,5698,blouses,P234,navy blue,1,en face,84.73,1,4,0,0.0
2008,4,25,Sweden,1739,sale,P156,violet,6,profile,192.02,2,3,1,453.88
2008,8,13,Italy,3002,trousers,P008,pink,6,profile,96.41,1,2,1,148.5
2008,6,15,Australia,168,blouses,P068,brown,3,profile,109.84,2,2,0,0.0
2008,4,25,Germany,6112,trousers,P107,beige,1,profile,140.8,2,4,0,0.0
2008,4,20,France,4623,skirts,P089,beige,2,profile,78.96,1,3,0,0.0
2008,8,13,Italy,2866,skirts,P015,white,5,profile,55.58,1,1,0,0.0
2008,4,18,Italy,8545,skirts,P223,burgundy,3,en face,27.23,1,3,0,0.0
2008,8,15,France,4703,skirts,P142,black,2,en face,149.99,2,3,0,0.0
2008,4,26,Sweden,2884,trousers,P114,gray,1,profile,13.55,1,3,0,0.0
2008,7,1,France,3032,sale,P047,black,2,profile,30.65,1,5,0,0.0
2008,5,8,Sweden,8184,sale,P203,red,3,en face,157.4,2,1,0,0.0
2008,7,18,Sweden,8981,skirts,P182,navy blue,6,en face,82.11,1,2,0,0.0
2008,4,20,Sweden,8529,blouses,P045,navy blue,3,en face,141.32,2,4,1,319.39
2008,4,24,France,5682,trousers,P012,navy blue,5,en face,100.67,1,2,0,0.0
2008,5,1,Sweden,7210,sale,P121,white,2,profile,103.68,1,3,1,153.41
2008,5,1,Germany,5992,blouses,P145,burgundy,3,en face,13.34,1,3,0,0.0
2008,8,5,India,2277,sale,P012,green,6,en face,63.12,1,4,0,0.0
2008,5,3,Sweden,7133,trousers,P073,white,2,en face,193.67,2,5,0,0.0
2008,7,18,Sweden,5706,skirts,P250,beige,3,profile,194.53,2,1,0,0.0
2008,4,19,Italy,7999,blouses,P268,navy blue,3,en face,73.15,1,4,0,0.0
2008,4,10,Sweden,5293,skirts,P054,beige,5,en face,118.74,2,3,0,0.0
2008,5,12,India,4305,skirts,P266,white,4,en face,89.29,1,5,0,0.0
2008,4,8,France,7446,trousers,P266,white,2,en face,156.26,2,5,0,0.0
2008,8,16,India,429,blouses,P282,brown,5,profile,98.37,1,3,0,0.0
2008,8,7,Australia,7069,blouses,P020,olive,6,en face,173.45,2,1,1,364.84
2008,4,22,Australia,6365,sale,P020,brown,3,en face,109.84,2,2,0,0.0
2008,8,27,Australia,4216,blouses,P247,brown,6,profile,177.9,2,2,0,0.0
2008,4,12,France,427,blouses,P004,brown,1,en face,147.75,2,4,0,0.0
2008,8,20,UK,2224,trousers,P025,navy blue,6,profile,161.93,2,5,0,0.0
2008,7,10,UK,101,blouses,P189,red,2,en face,37.61,1,2,0,0.0
2008,5,24,Australia,9245,blouses,P281,burgundy,6,en face,69.91,1,4,0,0.0
2008,7,10,UK,3308,skirts,P045,beige,4,en face,29.85,1,3,0,0.0
2008,4,19,France,2763,skirts,P294,red,4,en face,193.56,2,1,0,0.0
2008,5,22,UK,5858,sale,P024,black,1,profile,159.21,2,1,0,0.0
2008,4,18,Sweden,4739,skirts,P164,white,5,profile,142.45,2,4,1,415.15
2008,7,5,UK,7093,skirts,P175,burgundy,5,profile,73.12,1,3,0,0.0
2008,4,15,Australia,9633,sale,P206,blue,3,profile,21.24,1,2,0,0.0
2008,4,7,France,3287,trousers,P104,violet,3,en face,157.18,2,5,0,0.0
2008,7,10,India,7713,blouses,P278,burgundy,4,en face,121.27,2,3,0,0.0
2008,5,1,USA,7869,skirts,P079,blue,1,en face,159.73,2,2,0,0.0
2008,8,10,Australia,6068,trousers,P066,red,5,en face,69.01,1,1,0,0.0
2008,8,21,USA,9236,trousers,P178,white,4,profile,125.51,2,2,0,0.0
2008,7,17,Italy,3578,skirts,P157,pink,1,en face,171.63,2,1,0,0.0
2008,6,14,France,1466,trousers,P279,white,3,profile,166.45,2,5,1,250.95
2008,7,24,France,7676,sale,P159,red,4,en face,196.26,2,3,1,269.13
2008,7,15,UK,2235,skirts,P247,white,3,profile,165.37,2,2,1,391.93
2008,4,6,India,1745,sale,P072,black,3,profile,74.11,1,2,0,0.0
2008,8,7,Australia,9755,skirts,P284,blue,1,profile,106.46,2,1,0,0.0
2008,5,6,Italy,6095,trousers,P286,blue,1,profile,169.96,2,1,0,0.0
2008,5,1,Italy,8782,skirts,P247,violet,6,profile,123.13,2,5,0,0.0
2008,5,27,India,9402,blouses,P209,red,6,en face,86.08,1,3,0,0.0
2008,8,6,India,8372,skirts,P028,pink,5,en face,28.45,1,4,1,60.14
2008,5,16,Sweden,5028,skirts,P278,blue,1,profile,109.69,2,1,0,0.0
2008,4,6,Sweden,9235,blouses,P110,navy blue,5,profile,187.88,2,2,0,0.0
2008,7,23,Australia,3945,blouses,P091,brown,6,profile,46.0,1,4,1,93.07
2008,8,26,India,6863,trousers,P135,black,4,en face,182.34,2,5,0,0.0
2008,5,4,Italy,5351,trousers,P023,brown,4,profile,122.03,2,3,1,137.16
2008,8,10,UK,9423,sale,P291,blue,3,en face,104.36,1,4,0,0.0
2008,8,3,USA,2122,sale,P089,brown,1,profile,11.69,1,4,0,0.0
2008,7,16,Italy,4973,blouses,P175,green,4,en face,30.52,1,2,0,0.0
2008,8,15,UK,8577,trousers,P046,black,5,profile,92.91,1,1,0,0.0
2008,6,14,India,3785,trousers,P094,green,3,en face,96.7,1,5,0,0.0
2008,6,23,USA,6873,trousers,P162,white,5,en face,125.24,2,4,0,0.0
2008,6,24,Germany,917,blouses,P004,burgundy,5,profile,67.77,1,2,0,0.0
2008,7,26,France,9395,trousers,P094,violet,6,en face,66.09,1,5,0,0.0
2008,5,10,Italy,7253,skirts,P196,blue,3,en face,161.48,2,3,0,0.0
2008,6,9,France,8013,blouses,P202,burgundy,6,en face,63.63,1,3,0,0.0
2008,4,22,USA,5822,skirts,P241,beige,5,en face,134.42,2,1,0,0.0
2008,7,2,India,4404,skirts,P271,violet,2,en face,15.2,1,2,0,0.0
2008,5,9,USA,4864,blouses,P165,black,1,profile,197.65,2,5,0,0.0
2008,8,23,Italy,8516,skirts,P139,olive,4,profile,60.6,1,4,0,0.0
2008,4,28,Australia,5423,trousers,P228,white,4,profile,43.39,1,4,0,0.0
2008,6,21,Sweden,7734,skirts,P143,beige,5,profile,178.51,2,2,0,0.0
2008,4,16,India,1204,blouses,P183,navy blue,4,profile,57.75,1,2,0,0.0
2008,5,2,India,3769,blouses,P089,gray,2,profile,39.99,1,3,0,0.0
2008,4,15,Germany,5358,blouses,P124,red,4,en face,194.35,2,5,0,0.0
2008,4,4,India,3853,trousers,P171,gray,6,profile,157.96,2,3,0,0.0
2008,8,5,India,1927,blouses,P073,green,1,en face,35.92,1,4,0,0.0
2008,8,5,USA,3115,blouses,P141,violet,3,en face,106.16,2,5,0,0.0
2008,6,23,Australia,2642,blouses,P117,violet,3,profile,16.59,1,1,0,0.0
2008,4,5,Sweden,7640,trousers,P128,red,3,profile,172.75,2,1,0,0.0
2008,5,7,France,7361,skirts,P014,navy blue,3,profile,76.47,1,4,0,0.0
2008,8,19,Australia,8183,blouses,P185,blue,5,en face,120.8,2,1,0,0.0
2008,5,27,Australia,7611,blouses,P263,navy blue,3,en face,42.86,1,4,1,114.65
2008,5,13,Sweden,2729,sale,P130,violet,4,en face,26.22,1,2,0,0.0
2008,4,21,UK,9598,blouses,P006,violet,3,profile,94.05,1,2,0,0.0
2008,7,11,Sweden,4986,blouses,P286,brown,4,profile,45.31,1,1,0,0.0
2008,8,6,France,6847,blouses,P034,blue,3,en face,39.87,1,3,0,0.0
2008,7,18,Italy,7699,skirts,P114,blue,1,en face,52.39,1,1,0,0.0
2008,6,18,USA,4013,sale,P215,burgundy,3,en face,21.76,1,4,0,0.0
2008,4,4,USA,2627,blouses,P089,gray,3,en face,136.83,2,2,0,0.0
2008,7,28,Italy,7239,blouses,P086,white,4,en face,143.77,2,2,0,0.0
2008,5,24,Italy,8256,skirts,P137,black,2,profile,35.34,1,3,0,0.0
2008,8,5,UK,9566,blouses,P029,navy blue,5,en face,66.17,1,2,0,0.0
2008,5,25,France,806,sale,P282,blue,3,en face,39.75,1,2,0,0.0
2008,8,12,Italy,4635,trousers,P202,black,6,en face,194.81,2,1,0,0.0
2008,6,3,Australia,5248,skirts,P072,brown,5,en face,19.19,1,1,0,0.0
2008,6,16,France,5567,skirts,P258,gray,3,en face,171.98,2,3,0,0.0
2008,7,18,India,5740,sale,P249,navy blue,1,en face,39.08,1,5,0,0.0
2008,5,12,UK,5144,sale,P125,navy blue,5,profile,152.69,2,2,1,307.78
2008,4,7,Germany,8266,blouses,P144,blue,3,en face,93.94,1,4,0,0.0
2008,7,8,Italy,4460,skirts,P030,navy blue,5,en face,17.61,1,4,0,0.0
2008,6,19,France,1243,sale,P094,burgundy,1,profile,156.33,2,1,0,0.0
2008,8,26,France,6946,skirts,P075,white,1,profile,116.63,2,3,0,0.0
2008,8,8,Italy,5741,skirts,P181,white,3,en face,185.06,2,3,0,0.0
2008,5,4,France,5326,trousers,P026,brown,4,en face,126.26,2,1,0,0.0
2008,5,11,Italy,548,blouses,P029,black,1,profile,22.9,1,4,0,0.0
2008,8,28,Sweden,3023,skirts,P252,brown,4,en face,97.89,1,4,0,0.0
2008,5,1,Italy,5762,trousers,P252,beige,3,en face,130.31,2,2,0,0.0
2008,8,13,Australia,4032,blouses,P144,red,5,en face,174.29,2,3,0,0.0
2008,6,9,Australia,27,skirts,P172,burgundy,3,en face,42.66,1,3,1,80.19
2008,6,13,Italy,4953,sale,P236,olive,5,profile,150.03,2,2,0,0.0
2008,5,3,USA,5153,skirts,P065,black,4,en face,43.59,1,3,0,0.0
2008,5,17,France,2509,skirts,P157,beige,6,profile,15.01,1,2,0,0.0
2008,8,15,France,1434,trousers,P089,black,4,en face,71.7,1,4,0,0.0
2008,8,16,Sweden,2583,trousers,P238,brown,3,profile,120.39,2,2,0,0.0
2008,6,2,Australia,1303,blouses,P074,violet,1,profile,154.69,2,5,0,0.0
2008,6,23,Germany,5813,blouses,P013,red,1,en face,19.58,1,5,0,0.0
2008,5,25,France,7350,sale,P072,black,3,profile,166.12,2,2,0,0.0
2008,6,25,Sweden,5282,trousers,P064,pink,1,en face,76.79,1,1,0,0.0
2008,4,15,Italy,6115,trousers,P140,brown,4,en face,59.84,1,4,0,0.0
2008,7,23,UK,1222,blouses,P114,violet,1,profile,13.06,1,4,0,0.0
2008,4,17,UK,7436,blouses,P190,navy blue,2,profile,166.4,2,3,0,0.0
2008,5,24,Australia,2549,skirts,P174,blue,5,profile,153.8,2,1,0,0.0
2008,7,10,Germany,751,skirts,P190,white,4,en face,152.79,2,4,0,0.0
2008,6,10,Germany,438,blouses,P100,pink,1,en face,178.34,2,1,0,0.0
2008,7,7,India,4372,skirts,P125,beige,6,profile,77.13,1,2,1,102.57
2008,5,19,France,4449,trousers,P127,blue,4,profile,100.21,1,5,0,0.0
2008,7,8,UK,2848,skirts,P155,beige,3,en face,178.47,2,3,0,0.0
2008,5,5,USA,1174,trousers,P159,navy blue,5,en face,165.34,2,3,0,0.0
2008,7,25,Italy,7496,blouses,P147,gray,1,en face,103.36,1,2,0,0.0
2008,8,12,UK,2700,sale,P222,burgundy,4,en face,57.91,1,3,1,109.11
2008,7,4,India,9889,skirts,P178,green,2,profile,145.42,2,5,0,0.0
2008,5,20,India,9507,blouses,P020,violet,2,profile,43.53,1,3,1,69.48
2008,5,15,Australia,6396,trousers,P250,green,5,profile,18.09,1,4,0,0.0
2008,8,23,India,2482,blouses,P077,green,2,profile,38.95,1,2,0,0.0
2008,8,23,Sweden,5457,skirts,P279,blue,2,en face,22.94,1,3,0,0.0
2008,4,4,Germany,8445,trousers,P290,beige,1,en face,150.71,2,5,0,0.0
2008,4,14,India,2707,trousers,P009,navy blue,1,profile,168.46,2,3,0,0.0
2008,5,13,Australia,4662,sale,P001,red,2,profile,114.73,2,1,0,0.0
2008,6,19,Italy,327,trousers,P166,blue,5,profile,154.21,2,2,0,0.0
2008,5,21,Italy,1040,trousers,P090,violet,6,profile,18.1,1,2,0,0.0
2008,6,5,Australia,2638,trousers,P146,red,3,profile,80.16,1,5,0,0.0
2008,5,23,USA,5023,sale,P068,brown,5,en face,114.35,2,3,0,0.0
2008,8,23,Sweden,2500,trousers,P104,white,1,en face,77.39,1,4,0,0.0
2008,8,6,India,1005,blouses,P208,red,3,profile,123.58,2,5,0,0.0
2008,7,21,USA,2862,sale,P108,white,2,profile,132.77,2,3,0,0.0
2008,6,24,India,3234,blouses,P021,white,1,en face,113.7,2,3,0,0.0
2008,6,1,France,1871,skirts,P283,white,3,en face,68.08,1,3,0,0.0
2008,5,6,Italy,4246,trousers,P227,blue,2,profile,81.72,1,2,0,0.0
2008,8,10,Germany,6928,trousers,P194,brown,1,en face,187.85,2,5,0,0.0
2008,5,1,Italy,8386,trousers,P202,green,5,profile,148.98,2,5,0,0.0
2008,6,13,Australia,535,trousers,P293,beige,4,en face,170.59,2,3,0,0.0
2008,5,11,India,9828,skirts,P026,white,6,profile,176.71,2,4,0,0.0
2008,5,16,Sweden,7149,sale,P084,blue,5,en face,167.55,2,2,0,0.0
2008,8,8,France,7366,blouses,P161,white,5,profile,65.46,1,5,0,0.0
2008,8,16,Italy,586,skirts,P195,white,1,profile,88.22,1,4,1,120.22
2008,6,18,Italy,9915,trousers,P187,burgundy,6,profile,100.62,1,4,0,0.0
2008,6,3,Italy,3036,sale,P263,red,2,profile,115.06,2,1,0,0.0
2008,8,2,Italy,4429,skirts,P101,gray,2,en face,164.17,2,4,0,0.0
2008,8,16,Australia,4090,blouses,P193,brown,1,en face,199.45,2,4,1,322.2
2008,5,8,UK,1704,skirts,P237,blue,5,en face,109.63,2,5,0,0.0
2008,6,9,Italy,4296,blouses,P005,burgundy,4,profile,40.12,1,1,0,0.0
2008,5,27,France,5720,skirts,P030,white,5,en face,46.49,1,1,0,0.0
2008,8,26,Germany,492,blouses,P293,brown,3,en face,40.57,1,4,0,0.0
2008,6,10,Italy,6900,sale,P104,blue,2,en face,39.08,1,3,0,0.0
2008,8,7,Sweden,4354,skirts,P257,violet,4,profile,143.06,2,1,0,0.0
2008,8,13,Sweden,2837,skirts,P056,beige,4,en face,50.75,1,3,0,0.0
2008,6,27,UK,2267,blouses,P228,olive,5,en face,152.53,2,3,0,0.0
2008,7,20,USA,7719,trousers,P214,black,3,profile,94.43,1,2,1,258.73
2008,7,10,UK,9524,skirts,P034,red,5,profile,32.17,1,3,0,0.0
2008,4,8,India,8023,skirts,P066,gray,3,profile,74.16,1,1,0,0.0
2008,6,22,India,4708,blouses,P207,green,5,en face,63.75,1,4,0,0.0
2008,6,19,UK,9844,sale,P201,brown,3,profile,83.03,1,5,0,0.0
2008,4,24,Germany,2901,blouses,P103,brown,6,en face,199.42,2,2,1,596.12
2008,5,21,Germany,9619,sale,P168,green,6,profile,181.11,2,3,0,0.0
2008,5,10,USA,2945,trousers,P186,navy blue,1,en face,115.74,2,1,0,0.0
2008,8,2,France,1917,sale,P080,gray,2,profile,69.69,1,1,0,0.0
2008,6,19,Australia,3186,sale,P297,black,4,profile,158.85,2,4,0,0.0
2008,4,2,Sweden,8627,sale,P021,gray,5,profile,95.83,1,3,0,0.0
2008,5,26,France,9435,blouses,P020,gray,6,profile,71.19,1,4,0,0.0
2008,7,18,Italy,7256,skirts,P162,gray,2,profile,18.52,1,5,1,47.9
2008,7,16,UK,4247,trousers,P260,pink,1,en face,147.05,2,1,0,0.0
2008,5,2,USA,8616,trousers,P229,brown,1,profile,53.79,1,2,0,0.0
2008,5,5,UK,5147,skirts,P089,burgundy,2,en face,137.38,2,1,0,0.0
2008,7,16,Germany,8566,skirts,P189,white,2,en face,137.53,2,1,0,0.0
2008,7,28,Sweden,2519,trousers,P116,brown,3,profile,114.49,2,1,0,0.0
2008,6,8,France,398,trousers,P128,olive,5,en face,157.02,2,3,0,0.0
2008,5,5,UK,1318,skirts,P033,brown,1,en face,22.89,1,1,0,0.0
2008,7,17,France,4561,trousers,P255,blue,5,en face,13.66,1,2,0,0.0
2008,7,18,France,122,trousers,P183,violet,3,profile,158.2,2,4,0,0.0
2008,8,28,Sweden,2450,skirts,P275,white,6,en face,182.49,2,1,0,0.0
2008,8,3,France,8856,skirts,P172,white,5,en face,197.8,2,2,0,0.0
2008,6,13,Germany,8109,blouses,P103,navy blue,2,en face,135.32,2,5,0,0.0
2008,7,14,France,1567,sale,P160,green,6,en face,83.94,1,1,0,0.0
2008,5,16,Italy,1985,sale,P252,violet,6,en face,44.13,1,2,0,0.0
2008,5,2,Australia,4334,sale,P005,blue,2,profile,64.43,1,4,0,0.0
2008,5,25,Australia,7911,skirts,P155,olive,2,en face,165.42,2,2,0,0.0
2008,4,8,India,9287,skirts,P284,black,3,profile,112.54,2,4,0,0.0
2008,7,7,UK,3919,blouses,P028,navy blue,2,profile,37.9,1,4,0,0.0
2008,6,22,Italy,2174,blouses,P187,navy blue,2,profile,32.86,1,3,0,0.0
2008,7,2,France,3284,sale,P104,brown,3,en face,79.49,1,1,0,0.0
2008,8,21,France,8496,trousers,P105,white,4,profile,180.84,2,1,0,0.0
2008,6,24,India,8585,sale,P139,burgundy,1,en face,79.3,1,3,0,0.0
2008,5,1,India,2334,sale,P223,red,4,en face,195.17,2,1,0,0.0
2008,6,10,UK,574,skirts,P095,beige,2,en face,158.75,2,1,0,0.0
2008,4,26,India,3661,blouses,P276,burgundy,4,profile,64.26,1,4,0,0.0
2008,4,1,USA,9076,blouses,P248,green,5,profile,146.87,2,3,0,0.0
2008,7,11,USA,982,blouses,P055,olive,3,en face,98.31,1,1,0,0.0
2008,8,4,India,9371,sale,P150,black,5,en face,31.13,1,1,0,0.0
2008,5,17,Germany,1408,blouses,P119,burgundy,2,en face,75.43,1,5,0,0.0
2008,8,1,Australia,536,trousers,P154,olive,1,en face,66.18,1,5,0,0.0
2008,5,22,Italy,4316,sale,P103,blue,1,en face,154.21,2,3,0,0.0
2008,8,20,Sweden,4599,sale,P031,violet,6,en face,126.1,2,5,0,0.0
2008,8,25,Sweden,8623,blouses,P111,beige,5,profile,92.43,1,5,0,0.0
2008,7,17,USA,8759,blouses,P026,navy blue,4,en face,87.73,1,1,0,0.0
2008,7,8,India,1435,sale,P006,white,2,en face,159.16,2,2,0,0.0
2008,7,7,Sweden,6995,blouses,P107,green,2,en face,95.61,1,1,1,157.7
2008,4,28,UK,2580,blouses,P079,beige,2,profile,21.33,1,5,0,0.0
2008,5,3,France,9404,trousers,P093,beige,2,en face,141.8,2,1,0,0.0
2008,5,21,UK,3270,blouses,P128,pink,6,profile,10.93,1,1,1,28.33
2008,8,4,USA,9554,trousers,P263,black,6,profile,124.79,2,1,0,0.0
2008,4,22,Australia,3839,trousers,P217,red,5,en face,168.58,2,3,1,473.89
2008,5,13,UK,1868,sale,P088,olive,5,profile,111.27,2,5,0,0.0
2008,4,18,Australia,1455,blouses,P168,beige,6,profile,60.17,1,4,0,0.0
2008,5,16,USA,1787,trousers,P265,violet,3,en face,86.3,1,2,0,0.0
2008,4,19,USA,9913,blouses,P240,green,3,profile,63.95,1,1,0,0.0
2008,6,26,India,7096,blouses,P181,burgundy,5,en face,145.28,2,3,0,0.0
2008,4,17,Sweden,2522,blouses,P024,burgundy,4,profile,82.74,1,3,0,0.0
2008,7,26,Sweden,4440,skirts,P088,violet,5,en face,149.69,2,4,0,0.0
2008,5,19,UK,1821,trousers,P105,blue,4,profile,100.07,1,3,0,0.0
2008,4,9,Australia,5616,sale,P240,white,2,profile,180.79,2,1,0,0.0
2008,8,10,USA,2930,blouses,P145,olive,3,en face,182.13,2,3,0,0.0
2008,7,2,Italy,52,blouses,P242,red,5,en face,103.74,1,2,0,0.0
2008,4,4,USA,4727,sale,P190,burgundy,5,profile,12.7,1,3,0,0.0
2008,8,14,Sweden,5717,trousers,P006,gray,4,profile,187.44,2,3,1,425.83
2008,7,6,UK,5466,trousers,P145,burgundy,2,profile,169.47,2,5,0,0.0
2008,7,17,Germany,470,skirts,P095,red,6,profile,131.3,2,5,0,0.0
2008,4,19,UK,2630,skirts,P022,red,3,en face,138.01,2,3,0,0.0
2008,7,19,Germany,6514,blouses,P008,navy blue,1,profile,37.25,1,3,1,89.91
2008,4,24,India,7468,trousers,P111,pink,3,en face,90.06,1,1,0,0.0
2008,8,19,Sweden,3946,trousers,P299,pink,3,en face,27.91,1,2,0,0.0
2008,5,13,Sweden,6205,blouses,P285,burgundy,6,en face,148.68,2,5,0,0.0
2008,5,26,Germany,4263,blouses,P245,green,6,profile,55.9,1,5,0,0.0
2008,8,9,France,1859,sale,P009,burgundy,2,profile,199.97,2,2,0,0.0
2008,4,15,UK,9533,trousers,P215,gray,4,profile,80.81,1,3,0,0.0
2008,8,15,Australia,866,trousers,P259,green,5,profile,121.16,2,3,0,0.0
2008,8,4,India,6391,sale,P184,burgundy,6,en face,140.76,2,3,0,0.0
2008,7,13,UK,7213,sale,P247,gray,3,en face,59.65,1,4,0,0.0
2008,4,8,Germany,4922,skirts,P201,navy blue,1,en face,138.21,2,3,0,0.0
2008,6,19,Germany,8102,blouses,P097,brown,6,profile,11.93,1,1,0,0.0
2008,8,20,USA,4793,blouses,P106,violet,1,en face,89.81,1,2,0,0.0
2008,8,21,Italy,8855,sale,P133,violet,2,profile,14.69,1,3,0,0.0
2008,7,14,India,6251,sale,P294,gray,2,profile,179.79,2,1,0,0.0
2008,7,26,India,5937,skirts,P208,navy blue,2,en face,22.89,1,1,0,0.0
2008,5,28,France,426,trousers,P265,white,2,profile,80.65,1,5,0,0.0
2008,4,23,Australia,189,skirts,P137,navy blue,5,profile,70.46,1,2,0,0.0
2008,8,16,India,5630,sale,P282,red,6,profile,23.01,1,3,0,0.0
2008,5,27,France,4360,trousers,P188,pink,4,en face,111.31,2,1,0,0.0
2008,6,10,India,229,sale,P099,green,1,en face,191.1,2,3,0,0.0
2008,5,2,UK,7758,sale,P100,green,5,en face,101.04,1,3,0,0.0
2008,8,2,India,7678,blouses,P027,beige,5,en face,111.26,2,1,0,0.0
2008,5,2,Germany,2742,trousers,P053,gray,5,profile,113.08,2,2,0,0.0
2008,5,4,India,1042,skirts,P019,pink,5,en face,66.38,1,2,0,0.0
2008,5,26,France,4076,blouses,P271,brown,5,en face,82.19,1,4,0,0.0
2008,4,12,Australia,9141,trousers,P251,navy blue,3,en face,61.26,1,5,0,0.0
2008,4,22,USA,6119,sale,P071,blue,6,profile,135.8,2,2,0,0.0
2008,8,21,Italy,6903,sale,P221,violet,1,en face,76.18,1,2,0,0.0
2008,8,18,USA,472,sale,P025,navy blue,4,profile,182.08,2,4,0,0.0
2008,8,19,USA,2922,sale,P222,brown,2,profile,115.87,2,1,0,0.0
2008,8,3,UK,1906,sale,P175,green,5,en face,162.51,2,4,0,0.0
2008,4,11,Germany,8877,blouses,P023,olive,2,en face,124.23,2,3,1,126.04
2008,6,22,Germany,802,trousers,P042,black,3,en face,93.67,1,3,0,0.0
2008,7,12,Germany,1488,blouses,P033,green,6,en face,164.1,2,2,0,0.0
2008,7,21,Sweden,8442,sale,P226,navy blue,3,en face,106.68,2,3,0,0.0
2008,5,20,France,228,blouses,P056,brown,1,en face,67.15,1,4,0,0.0
2008,6,3,Sweden,7891,trousers,P067,beige,3,profile,26.15,1,3,0,0.0
2008,7,6,Germany,1129,blouses,P015,green,2,profile,58.12,1,5,0,0.0
2008,5,21,UK,5071,sale,P007,red,4,en face,20.59,1,4,0,0.0
2008,4,1,Sweden,9167,skirts,P086,red,5,en face,148.24,2,2,1,254.34
2008,8,9,France,2209,skirts,P175,white,5,profile,37.35,1,2,0,0.0
2008,4,4,Australia,7994,skirts,P165,green,4,en face,11.47,1,5,0,0.0
2008,8,27,France,9843,trousers,P245,brown,3,en face,163.22,2,3,0,0.0
2008,4,9,Australia,6560,skirts,P214,brown,1,en face,81.99,1,5,0,0.0
2008,4,8,Germany,9922,skirts,P159,white,4,profile,19.94,1,1,0,0.0
2008,5,17,Italy,3154,sale,P197,white,1,profile,170.4,2,3,0,0.0
2008,7,22,India,4442,blouses,P117,black,5,en face,190.91,2,2,0,0.0
2008,8,14,UK,7506,blouses,P254,blue,1,en face,186.48,2,2,0,0.0
2008,5,26,Australia,8958,blouses,P055,blue,5,profile,62.8,1,2,0,0.0
2008,5,9,Germany,6216,sale,P187,gray,6,profile,146.09,2,1,1,344.92
2008,5,22,UK,9599,sale,P047,blue,4,profile,152.55,2,2,0,0.0
2008,8,28,Sweden,2145,trousers,P297,green,1,profile,159.48,2,1,0,0.0
2008,7,4,UK,7412,trousers,P102,violet,4,en face,64.75,1,4,0,0.0
2008,8,28,Sweden,8930,sale,P236,brown,4,profile,121.22,2,1,0,0.0
2008,6,3,Sweden,2375,skirts,P006,red,5,en face,132.89,2,3,0,0.0
2008,5,20,Australia,2578,blouses,P002,brown,3,en face,18.58,1,3,0,0.0
2008,5,27,Sweden,1633,sale,P038,pink,3,profile,147.44,2,2,0,0.0
2008,4,21,Germany,4833,trousers,P047,green,3,profile,83.87,1,5,1,240.92
2008,8,6,Australia,2299,sale,P299,navy blue,1,en face,97.18,1,3,0,0.0
2008,7,11,India,5034,sale,P160,burgundy,5,en face,68.74,1,2,0,0.0
2008,7,8,USA,157,skirts,P067,beige,2,en face,31.05,1,3,0,0.0
2008,5,9,UK,8047,blouses,P192,navy blue,2,en face,131.64,2,4,0,0.0
2008,5,5,USA,6707,skirts,P140,olive,3,en face,184.69,2,2,0,0.0
2008,4,14,Italy,3350,blouses,P246,pink,4,profile,140.64,2,2,0,0.0
2008,6,19,France,2880,blouses,P238,brown,6,en face,46.65,1,2,0,0.0
2008,5,19,Germany,3414,skirts,P288,black,6,en face,51.04,1,5,0,0.0
2008,7,8,India,7769,trousers,P253,beige,3,en face,81.44,1,2,0,0.0
2008,8,18,UK,4190,blouses,P145,red,1,en face,168.11,2,2,0,0.0
2008,5,10,UK,9611,trousers,P246,red,1,profile,126.57,2,2,0,0.0
2008,6,20,Australia,9735,trousers,P155,beige,3,profile,18.86,1,4,0,0.0
2008,5,21,Sweden,7252,sale,P119,navy blue,1,en face,197.07,2,3,0,0.0
2008,6,19,Australia,7614,skirts,P108,violet,6,en face,10.96,1,4,0,0.0
2008,7,26,France,6920,skirts,P051,violet,6,en face,39.27,1,4,0,0.0
2008,8,19,France,9682,sale,P004,brown,3,en face,195.23,2,1,0,0.0
2008,7,25,UK,9672,blouses,P101,blue,1,en face,189.76,2,2,0,0.0
2008,4,11,UK,4795,blouses,P208,gray,5,en face,105.96,2,1,0,0.0
2008,6,15,Germany,5655,sale,P289,white,3,en face,181.08,2,1,0,0.0
2008,5,7,Australia,2496,skirts,P218,olive,4,en face,90.65,1,3,0,0.0
2008,8,6,UK,7305,blouses,P115,blue,4,profile,12.8,1,1,0,0.0
2008,4,5,Germany,2373,blouses,P256,pink,1,profile,131.46,2,5,1,375.72
2008,5,26,Australia,4092,blouses,P269,green,3,profile,60.89,1,5,1,132.36
2008,6,24,UK,9472,trousers,P158,navy blue,2,en face,82.17,1,1,0,0.0
2008,4,4,Italy,3462,skirts,P129,blue,2,profile,154.93,2,2,0,0.0
2008,7,11,USA,7007,blouses,P299,violet,6,profile,184.55,2,4,0,0.0
2008,8,13,USA,5392,skirts,P210,burgundy,5,en face,63.91,1,1,0,0.0
2008,6,15,Germany,7173,blouses,P268,black,2,en face,52.18,1,4,0,0.0
2008,5,8,India,5697,blouses,P131,navy blue,3,en face,151.2,2,1,0,0.0
2008,6,10,India,5665,trousers,P105,violet,6,profile,133.21,2,3,0,0.0
2008,4,26,Sweden,4504,skirts,P123,beige,1,profile,78.08,1,2,0,0.0
2008,7,2,France,2551,trousers,P281,white,3,profile,192.95,2,2,0,0.0
2008,7,5,Australia,4716,trousers,P131,beige,1,en face,84.3,1,5,0,0.0
2008,6,26,Australia,848,sale,P265,brown,6,en face,139.27,2,3,0,0.0
2008,8,20,Australia,3345,blouses,P096,burgundy,6,en face,19.98,1,3,1,26.76
2008,4,17,India,939,sale,P266,burgundy,5,en face,188.08,2,1,1,193.68
2008,5,10,France,4826,skirts,P003,green,1,profile,40.29,1,4,0,0.0
2008,6,9,India,9694,trousers,P109,pink,4,profile,163.64,2,1,0,0.0
2008,4,19,UK,8864,skirts,P265,gray,3,profile,42.62,1,4,0,0.0
2008,4,1,USA,8611,trousers,P213,burgundy,6,profile,128.71,2,1,0,0.0
2008,4,8,Italy,5355,blouses,P284,pink,2,en face,186.46,2,5,0,0.0
2008,6,2,Australia,5478,trousers,P222,olive,4,profile,13.94,1,1,0,0.0
2008,5,27,India,9724,blouses,P250,violet,2,profile,138.3,2,5,0,0.0
2008,8,20,India,757,skirts,P198,black,3,en face,144.41,2,3,0,0.0
2008,6,27,Sweden,4751,trousers,P180,beige,1,profile,44.39,1,1,0,0.0
2008,7,11,India,2645,sale,P294,white,4,en face,61.06,1,4,0,0.0
2008,6,17,Italy,4163,blouses,P160,blue,1,en face,88.03,1,2,0,0.0
2008,7,1,Germany,8649,skirts,P011,burgundy,5,en face,164.94,2,3,0,0.0
2008,5,15,Sweden,3166,trousers,P107,violet,3,profile,30.76,1,2,0,0.0
2008,6,28,UK,6498,blouses,P017,blue,6,en face,37.25,1,3,0,0.0
2008,7,15,Sweden,5988,skirts,P217,white,5,profile,165.0,2,5,0,0.0
2008,5,3,Germany,3874,sale,P056,black,6,en face,86.88,1,1,0,0.0
2008,4,2,Germany,7752,blouses,P130,brown,1,profile,102.11,1,5,0,0.0
2008,4,16,India,6524,sale,P051,beige,1,en face,51.46,1,2,0,0.0
2008,7,6,USA,3419,trousers,P092,gray,6,en face,115.54,2,2,0,0.0
2008,5,3,Italy,9905,blouses,P209,pink,4,en face,150.04,2,3,0,0.0
2008,8,5,UK,2062,trousers,P233,blue,6,en face,88.8,1,2,1,156.59
2008,5,26,Italy,550,skirts,P198,white,5,profile,99.94,1,4,0,0.0
2008,6,11,India,4454,blouses,P082,green,5,en face,162.54,2,1,0,0.0
2008,6,18,India,2813,trousers,P029,burgundy,2,profile,194.88,2,3,0,0.0
2008,5,14,France,8778,skirts,P064,red,2,en face,26.14,1,5,0,0.0
2008,6,24,Australia,8996,skirts,P110,white,6,profile,48.83,1,5,0,0.0
2008,6,7,UK,2550,skirts,P186,brown,2,profile,65.56,1,5,0,0.0
2008,6,4,Italy,6070,sale,P098,olive,4,en face,162.98,2,1,0,0.0
2008,6,8,India,3170,trousers,P063,blue,3,en face,172.94,2,1,0,0.0
2008,8,28,Germany,7055,skirts,P169,navy blue,6,profile,158.55,2,1,0,0.0
2008,5,27,Germany,4829,sale,P052,brown,1,profile,36.54,1,5,0,0.0
2008,4,15,France,9571,trousers,P193,pink,5,profile,91.68,1,5,0,0.0
2008,4,22,Sweden,1260,skirts,P121,olive,6,en face,97.52,1,1,0,0.0
2008,4,23,Australia,8713,sale,P202,violet,1,profile,12.67,1,3,0,0.0
2008,6,8,UK,3662,sale,P002,red,6,profile,128.97,2,5,0,0.0
2008,7,8,France,7923,sale,P015,blue,4,en face,61.73,1,5,0,0.0
2008,4,10,UK,1025,trousers,P122,olive,5,en face,173.02,2,1,0,0.0
2008,6,25,Italy,4966,skirts,P040,olive,5,en face,131.61,2,2,0,0.0
2008,4,13,USA,753,sale,P091,brown,6,en face,173.52,2,5,0,0.0
2008,4,27,France,3943,blouses,P088,black,4,profile,25.26,1,2,0,0.0
2008,8,23,India,3711,sale,P033,gray,6,en face,180.03,2,2,1,340.43
2008,7,5,Italy,9961,blouses,P212,pink,4,en face,142.88,2,2,0,0.0
2008,5,13,Australia,1952,skirts,P075,gray,1,profile,150.57,2,4,0,0.0
2008,6,17,Australia,6315,sale,P001,green,3,en face,81.31,1,5,0,0.0
2008,5,1,Italy,352,sale,P229,white,3,profile,21.74,1,2,1,55.63
2008,5,1,France,1512,trousers,P053,pink,5,profile,177.07,2,3,0,0.0
2008,5,14,Italy,4830,trousers,P259,olive,2,en face,114.52,2,5,0,0.0
2008,4,24,USA,9617,blouses,P153,red,4,profile,117.19,2,5,0,0.0
2008,4,19,Australia,3747,skirts,P218,green,6,profile,74.82,1,3,0,0.0
2008,4,21,UK,5800,trousers,P152,gray,3,profile,185.98,2,1,0,0.0
2008,6,18,France,702,sale,P173,pink,1,profile,71.28,1,5,0,0.0
2008,4,28,Germany,3694,sale,P066,violet,4,en face,163.98,2,2,0,0.0
2008,6,14,Germany,4615,sale,P293,beige,5,profile,155.72,2,3,0,0.0
2008,5,22,Germany,7214,blouses,P219,blue,4,en face,42.3,1,4,0,0.0
2008,4,5,India,562,trousers,P169,black,1,profile,163.82,2,1,0,0.0
2008,7,14,UK,2319,blouses,P076,olive,6,profile,10.27,1,4,0,0.0
2008,5,14,Italy,3099,sale,P074,navy blue,4,en face,149.6,2,3,0,0.0
2008,6,28,USA,4839,trousers,P043,olive,2,en face,75.69,1,1,0,0.0
2008,4,19,India,3151,skirts,P226,navy blue,1,profile,53.71,1,1,0,0.0
2008,6,28,France,5609,sale,P237,navy blue,6,profile,167.28,2,3,0,0.0
2008,4,24,France,4300,skirts,P027,burgundy,4,profile,195.84,2,3,0,0.0
2008,7,14,UK,4619,trousers,P203,gray,2,profile,37.87,1,4,0,0.0
2008,8,5,India,4075,blouses,P092,black,3,profile,75.47,1,5,0,0.0
2008,7,18,Australia,3995,blouses,P087,violet,5,profile,138.87,2,5,0,0.0
2008,7,3,India,6374,trousers,P282,gray,2,en face,86.12,1,4,0,0.0
2008,4,16,USA,6168,trousers,P004,burgundy,1,en face,197.3,2,5,1,517.26
2008,6,16,UK,1048,blouses,P140,brown,2,en face,23.51,1,3,0,0.0
2008,6,3,Australia,2940,trousers,P171,blue,6,en face,115.52,2,3,0,0.0
2008,5,25,UK,1809,sale,P038,gray,3,profile,28.9,1,1,0,0.0
2008,4,2,Sweden,3167,trousers,P130,violet,2,profile,53.67,1,5,0,0.0
2008,4,17,Germany,415,blouses,P277,pink,3,en face,175.57,2,2,0,0.0
2008,4,27,Sweden,1341,sale,P004,black,3,en face,11.36,1,5,0,0.0
2008,7,21,Germany,9372,trousers,P206,beige,5,en face,153.98,2,1,0,0.0
2008,6,16,India,7741,skirts,P184,beige,1,profile,193.86,2,3,0,0.0
2008,5,25,France,5061,trousers,P052,pink,4,profile,167.5,2,4,0,0.0
2008,5,10,Australia,4634,skirts,P135,gray,2,en face,44.19,1,1,0,0.0
2008,4,2,India,4610,blouses,P007,green,4,en face,142.75,2,2,0,0.0
2008,7,9,Australia,7367,skirts,P261,black,1,profile,67.1,1,1,0,0.0
2008,6,22,Italy,1470,sale,P231,violet,3,en face,89.54,1,3,0,0.0
2008,5,28,Germany,1711,blouses,P132,navy blue,3,en face,165.02,2,2,0,0.0
2008,8,8,Sweden,6271,skirts,P112,black,5,profile,171.02,2,5,1,417.56
2008,6,6,Australia,8733,trousers,P019,blue,2,profile,129.38,2,1,0,0.0
2008,6,16,Italy,2272,blouses,P207,olive,2,en face,22.39,1,2,0,0.0
2008,5,5,Sweden,1584,skirts,P252,white,4,en face,134.68,2,3,0,0.0
2008,7,22,UK,1413,trousers,P220,blue,3,en face,194.6,2,2,0,0.0
2008,4,11,UK,4112,blouses,P168,blue,6,en face,70.64,1,1,0,0.0
2008,7,21,India,7653,skirts,P197,pink,6,profile,64.73,1,2,0,0.0
2008,6,17,USA,6694,trousers,P211,violet,1,profile,147.05,2,4,0,0.0
2008,8,2,Australia,1723,sale,P187,white,1,profile,137.96,2,4,0,0.0
2008,7,26,USA,2025,skirts,P134,black,5,en face,77.81,1,2,0,0.0
2008,8,3,France,2213,trousers,P119,red,1,en face,180.64,2,2,0,0.0
2008,5,11,Italy,1508,skirts,P092,brown,1,profile,193.99,2,4,0,0.0
2008,7,1,Italy,2623,blouses,P085,burgundy,5,profile,70.59,1,4,0,0.0
2008,6,5,Italy,5291,trousers,P030,violet,5,en face,106.41,1,2,0,0.0
2008,7,13,USA,9129,sale,P237,navy blue,2,en face,17.08,1,1,0,0.0
2008,6,17,France,1322,blouses,P059,pink,5,en face,28.37,1,5,0,0.0
2008,4,9,Australia,843,skirts,P170,gray,2,profile,172.23,2,4,0,0.0
2008,6,25,Germany,1147,blouses,P265,pink,2,en face,18.33,1,1,0,0.0
2008,7,8,Australia,3625,skirts,P053,blue,3,profile,25.0,1,2,0,0.0
2008,7,28,Australia,4281,blouses,P070,violet,3,en face,186.0,2,2,0,0.0
2008,8,15,UK,9011,skirts,P088,pink,3,profile,188.73,2,1,0,0.0
2008,6,28,Italy,8987,trousers,P057,olive,1,profile,192.23,2,1,0,0.0
2008,5,5,USA,4682,sale,P226,olive,4,en face,190.19,2,2,0,0.0
2008,5,27,UK,464,trousers,P144,blue,4,profile,176.35,2,3,0,0.0
2008,6,1,India,1755,blouses,P293,brown,3,profile,67.76,1,2,0,0.0
2008,6,21,UK,3937,trousers,P029,gray,5,en face,75.48,1,5,0,0.0
2008,8,16,USA,7934,trousers,P051,navy blue,3,en face,133.31,2,3,0,0.0
2008,8,18,UK,9461,sale,P092,burgundy,4,profile,159.83,2,3,0,0.0
2008,6,10,Italy,4402,sale,P098,navy blue,6,profile,72.28,1,4,0,0.0
2008,6,16,USA,4701,skirts,P180,navy blue,5,en face,85.57,1,4,0,0.0
2008,7,27,Germany,8992,trousers,P161,green,3,profile,33.79,1,2,0,0.0
2008,5,24,Sweden,379,blouses,P267,gray,2,en face,40.32,1,2,0,0.0
2008,7,6,Italy,3107,blouses,P109,green,3,profile,91.33,1,1,0,0.0
2008,7,25,France,8216,sale,P226,brown,4,profile,58.68,1,2,0,0.0
2008,4,24,USA,1336,trousers,P135,olive,1,en face,190.63,2,3,0,0.0
2008,6,18,India,1224,sale,P094,blue,6,profile,184.17,2,4,0,0.0
2008,4,27,France,3849,skirts,P168,red,2,en face,134.25,2,2,0,0.0
2008,7,18,Sweden,2717,sale,P252,violet,6,en face,127.38,2,1,0,0.0
2008,8,20,Australia,6838,blouses,P219,blue,4,en face,128.46,2,5,0,0.0
2008,7,24,USA,2953,blouses,P135,gray,4,en face,58.99,1,3,0,0.0
2008,8,2,India,1351,sale,P013,beige,1,en face,145.41,2,5,0,0.0
2008,5,19,Sweden,1083,blouses,P029,red,6,profile,42.71,1,2,0,0.0
2008,5,6,Sweden,6454,trousers,P211,brown,4,profile,197.26,2,3,1,309.3
2008,8,27,India,1812,blouses,P093,pink,2,en face,28.88,1,1,0,0.0
2008,5,28,Sweden,4122,skirts,P053,green,1,profile,110.84,2,4,0,0.0
2008,4,25,UK,1352,skirts,P198,olive,2,profile,63.99,1,3,0,0.0
2008,5,2,Italy,7818,blouses,P137,brown,2,profile,124.85,2,3,0,0.0
2008,7,17,Germany,8797,sale,P289,burgundy,4,en face,91.62,1,2,0,0.0
2008,4,14,Italy,1895,blouses,P090,pink,6,en face,36.3,1,5,0,0.0
2008,5,28,UK,6640,sale,P200,burgundy,6,profile,193.5,2,4,0,0.0
2008,7,3,USA,566,sale,P117,pink,2,en face,186.3,2,4,0,0.0
2008,7,26,France,3904,sale,P112,black,6,en face,94.66,1,4,0,0.0
2008,5,15,UK,7101,trousers,P040,beige,2,en face,157.08,2,2,0,0.0
2008,7,13,France,3674,skirts,P126,pink,2,profile,17.08,1,4,0,0.0
2008,7,22,Germany,4367,sale,P146,burgundy,6,en face,109.56,2,2,0,0.0
2008,4,17,UK,7546,blouses,P149,brown,2,en face,45.36,1,2,0,0.0
2008,6,21,Germany,1213,sale,P193,blue,2,profile,77.82,1,4,0,0.0
2008,7,11,Australia,1190,trousers,P281,burgundy,1,en face,131.5,2,1,0,0.0
2008,4,5,Sweden,3956,trousers,P292,burgundy,6,en face,154.33,2,3,0,0.0
2008,4,7,UK,899,trousers,P161,violet,2,profile,52.12,1,5,0,0.0
2008,8,7,Germany,4787,sale,P155,pink,2,profile,77.2,1,1,0,0.0
2008,6,21,India,8093,sale,P140,green,4,en face,28.05,1,2,0,0.0
2008,4,22,Australia,4603,blouses,P156,navy blue,3,profile,53.44,1,4,0,0.0
2008,6,16,France,8897,sale,P211,pink,3,en face,41.65,1,4,0,0.0
2008,7,16,France,3455,trousers,P096,violet,5,profile,182.04,2,5,0,0.0
2008,8,14,Sweden,3610,trousers,P223,brown,4,en face,107.43,2,3,0,0.0
2008,5,1,India,8158,sale,P140,brown,3,profile,94.85,1,5,0,0.0
2008,4,16,USA,8766,sale,P182,violet,1,en face,166.31,2,3,0,0.0
2008,4,3,Sweden,9678,blouses,P252,pink,1,en face,168.49,2,1,1,469.02
2008,7,14,Australia,7573,sale,P241,burgundy,3,en face,90.18,1,3,0,0.0
2008,8,19,Germany,3910,sale,P137,blue,6,profile,35.3,1,3,1,52.79
2008,5,10,Germany,4029,skirts,P053,brown,6,profile,84.83,1,5,0,0.0
2008,8,4,Germany,3932,blouses,P112,violet,3,en face,151.54,2,4,0,0.0
2008,7,4,Italy,2333,skirts,P271,blue,3,en face,151.23,2,4,0,0.0
2008,4,22,Sweden,7303,trousers,P229,beige,6,profile,194.72,2,4,0,0.0
2008,8,6,Sweden,2263,sale,P172,pink,6,en face,146.89,2,1,0,0.0
2008,4,7,Italy,9261,trousers,P218,white,2,profile,35.86,1,4,0,0.0
2008,6,13,USA,5782,skirts,P224,olive,6,en face,53.2,1,3,0,0.0
2008,8,26,USA,2596,blouses,P232,white,4,en face,90.32,1,5,0,0.0
2008,6,17,UK,7201,skirts,P233,gray,3,profile,136.13,2,3,0,0.0
2008,6,27,France,3594,skirts,P030,black,3,en face,173.89,2,4,0,0.0
2008,5,18,Australia,5217,blouses,P261,black,3,en face,12.57,1,5,0,0.0
2008,8,20,Australia,1031,sale,P246,burgundy,4,en face,50.27,1,5,0,0.0
2008,5,17,USA,7434,trousers,P180,gray,2,profile,46.92,1,2,0,0.0
2008,5,4,Germany,7878,skirts,P218,black,2,profile,20.54,1,1,1,30.37
2008,4,20,India,8824,blouses,P095,brown,6,profile,173.51,2,3,0,0.0
2008,8,11,Italy,8237,trousers,P259,pink,4,en face,50.58,1,1,0,0.0
2008,8,13,Italy,5734,trousers,P180,burgundy,5,profile,67.94,1,5,0,0.0
2008,6,11,Australia,5379,sale,P113,brown,1,en face,113.36,2,5,0,0.0
2008,4,1,Germany,7763,trousers,P090,red,3,profile,89.14,1,4,1,253.91
2008,5,9,France,1756,skirts,P281,red,1,en face,10.54,1,1,0,0.0
2008,6,6,Australia,7356,sale,P145,violet,1,en face,196.2,2,2,1,439.38
2008,4,21,Sweden,4162,sale,P103,beige,5,en face,181.61,2,5,0,0.0
2008,4,20,UK,232,trousers,P053,red,3,profile,71.42,1,3,0,0.0
2008,8,14,Australia,8105,blouses,P038,white,1,profile,142.71,2,1,0,0.0
2008,4,6,Germany,111,trousers,P117,navy blue,5,en face,39.26,1,5,0,0.0
2008,5,8,USA,5458,trousers,P165,brown,5,profile,69.89,1,5,0,0.0
2008,6,16,Italy,6709,sale,P111,beige,6,en face,163.69,2,1,0,0.0
2008,7,10,France,2515,sale,P194,navy blue,2,profile,145.36,2,3,0,0.0
2008,4,5,Australia,5962,trousers,P203,pink,6,en face,96.82,1,3,0,0.0
2008,6,21,India,4280,skirts,P176,pink,3,en face,97.85,1,1,0,0.0
2008,5,28,USA,4721,trousers,P032,pink,1,en face,55.54,1,5,0,0.0
2008,8,27,USA,2918,trousers,P154,violet,5,profile,67.79,1,2,0,0.0
2008,8,10,Sweden,9391,sale,P249,pink,3,en face,64.65,1,2,0,0.0
2008,4,27,France,2993,skirts,P163,violet,3,en face,100.07,1,4,0,0.0
2008,7,13,India,2318,trousers,P070,white,6,en face,107.9,2,2,0,0.0
2008,8,17,France,4848,trousers,P091,gray,4,profile,129.81,2,5,0,0.0
2008,8,2,India,4293,sale,P091,blue,3,profile,182.8,2,1,0,0.0
2008,4,21,UK,6992,trousers,P110,white,5,en face,17.89,1,1,0,0.0
2008,7,24,Sweden,1516,trousers,P174,blue,3,profile,159.24,2,2,0,0.0
2008,7,4,France,217,blouses,P035,red,3,en face,125.51,2,2,0,0.0
2008,7,16,USA,9214,blouses,P295,violet,5,en face,64.85,1,1,0,0.0
2008,4,2,India,9062,skirts,P115,green,1,en face,175.55,2,1,0,0.0
2008,8,7,Sweden,8418,skirts,P179,brown,4,en face,136.12,2,5,0,0.0
2008,7,20,Australia,2264,skirts,P221,red,3,en face,50.98,1,5,0,0.0
2008,7,28,Sweden,5327,blouses,P243,black,4,en face,157.27,2,4,1,227.12
2008,7,13,France,6841,skirts,P275,blue,2,profile,139.9,2,2,0,0.0
2008,8,18,Sweden,8499,skirts,P055,beige,3,profile,145.13,2,5,0,0.0
2008,8,14,USA,6011,sale,P012,beige,3,en face,61.96,1,2,0,0.0
2008,7,4,Germany,894,blouses,P043,pink,1,profile,140.52,2,3,0,0.0
2008,6,15,India,1491,blouses,P251,gray,2,profile,115.63,2,1,0,0.0
2008,8,26,France,3004,trousers,P046,black,1,profile,118.46,2,2,0,0.0
2008,5,16,USA,1851,sale,P146,violet,3,en face,192.66,2,3,0,0.0
2008,7,6,Italy,5200,blouses,P108,gray,6,en face,123.54,2,1,0,0.0
2008,8,24,Italy,6381,sale,P211,red,2,profile,198.61,2,4,0,0.0
2008,4,16,Italy,325,skirts,P014,white,3,en face,53.0,1,4,0,0.0
2008,6,8,USA,1216,blouses,P277,green,2,profile,91.01,1,2,0,0.0
2008,7,25,India,2900,sale,P189,pink,4,profile,114.05,2,4,0,0.0
2008,8,6,India,2934,sale,P049,navy blue,5,en face,43.52,1,1,1,55.3
2008,8,3,India,3659,sale,P216,brown,1,profile,13.21,1,1,0,0.0
2008,8,10,France,8679,skirts,P020,green,1,en face,58.56,1,2,0,0.0
2008,4,9,USA,6674,blouses,P075,black,2,en face,43.41,1,3,0,0.0
2008,6,11,Italy,7973,skirts,P141,pink,3,profile,103.87,1,3,0,0.0
2008,6,26,India,8587,blouses,P013,pink,3,profile,162.14,2,2,1,291.1
2008,5,16,USA,6170,skirts,P056,beige,3,en face,61.35,1,1,0,0.0
2008,5,28,India,9725,trousers,P289,green,1,profile,178.25,2,2,0,0.0
2008,5,12,USA,1130,trousers,P128,red,6,en face,77.68,1,4,0,0.0
2008,4,4,Italy,8857,trousers,P250,green,2,en face,62.5,1,4,0,0.0
2008,6,4,Australia,2919,blouses,P294,white,2,en face,146.37,2,1,0,0.0
2008,8,7,India,3903,skirts,P248,white,3,profile,171.31,2,5,0,0.0
2008,7,2,Germany,7948,skirts,P198,green,2,en face,193.44,2,3,0,0.0
2008,4,22,Sweden,9098,blouses,P097,white,1,en face,120.6,2,3,0,0.0
2008,7,12,UK,3828,trousers,P201,burgundy,2,en face,32.47,1,5,0,0.0
2008,7,6,UK,4924,skirts,P232,blue,5,profile,153.82,2,2,0,0.0
2008,7,4,France,209,trousers,P043,burgundy,5,profile,85.32,1,4,0,0.0
2008,8,8,India,3255,trousers,P005,red,3,en face,194.39,2,4,0,0.0
2008,7,15,USA,2796,blouses,P064,olive,4,en face,17.06,1,3,0,0.0
2008,5,9,Sweden,5107,skirts,P085,green,3,en face,63.38,1,3,0,0.0
2008,4,17,France,9012,blouses,P160,burgundy,2,profile,145.18,2,5,0,0.0
2008,6,16,USA,799,blouses,P019,red,4,en face,58.13,1,5,0,0.0
2008,7,15,Germany,9106,sale,P057,green,2,profile,119.26,2,4,0,0.0
2008,4,19,India,735,sale,P078,black,3,en face,152.71,2,4,0,0.0
2008,5,14,Germany,2245,trousers,P172,beige,6,en face,35.05,1,4,0,0.0
2008,8,17,Italy,179,trousers,P140,green,4,en face,190.03,2,4,1,263.6
2008,6,16,India,5831,blouses,P002,blue,3,en face,63.02,1,4,0,0.0
2008,5,14,USA,7009,trousers,P054,burgundy,3,profile,118.47,2,4,0,0.0
2008,7,4,India,1175,blouses,P178,white,6,profile,37.13,1,1,0,0.0
2008,4,1,India,6643,sale,P259,pink,3,profile,51.82,1,3,0,0.0
2008,6,8,UK,5849,sale,P296,burgundy,4,en face,56.04,1,2,0,0.0
2008,5,3,India,1832,skirts,P100,green,4,en face,150.27,2,1,0,0.0
2008,5,22,USA,7996,sale,P106,pink,2,profile,88.59,1,5,0,0.0
2008,8,28,UK,9280,skirts,P005,pink,1,en face,15.98,1,5,0,0.0
2008,4,3,India,7898,sale,P206,pink,1,en face,28.65,1,1,0,0.0
2008,5,23,Sweden,8598,blouses,P213,brown,2,profile,98.75,1,3,0,0.0
2008,5,15,India,8523,sale,P098,green,5,profile,157.71,2,3,0,0.0
2008,8,25,Sweden,199,sale,P090,brown,4,en face,112.36,2,3,0,0.0
2008,8,18,UK,7929,trousers,P295,green,2,profile,120.58,2,5,0,0.0
2008,8,13,USA,7077,trousers,P014,burgundy,1,en face,59.06,1,4,0,0.0
2008,5,20,France,9285,blouses,P092,navy blue,2,profile,162.53,2,3,0,0.0
2008,4,22,USA,1098,skirts,P110,black,1,en face,42.68,1,1,0,0.0
2008,4,12,Germany,549,skirts,P121,white,3,profile,160.29,2,1,1,348.26
2008,5,9,USA,6909,trousers,P131,beige,4,en face,177.86,2,2,0,0.0
2008,8,20,Australia,8230,trousers,P276,burgundy,4,profile,134.36,2,2,0,0.0
2008,4,22,Italy,4707,skirts,P177,beige,2,profile,92.14,1,4,0,0.0
2008,8,13,Sweden,6913,sale,P089,black,5,en face,15.76,1,4,1,39.34
2008,8,28,Sweden,3370,blouses,P057,red,3,en face,198.12,2,3,0,0.0
2008,6,15,USA,7584,blouses,P026,gray,6,en face,112.26,2,5,0,0.0
2008,8,25,Australia,2533,blouses,P178,violet,4,en face,88.85,1,3,0,0.0
2008,5,7,Australia,4056,sale,P093,green,5,profile,167.75,2,4,0,0.0
2008,5,4,UK,2315,sale,P157,green,1,en face,85.76,1,2,0,0.0
2008,6,7,Sweden,6654,blouses,P268,brown,1,en face,199.91,2,5,0,0.0
2008,5,4,Sweden,6886,skirts,P102,navy blue,5,profile,53.74,1,5,0,0.0
2008,7,8,USA,5938,sale,P158,blue,4,profile,102.87,1,1,0,0.0
2008,6,23,Sweden,2816,blouses,P214,beige,2,profile,121.85,2,1,0,0.0
2008,7,22,India,3438,sale,P075,black,2,en face,194.74,2,1,0,0.0
2008,7,22,USA,3881,sale,P030,pink,6,en face,100.32,1,3,0,0.0
2008,4,1,Australia,4158,trousers,P294,gray,4,profile,67.51,1,2,0,0.0
2008,5,24,Germany,67,trousers,P203,burgundy,4,profile,78.99,1,1,0,0.0
2008,8,26,UK,7867,sale,P032,violet,2,en face,79.64,1,2,0,0.0
2008,7,19,UK,617,blouses,P288,brown,1,profile,162.27,2,2,0,0.0
2008,8,15,UK,1119,skirts,P035,gray,4,profile,197.79,2,4,0,0.0
2008,4,12,UK,3261,sale,P184,violet,3,profile,19.59,1,5,0,0.0
2008,6,16,Sweden,3402,trousers,P077,brown,5,en face,166.53,2,2,0,0.0
2008,8,18,Australia,3693,skirts,P025,burgundy,6,profile,59.27,1,1,0,0.0
2008,4,24,Australia,938,blouses,P088,brown,4,profile,146.53,2,4,0,0.0
2008,7,12,Sweden,6605,blouses,P096,gray,5,en face,98.53,1,4,0,0.0
2008,4,17,USA,2573,blouses,P171,red,6,profile,129.53,2,4,0,0.0
2008,7,22,Sweden,7537,skirts,P048,red,4,en face,59.18,1,5,0,0.0
2008,5,23,Italy,6325,blouses,P069,olive,5,en face,139.2,2,4,0,0.0
2008,7,4,UK,623,blouses,P051,navy blue,1,profile,145.05,2,4,0,0.0
2008,4,4,India,1682,sale,P211,navy blue,3,profile,26.18,1,3,0,0.0
2008,6,26,France,2127,sale,P113,red,2,en face,91.21,1,1,0,0.0
2008,7,26,Australia,788,trousers,P004,white,3,en face,163.18,2,3,0,0.0
2008,4,14,India,3333,skirts,P177,red,5,profile,54.95,1,2,0,0.0
2008,4,2,India,7237,skirts,P073,gray,5,profile,37.84,1,2,0,0.0
2008,5,11,France,1093,blouses,P044,olive,1,profile,110.73,2,3,0,0.0
2008,6,6,Italy,9104,sale,P214,black,2,en face,173.4,2,5,0,0.0
2008,7,15,India,5021,trousers,P167,olive,6,en face,160.78,2,1,0,0.0
2008,5,10,USA,9354,skirts,P139,navy blue,2,en face,180.22,2,5,0,0.0
2008,8,26,Sweden,5945,skirts,P051,green,5,profile,64.08,1,5,0,0.0
2008,5,16,India,3281,trousers,P239,burgundy,4,en face,126.47,2,3,0,0.0
2008,8,13,India,8187,blouses,P043,green,2,en face,105.83,2,3,0,0.0
2008,6,19,Germany,2202,blouses,P029,beige,3,en face,163.01,2,1,0,0.0
2008,4,3,Italy,1161,skirts,P128,beige,2,profile,56.54,1,2,0,0.0
2008,6,6,Italy,5582,skirts,P217,black,6,profile,72.75,1,2,0,0.0
2008,5,27,USA,3593,skirts,P259,beige,6,en face,107.68,2,2,0,0.0
2008,4,19,USA,3953,trousers,P173,white,1,profile,185.63,2,5,0,0.0
2008,7,22,Australia,9692,skirts,P240,beige,5,en face,103.17,1,5,0,0.0
2008,7,23,Australia,6248,sale,P048,gray,1,profile,121.04,2,4,0,0.0
2008,5,2,USA,4154,skirts,P104,burgundy,2,profile,132.28,2,5,1,346.36
2008,8,5,Germany,479,trousers,P205,olive,1,profile,176.12,2,5,0,0.0
2008,4,11,Australia,1353,trousers,P178,blue,4,profile,169.23,2,1,0,0.0
2008,7,17,Australia,4310,sale,P259,navy blue,6,en face,11.71,1,3,0,0.0
2008,4,28,Italy,5699,skirts,P154,olive,6,en face,120.81,2,3,0,0.0
2008,7,16,India,2648,skirts,P269,olive,4,en face,24.04,1,3,0,0.0
2008,7,6,Italy,8461,skirts,P290,beige,4,profile,129.29,2,3,1,131.21
2008,4,9,France,8199,sale,P094,violet,6,profile,13.45,1,5,0,0.0
2008,7,18,Sweden,7690,blouses,P203,violet,5,en face,122.21,2,1,0,0.0
2008,5,8,France,9258,sale,P266,blue,3,profile,72.27,1,2,0,0.0
2008,4,23,Sweden,2590,trousers,P164,blue,4,profile,181.21,2,5,0,0.0
2008,6,25,Sweden,1034,skirts,P266,green,5,profile,147.31,2,4,0,0.0
2008,7,25,France,4687,sale,P223,blue,2,profile,135.52,2,2,0,0.0
2008,8,5,Australia,5012,trousers,P016,olive,4,profile,92.65,1,1,0,0.0
2008,5,14,Italy,2599,skirts,P225,olive,5,en face,181.92,2,1,0,0.0
2008,4,14,India,5820,skirts,P143,blue,3,en face,167.31,2,1,0,0.0
2008,4,6,Sweden,4609,skirts,P050,burgundy,6,en face,47.01,1,3,0,0.0
2008,6,13,USA,8471,sale,P047,white,2,en face,58.6,1,5,0,0.0
2008,5,7,Italy,9041,blouses,P225,black,6,en face,189.63,2,5,0,0.0
2008,7,28,USA,7451,blouses,P261,black,6,en face,115.75,2,3,0,0.0
2008,7,14,India,4672,sale,P014,navy blue,1,en face,128.28,2,1,0,0.0
2008,6,1,France,5584,blouses,P179,brown,6,en face,94.91,1,2,0,0.0
2008,8,14,India,3718,sale,P230,white,4,en face,157.44,2,1,0,0.0
2008,7,13,Sweden,9328,trousers,P042,brown,2,en face,21.25,1,2,0,0.0
2008,5,21,Germany,3929,sale,P267,green,2,profile,14.71,1,4,0,0.0
2008,4,6,France,3618,skirts,P290,burgundy,5,en face,75.56,1,3,0,0.0
2008,5,12,USA,1426,sale,P138,gray,5,profile,137.32,2,3,0,0.0
2008,4,26,USA,9379,blouses,P043,white,3,profile,160.54,2,4,0,0.0
2008,6,13,Germany,2920,skirts,P182,black,2,en face,30.56,1,5,0,0.0
2008,6,7,Italy,3820,trousers,P012,burgundy,6,en face,149.23,2,5,1,154.1
2008,8,8,India,1872,trousers,P226,red,4,en face,96.46,1,5,0,0.0
2008,7,14,Germany,5488,trousers,P009,black,6,en face,20.58,1,2,0,0.0
2008,4,5,France,481,blouses,P038,black,6,en face,28.62,1,4,0,0.0
2008,7,23,France,5973,sale,P177,red,4,en face,87.21,1,5,0,0.0
2008,8,1,UK,9601,blouses,P254,green,3,profile,185.19,2,5,0,0.0
2008,6,21,USA,2889,skirts,P071,burgundy,4,en face,184.99,2,1,0,0.0
2008,8,3,UK,6687,blouses,P046,white,2,profile,183.47,2,1,0,0.0
2008,4,7,India,6316,skirts,P133,brown,6,en face,22.21,1,2,0,0.0
2008,4,4,France,528,blouses,P058,red,4,en face,162.57,2,1,1,418.97
2008,8,3,UK,4130,skirts,P173,olive,4,en face,26.14,1,5,0,0.0
2008,5,22,Germany,723,sale,P091,red,4,profile,19.57,1,4,1,36.32
2008,4,2,India,5121,skirts,P254,olive,1,en face,131.48,2,2,0,0.0
2008,5,9,Italy,4723,blouses,P086,pink,2,profile,156.88,2,3,0,0.0
2008,5,16,USA,221,trousers,P110,brown,3,profile,90.02,1,2,0,0.0
2008,7,22,France,9189,blouses,P237,green,2,en face,113.1,2,5,0,0.0
2008,7,23,India,1936,sale,P063,gray,5,en face,177.97,2,2,0,0.0
2008,5,15,India,345,sale,P298,green,4,profile,73.46,1,2,0,0.0
2008,6,25,USA,8333,skirts,P056,violet,6,en face,110.63,2,1,0,0.0
2008,6,18,Italy,9675,sale,P215,red,2,profile,45.11,1,5,0,0.0
2008,6,17,UK,4484,blouses,P020,pink,1,en face,14.97,1,4,1,36.61
2008,8,6,Germany,9707,trousers,P068,blue,6,profile,37.45,1,5,0,0.0
2008,6,22,Germany,8487,trousers,P212,brown,3,en face,32.19,1,3,0,0.0
2008,8,8,France,9217,sale,P228,black,2,en face,83.79,1,5,0,0.0
2008,5,24,Germany,6904,sale,P026,pink,2,profile,92.86,1,2,0,0.0
2008,4,28,UK,9155,sale,P214,gray,3,en face,124.03,2,5,0,0.0
2008,5,22,France,5961,blouses,P097,violet,5,en face,27.19,1,5,0,0.0
2008,5,17,Italy,7035,sale,P094,brown,6,profile,148.23,2,1,0,0.0
2008,4,24,Germany,6052,trousers,P065,beige,3,en face,144.93,2,3,0,0.0
2008,4,11,Sweden,2392,blouses,P043,pink,5,profile,64.97,1,2,0,0.0
2008,7,23,Italy,7182,sale,P093,navy blue,6,profile,32.92,1,4,0,0.0
2008,6,4,Australia,4329,skirts,P011,green,1,profile,166.53,2,5,0,0.0
2008,5,11,USA,6453,blouses,P280,violet,1,profile,40.92,1,3,0,0.0
2008,4,6,UK,1984,trousers,P043,pink,2,profile,180.06,2,4,0,0.0
2008,7,2,Australia,8247,sale,P100,navy blue,5,profile,14.3,1,3,1,20.1
2008,4,8,India,1555,trousers,P025,navy blue,1,en face,190.38,2,5,0,0.0
2008,6,5,France,4851,blouses,P280,green,4,en face,136.01,2,3,1,387.34
2008,7,6,UK,9096,blouses,P292,brown,1,en face,21.19,1,3,0,0.0
2008,6,17,Sweden,9923,blouses,P060,pink,3,en face,137.97,2,5,0,0.0
2008,8,21,UK,7533,skirts,P005,pink,2,profile,59.61,1,3,0,0.0
2008,6,1,France,6854,skirts,P162,pink,6,profile,108.4,2,1,0,0.0
2008,4,7,France,4642,trousers,P237,brown,5,profile,40.93,1,2,0,0.0
2008,7,26,Germany,2882,sale,P219,violet,6,profile,114.31,2,2,0,0.0
2008,5,28,USA,1678,blouses,P118,gray,4,en face,39.73,1,3,0,0.0
2008,5,10,France,4886,sale,P088,navy blue,6,profile,192.48,2,3,0,0.0
2008,7,8,USA,1965,blouses,P127,blue,4,en face,197.02,2,5,0,0.0
2008,4,9,Italy,902,blouses,P001,green,5,profile,171.19,2,2,0,0.0
2008,6,11,Germany,7131,skirts,P001,pink,2,en face,98.25,1,2,0,0.0
2008,8,14,Australia,3069,skirts,P213,pink,3,en face,140.07,2,1,0,0.0
2008,5,15,UK,2297,trousers,P192,blue,6,en face,17.14,1,3,0,0.0
2008,5,26,Germany,6238,sale,P024,brown,1,en face,25.93,1,3,1,63.12
2008,8,2,India,5863,trousers,P148,green,3,profile,38.92,1,2,0,0.0
2008,8,5,Italy,297,skirts,P155,beige,1,profile,74.65,1,5,0,0.0
2008,4,7,USA,8779,skirts,P219,gray,1,en face,131.94,2,2,0,0.0
2008,5,25,India,58,blouses,P223,olive,3,profile,109.14,2,2,0,0.0
2008,4,21,Sweden,7243,skirts,P240,burgundy,4,profile,62.19,1,1,0,0.0
2008,4,7,USA,4386,skirts,P014,beige,2,profile,67.24,1,3,0,0.0
2008,7,9,UK,2985,trousers,P217,gray,6,en face,88.35,1,1,0,0.0
2008,5,10,USA,28,blouses,P234,burgundy,1,en face,112.8,2,5,0,0.0
2008,8,6,UK,4408,trousers,P212,navy blue,5,en face,124.61,2,4,0,0.0
2008,6,12,USA,9878,trousers,P180,brown,6,profile,156.63,2,4,0,0.0
2008,8,24,UK,2677,skirts,P180,red,3,en face,56.17,1,3,0,0.0
2008,4,27,Germany,8546,blouses,P059,violet,3,en face,182.68,2,3,0,0.0
2008,7,14,UK,5263,sale,P281,brown,4,profile,106.18,1,1,1,128.95
2008,4,18,France,5842,skirts,P142,white,6,profile,150.59,2,1,0,0.0
2008,8,5,Sweden,7022,skirts,P139,violet,3,en face,167.95,2,1,0,0.0
2008,6,11,India,3249,blouses,P189,black,4,profile,187.7,2,1,1,356.56
2008,4,11,UK,5668,sale,P062,beige,4,en face,102.43,1,2,0,0.0
2008,7,20,Italy,3885,blouses,P169,brown,4,en face,52.09,1,1,0,0.0
2008,8,23,UK,7664,sale,P053,green,2,profile,28.56,1,4,0,0.0
2008,8,22,UK,296,skirts,P158,pink,5,profile,54.42,1,3,0,0.0
2008,6,9,India,3162,blouses,P235,brown,1,profile,65.2,1,5,0,0.0
2008,4,22,Sweden,2581,trousers,P147,burgundy,3,en face,163.01,2,1,0,0.0
2008,5,17,India,3871,trousers,P115,navy blue,5,en face,58.5,1,3,0,0.0
2008,7,2,UK,9211,trousers,P134,blue,3,en face,112.91,2,2,0,0.0
2008,6,14,UK,4405,skirts,P065,black,6,profile,96.61,1,5,0,0.0
2008,5,12,France,6953,blouses,P272,black,2,en face,18.84,1,4,0,0.0
2008,4,23,Germany,649,trousers,P288,burgundy,5,profile,12.16,1,2,0,0.0
2008,7,3,USA,1371,sale,P128,white,4,profile,52.19,1,2,0,0.0
2008,8,6,France,9856,skirts,P217,burgundy,2,profile,104.73,1,4,0,0.0
2008,4,20,Sweden,6993,blouses,P224,brown,2,profile,103.21,1,3,0,0.0
2008,7,19,Germany,5533,trousers,P247,green,1,en face,109.35,2,4,0,0.0
2008,8,14,Australia,9621,skirts,P263,navy blue,3,en face,151.97,2,3,0,0.0
2008,4,18,Sweden,5709,trousers,P029,burgundy,1,profile,187.72,2,4,1,375.14
2008,5,2,UK,4210,blouses,P144,pink,4,profile,173.19,2,5,0,0.0
2008,8,20,USA,682,trousers,P106,violet,3,profile,141.85,2,4,0,0.0
2008,7,15,Australia,435,skirts,P033,navy blue,5,profile,44.3,1,3,0,0.0
2008,5,3,Australia,9310,trousers,P150,beige,2,en face,152.29,2,2,1,356.17
2008,8,28,UK,4825,sale,P129,green,3,profile,25.02,1,4,0,0.0
2008,6,19,Italy,9762,blouses,P222,green,2,en face,198.62,2,1,1,397.56
2008,6,27,Australia,3160,skirts,P095,violet,6,profile,152.3,2,4,0,0.0
2008,6,21,Italy,1490,sale,P132,violet,5,en face,180.08,2,2,0,0.0
2008,4,17,Australia,2988,sale,P187,blue,5,en face,29.69,1,5,0,0.0
2008,4,4,Italy,813,skirts,P155,brown,6,en face,161.76,2,1,0,0.0
2008,8,21,Sweden,1883,sale,P150,pink,3,profile,164.51,2,1,0,0.0
2008,8,7,USA,9268,blouses,P190,burgundy,5,profile,151.5,2,3,0,0.0
2008,7,16,USA,4937,trousers,P141,blue,4,en face,83.9,1,4,0,0.0
2008,4,7,USA,9936,sale,P012,red,3,profile,149.11,2,3,0,0.0
2008,5,23,Sweden,1941,blouses,P147,red,4,profile,75.64,1,5,0,0.0
2008,4,1,France,3297,skirts,P055,burgundy,6,en face,120.41,2,3,0,0.0
2008,7,11,Italy,3535,sale,P273,olive,5,profile,145.36,2,5,0,0.0
2008,8,4,France,4526,sale,P277,black,6,profile,51.24,1,3,0,0.0
2008,4,1,USA,3730,blouses,P201,white,2,profile,155.32,2,3,0,0.0
2008,6,5,Sweden,7016,blouses,P081,beige,1,profile,189.04,2,5,0,0.0
2008,4,24,Germany,1613,skirts,P021,blue,4,profile,191.48,2,2,0,0.0
2008,7,5,France,1182,sale,P149,beige,3,en face,189.79,2,4,0,0.0
2008,5,12,Italy,1376,trousers,P106,violet,5,profile,54.44,1,1,0,0.0
2008,8,19,Germany,9225,trousers,P073,white,1,profile,23.99,1,3,0,0.0
2008,6,18,UK,3947,trousers,P253,white,2,en face,30.25,1,2,0,0.0
2008,5,6,India,7211,sale,P063,violet,3,profile,65.41,1,1,0,0.0
2008,6,13,Germany,5212,blouses,P001,pink,5,en face,167.19,2,5,0,0.0
2008,5,11,Australia,64,skirts,P011,olive,4,profile,165.01,2,4,0,0.0
2008,7,6,USA,627,blouses,P068,black,4,en face,64.74,1,4,0,0.0
2008,4,23,Australia,4422,sale,P008,violet,4,profile,93.85,1,5,0,0.0
2008,5,11,Germany,1670,blouses,P144,olive,6,en face,102.93,1,5,0,0.0
2008,4,3,USA,2113,blouses,P212,olive,3,en face,184.5,2,3,0,0.0
2008,6,8,Australia,5805,blouses,P204,navy blue,2,profile,65.84,1,4,0,0.0
2008,8,13,India,9764,sale,P128,olive,4,profile,75.42,1,2,0,0.0
2008,8,9,USA,4033,skirts,P018,white,5,en face,164.5,2,5,0,0.0
2008,5,12,Italy,6546,skirts,P183,beige,4,en face,97.82,1,3,0,0.0
2008,5,22,UK,7949,skirts,P128,navy blue,5,en face,31.54,1,3,0,0.0
2008,4,3,Sweden,85,skirts,P007,blue,1,profile,195.96,2,3,0,0.0
2008,5,6,India,9181,blouses,P064,white,1,profile,62.9,1,1,0,0.0
2008,6,7,Sweden,1463,skirts,P256,olive,1,en face,173.63,2,5,1,468.73
2008,4,5,UK,2284,skirts,P252,green,3,profile,166.85,2,4,0,0.0
2008,4,24,France,2888,skirts,P229,burgundy,4,en face,81.96,1,1,0,0.0
2008,6,13,Germany,5835,sale,P093,pink,3,en face,159.44,2,1,0,0.0
2008,6,5,USA,685,blouses,P133,burgundy,4,en face,76.1,1,2,0,0.0
2008,4,17,Sweden,4470,sale,P059,red,2,en face,92.63,1,1,0,0.0
2008,8,7,Sweden,419,skirts,P009,olive,6,profile,33.41,1,5,0,0.0
2008,5,16,Italy,5229,trousers,P091,white,5,profile,184.7,2,1,0,0.0
2008,8,15,Germany,4254,blouses,P285,black,1,en face,99.85,1,3,0,0.0
2008,7,6,India,2710,blouses,P022,violet,5,profile,159.56,2,3,0,0.0
2008,8,24,Sweden,2358,blouses,P187,brown,1,en face,90.82,1,3,0,0.0
2008,4,19,USA,8060,blouses,P146,white,5,profile,86.35,1,5,0,0.0
2008,4,20,Italy,1367,blouses,P031,blue,4,en face,84.94,1,2,0,0.0
2008,8,17,India,6278,trousers,P114,green,2,profile,14.55,1,4,0,0.0
2008,4,22,USA,3917,skirts,P004,red,3,profile,13.09,1,2,0,0.0
2008,7,5,Australia,294,blouses,P015,white,3,en face,53.77,1,4,0,0.0
2008,8,16,Australia,2640,skirts,P117,green,5,en face,63.19,1,4,0,0.0
2008,6,24,France,9459,sale,P135,red,3,profile,148.48,2,4,0,0.0
2008,4,16,Germany,1507,skirts,P279,violet,2,profile,93.22,1,1,0,0.0
2008,6,23,UK,9038,sale,P099,gray,5,profile,116.95,2,3,1,348.59
2008,8,6,Germany,7394,skirts,P211,violet,5,profile,105.32,1,2,0,0.0
2008,5,20,Italy,1635,blouses,P062,red,6,en face,99.07,1,5,0,0.0
2008,4,28,Australia,2458,blouses,P232,olive,4,profile,173.1,2,1,0,0.0
2008,7,19,Sweden,9892,sale,P174,brown,5,profile,111.03,2,5,0,0.0
2008,8,5,UK,5559,trousers,P138,violet,3,profile,196.14,2,5,0,0.0
2008,7,10,Germany,9752,blouses,P107,navy blue,3,profile,171.22,2,5,1,316.91
2008,7,4,Germany,2301,skirts,P245,olive,2,en face,101.28,1,4,0,0.0
2008,8,28,Germany,4538,trousers,P009,burgundy,1,en face,193.28,2,2,1,353.0
2008,4,18,Italy,2939,blouses,P011,gray,3,profile,79.23,1,5,0,0.0
2008,6,26,USA,1564,sale,P202,blue,1,profile,122.97,2,4,0,0.0
2008,4,9,Germany,5690,sale,P071,black,1,profile,129.11,2,5,0,0.0
2008,5,14,Italy,8659,trousers,P154,burgundy,4,en face,168.82,2,3,0,0.0
2008,7,25,USA,7518,blouses,P094,beige,6,en face,67.33,1,5,0,0.0
2008,6,3,India,1980,blouses,P113,black,4,profile,73.51,1,4,0,0.0
2008,4,28,India,1884,sale,P021,violet,1,profile,22.04,1,3,0,0.0
2008,7,2,India,3804,blouses,P284,olive,5,en face,124.12,2,4,0,0.0
2008,7,26,UK,439,blouses,P118,white,1,profile,42.02,1,4,0,0.0
2008,8,17,India,4636,trousers,P179,olive,5,profile,94.7,1,1,0,0.0
2008,4,18,Italy,4529,blouses,P112,pink,4,profile,192.49,2,4,0,0.0
2008,6,13,Sweden,4333,trousers,P020,white,5,en face,96.97,1,5,0,0.0
2008,5,15,UK,3574,skirts,P022,white,4,en face,46.31,1,3,0,0.0
2008,6,13,USA,8742,blouses,P023,white,5,profile,104.43,1,2,0,0.0
2008,4,15,Germany,8912,sale,P105,red,2,en face,22.95,1,2,1,29.36
2008,7,8,Sweden,4818,skirts,P227,beige,4,profile,42.29,1,2,0,0.0
2008,7,7,Sweden,6436,trousers,P079,navy blue,5,profile,110.08,2,1,0,0.0
2008,6,22,Sweden,2987,blouses,P026,burgundy,4,en face,130.17,2,2,0,0.0
2008,8,24,Germany,7839,trousers,P180,pink,2,en face,110.48,2,2,0,0.0
2008,4,2,USA,705,trousers,P180,green,6,profile,147.37,2,2,0,0.0
2008,8,18,India,2281,skirts,P290,red,4,profile,155.29,2,4,0,0.0
2008,6,15,Germany,8735,sale,P273,white,2,profile,178.05,2,2,1,465.28
2008,6,17,France,4148,skirts,P044,red,6,en face,106.07,2,2,0,0.0
2008,5,12,Australia,5413,trousers,P279,white,4,en face,169.44,2,4,0,0.0
2008,6,25,Germany,374,sale,P174,green,3,en face,194.19,2,3,0,0.0
2008,5,2,Sweden,6406,sale,P060,gray,5,en face,177.51,2,5,1,179.55
2008,6,24,Germany,9224,sale,P258,black,5,en face,149.58,2,3,0,0.0
2008,5,6,Australia,2586,blouses,P053,navy blue,4,profile,87.8,1,3,0,0.0
2008,7,17,Australia,1333,trousers,P112,navy blue,2,profile,88.55,1,3,0,0.0
2008,7,12,France,9573,sale,P258,pink,6,profile,58.89,1,1,0,0.0
2008,7,20,Sweden,5283,sale,P230,brown,5,profile,94.13,1,5,0,0.0
2008,4,25,India,9132,skirts,P002,navy blue,1,en face,103.96,1,3,0,0.0
2008,6,14,India,8316,skirts,P146,green,1,profile,111.53,2,4,0,0.0
2008,8,27,UK,9810,trousers,P144,beige,1,en face,69.04,1,2,0,0.0
2008,7,23,USA,1785,sale,P095,beige,2,en face,71.3,1,2,0,0.0
2008,4,21,India,3183,sale,P222,pink,5,en face,131.8,2,2,0,0.0
2008,8,1,Germany,495,trousers,P203,beige,6,profile,165.33,2,3,0,0.0
2008,5,22,USA,7364,sale,P150,gray,6,en face,122.23,2,2,0,0.0
2008,7,26,Australia,2861,sale,P207,navy blue,4,profile,112.46,2,4,0,0.0
2008,8,16,UK,7930,trousers,P276,red,4,profile,110.02,2,4,0,0.0
2008,7,2,Germany,4042,sale,P270,black,6,profile,31.58,1,2,0,0.0
2008,7,20,Australia,7179,trousers,P193,blue,2,en face,63.49,1,2,1,179.15
2008,6,6,Australia,2898,blouses,P268,brown,2,profile,49.31,1,3,0,0.0
2008,7,19,Italy,367,skirts,P195,gray,1,profile,86.94,1,4,0,0.0
2008,6,24,France,850,skirts,P123,green,5,profile,85.21,1,5,0,0.0
2008,7,5,Australia,7441,trousers,P208,brown,2,profile,115.68,2,3,0,0.0
2008,6,20,Germany,9455,skirts,P103,brown,2,en face,12.64,1,5,0,0.0
2008,8,24,Italy,4302,skirts,P249,blue,4,en face,76.84,1,3,0,0.0
2008,7,13,Italy,2654,trousers,P048,olive,6,profile,142.0,2,1,1,177.7
2008,5,10,Australia,3504,skirts,P292,brown,3,profile,78.03,1,2,1,111.52
2008,7,21,Sweden,1542,blouses,P240,beige,1,en face,135.67,2,4,0,0.0
2008,4,16,Sweden,4166,skirts,P045,violet,4,en face,161.43,2,1,0,0.0
2008,4,22,Italy,8867,sale,P022,pink,2,profile,42.34,1,5,0,0.0
2008,5,8,UK,323,blouses,P199,green,3,profile,13.6,1,1,0,0.0
2008,6,5,UK,2032,skirts,P079,olive,5,profile,102.73,1,1,0,0.0
2008,4,27,India,814,sale,P056,red,3,en face,193.49,2,3,0,0.0
2008,6,4,Germany,8940,trousers,P252,gray,6,profile,16.91,1,1,0,0.0
2008,8,21,India,9376,sale,P065,gray,4,profile,31.95,1,3,0,0.0
2008,5,15,UK,1080,trousers,P037,green,1,en face,103.65,1,2,0,0.0
2008,6,27,Australia,2227,skirts,P146,violet,1,profile,41.52,1,1,0,0.0
2008,6,19,Italy,9137,skirts,P062,pink,5,en face,151.34,2,4,0,0.0
2008,4,15,UK,9532,skirts,P279,navy blue,5,en face,149.37,2,1,0,0.0
2008,7,7,Italy,2706,blouses,P056,gray,1,profile,29.54,1,3,1,79.73
2008,8,16,France,6825,skirts,P122,gray,5,en face,177.61,2,1,0,0.0
2008,7,10,Italy,7557,skirts,P133,black,2,en face,197.25,2,1,0,0.0
2008,5,10,Germany,1165,trousers,P177,white,6,profile,47.02,1,5,0,0.0
2008,4,25,India,3262,skirts,P213,blue,5,profile,117.44,2,1,0,0.0
2008,6,24,Sweden,4688,blouses,P266,red,4,en face,150.89,2,4,0,0.0
2008,7,24,India,1451,trousers,P234,pink,1,profile,98.77,1,3,0,0.0
2008,4,8,France,3863,skirts,P185,white,6,en face,68.04,1,5,0,0.0
2008,5,28,Australia,6104,sale,P173,burgundy,5,en face,43.24,1,5,0,0.0
2008,4,21,USA,9216,blouses,P238,red,1,profile,131.84,2,4,0,0.0
2008,8,13,Sweden,7121,sale,P091,black,2,en face,105.77,1,1,0,0.0
2008,7,21,Australia,6399,sale,P231,blue,4,profile,39.42,1,4,0,0.0
2008,7,25,Sweden,9589,skirts,P178,navy blue,6,en face,26.78,1,1,0,0.0
2008,8,10,USA,6215,skirts,P228,burgundy,3,en face,86.17,1,3,0,0.0
2008,8,5,Australia,9646,blouses,P289,green,5,en face,138.57,2,3,0,0.0
2008,7,24,USA,5337,blouses,P049,burgundy,2,profile,20.52,1,3,0,0.0
2008,7,16,India,4057,sale,P263,pink,5,profile,177.64,2,1,0,0.0
2008,7,21,UK,9512,trousers,P137,olive,6,profile,164.28,2,5,0,0.0
2008,7,13,Australia,3000,blouses,P032,red,1,en face,136.1,2,2,0,0.0
2008,4,3,Australia,9025,trousers,P053,violet,5,profile,25.96,1,3,0,0.0
2008,5,23,Germany,1232,trousers,P156,pink,5,profile,162.92,2,2,0,0.0
2008,7,12,USA,1515,blouses,P247,black,6,profile,106.38,2,2,0,0.0
2008,5,10,Italy,2314,skirts,P124,pink,4,en face,188.5,2,1,0,0.0
2008,4,2,Australia,1452,sale,P282,gray,5,profile,134.35,2,4,0,0.0
2008,8,11,UK,5268,sale,P003,white,6,en face,56.29,1,4,0,0.0
2008,8,13,UK,6132,sale,P173,olive,4,en face,114.83,2,4,0,0.0
2008,7,26,Sweden,8532,trousers,P210,brown,3,en face,19.22,1,3,0,0.0
2008,8,22,UK,6465,sale,P046,gray,2,profile,32.25,1,4,0,0.0
2008,6,17,Italy,839,sale,P228,pink,2,profile,92.55,1,1,0,0.0
2008,8,21,USA,9916,blouses,P148,gray,2,en face,41.5,1,1,0,0.0
2008,8,14,UK,8262,sale,P192,burgundy,5,en face,193.03,2,5,0,0.0
2008,4,3,Germany,6415,sale,P082,brown,2,profile,182.46,2,4,0,0.0
2008,8,4,Australia,8505,trousers,P298,black,5,profile,39.72,1,4,0,0.0
2008,8,14,USA,3568,trousers,P269,violet,2,profile,76.58,1,5,0,0.0
2008,6,17,France,9265,skirts,P043,olive,4,en face,125.77,2,2,0,0.0
2008,8,4,India,3088,trousers,P146,blue,6,profile,120.21,2,5,0,0.0
2008,5,28,UK,8644,skirts,P282,green,4,en face,138.29,2,1,0,0.0
2008,7,16,UK,1715,trousers,P142,black,3,profile,16.98,1,1,0,0.0
2008,7,2,Sweden,340,skirts,P234,blue,4,profile,110.39,2,4,0,0.0
2008,4,27,Italy,9564,blouses,P013,black,2,en face,56.33,1,5,1,142.12
2008,8,27,Germany,5943,sale,P280,violet,4,profile,40.96,1,1,1,115.5
2008,5,2,France,9870,trousers,P194,violet,1,profile,117.98,2,3,0,0.0
2008,7,5,Australia,8103,sale,P072,navy blue,2,en face,149.22,2,3,0,0.0
2008,8,27,Australia,8489,sale,P184,green,5,profile,76.18,1,3,1,222.49
2008,7,23,India,589,blouses,P121,pink,1,profile,72.64,1,1,0,0.0
2008,6,28,France,3366,blouses,P107,beige,3,en face,46.79,1,2,0,0.0
2008,7,20,UK,2671,blouses,P188,olive,2,en face,91.99,1,2,0,0.0
2008,7,5,Italy,3590,blouses,P299,black,5,en face,161.39,2,1,0,0.0
2008,6,27,USA,35,trousers,P207,navy blue,6,profile,105.25,1,1,0,0.0
2008,7,13,USA,29,trousers,P181,beige,5,profile,45.21,1,4,0,0.0
2008,6,4,Australia,8554,sale,P095,black,6,profile,139.06,2,4,0,0.0
2008,8,25,Italy,8118,trousers,P191,black,3,en face,194.69,2,3,0,0.0
2008,5,19,Sweden,2171,trousers,P009,violet,1,profile,25.54,1,1,0,0.0
2008,6,14,Sweden,8378,sale,P046,burgundy,4,en face,20.35,1,2,0,0.0
2008,6,9,Australia,5621,blouses,P283,olive,6,profile,140.44,2,1,0,0.0
2008,7,28,USA,890,trousers,P120,white,6,en face,165.56,2,2,0,0.0
2008,6,21,Germany,6490,sale,P152,white,2,en face,171.87,2,1,0,0.0
2008,4,22,Sweden,3323,skirts,P129,blue,2,en face,120.16,2,3,0,0.0
2008,5,4,France,9397,trousers,P175,violet,6,profile,22.51,1,4,0,0.0
2008,8,19,USA,3515,trousers,P263,green,4,en face,112.85,2,4,0,0.0
2008,5,3,UK,4421,blouses,P103,white,3,profile,86.87,1,3,1,254.45
2008,6,24,India,8352,sale,P146,blue,6,en face,150.25,2,2,0,0.0
2008,7,6,Italy,5362,sale,P156,burgundy,3,en face,16.81,1,2,0,0.0
2008,4,25,UK,3734,sale,P154,violet,5,en face,71.47,1,2,0,0.0
2008,4,5,Italy,9464,skirts,P090,burgundy,1,en face,99.32,1,5,1,202.51
2008,4,6,France,7082,sale,P199,gray,1,profile,117.28,2,3,0,0.0
2008,7,17,Italy,1655,blouses,P047,black,1,profile,61.04,1,4,1,118.27
2008,7,5,USA,5033,trousers,P099,navy blue,6,profile,186.75,2,4,0,0.0
2008,7,26,India,224,blouses,P031,blue,1,profile,58.9,1,4,0,0.0
2008,5,9,Italy,8626,trousers,P229,red,3,en face,112.96,2,3,0,0.0
2008,4,14,India,6195,trousers,P247,navy blue,5,profile,62.29,1,4,0,0.0
2008,7,15,India,1591,trousers,P028,white,5,en face,173.9,2,5,0,0.0
2008,4,4,Germany,5983,trousers,P004,black,4,en face,90.33,1,3,0,0.0
2008,8,10,India,3257,sale,P005,olive,4,profile,77.64,1,5,0,0.0
2008,7,11,Italy,6681,trousers,P023,blue,2,profile,180.99,2,4,0,0.0
2008,4,17,Germany,4771,blouses,P134,brown,1,en face,56.64,1,5,0,0.0
2008,4,11,Italy,2182,skirts,P264,violet,2,profile,40.5,1,5,0,0.0
2008,4,18,USA,6804,trousers,P036,olive,4,profile,26.56,1,5,0,0.0
2008,6,5,India,4914,skirts,P008,burgundy,5,en face,13.47,1,2,0,0.0
2008,4,23,USA,6787,skirts,P167,green,6,en face,127.91,2,5,0,0.0
2008,4,27,UK,4790,blouses,P151,brown,5,profile,18.07,1,3,0,0.0
2008,8,6,Sweden,1210,sale,P273,white,2,profile,77.96,1,4,0,0.0
2008,7,7,Australia,422,skirts,P129,blue,1,en face,39.72,1,4,0,0.0
2008,4,28,India,8741,blouses,P245,white,1,en face,23.28,1,3,1,27.35
2008,4,19,USA,1707,sale,P058,brown,4,profile,18.39,1,4,0,0.0
2008,5,13,Sweden,1159,skirts,P172,black,1,en face,15.83,1,4,1,18.31
2008,6,10,Sweden,2307,blouses,P100,pink,2,en face,119.38,2,3,0,0.0
2008,7,23,USA,274,sale,P108,white,1,en face,61.18,1,3,0,0.0
2008,4,24,France,172,skirts,P105,red,1,en face,23.24,1,5,0,0.0
2008,5,20,Italy,3957,blouses,P161,blue,6,profile,184.97,2,4,0,0.0
2008,6,16,India,6697,blouses,P162,beige,1,en face,10.41,1,3,0,0.0
2008,8,8,Germany,3189,trousers,P065,black,3,en face,190.92,2,3,0,0.0
2008,7,4,France,8133,trousers,P200,burgundy,2,profile,195.66,2,2,0,0.0
2008,8,13,Germany,4809,sale,P221,black,1,profile,83.4,1,5,0,0.0
2008,6,19,France,8084,skirts,P125,black,5,en face,25.19,1,3,0,0.0
2008,4,26,France,1565,skirts,P178,olive,6,en face,153.01,2,5,0,0.0
2008,6,19,Sweden,1783,trousers,P127,navy blue,2,profile,42.91,1,1,0,0.0
2008,4,24,USA,844,skirts,P102,navy blue,3,en face,121.92,2,5,0,0.0
2008,4,26,India,9346,trousers,P262,olive,4,en face,71.75,1,3,0,0.0
2008,8,12,Sweden,4462,sale,P003,red,2,profile,187.57,2,4,0,0.0
2008,7,12,India,905,skirts,P277,gray,4,en face,27.28,1,5,1,57.73
2008,5,2,Italy,5912,skirts,P189,olive,1,en face,54.14,1,1,0,0.0
2008,4,21,USA,9951,skirts,P132,green,5,profile,42.55,1,4,1,58.83
2008,5,19,USA,9298,blouses,P230,beige,5,profile,76.23,1,5,0,0.0
2008,7,23,Germany,1548,trousers,P226,white,3,en face,48.55,1,5,0,0.0
2008,5,17,Australia,2081,skirts,P292,beige,1,profile,17.91,1,2,0,0.0
2008,8,1,Australia,9882,skirts,P206,blue,4,profile,141.6,2,5,1,399.21
2008,6,24,Australia,3986,blouses,P141,pink,2,profile,51.25,1,4,0,0.0
2008,7,20,Germany,6390,blouses,P227,gray,1,en face,49.31,1,1,0,0.0
2008,5,23,UK,7580,sale,P196,navy blue,2,profile,35.9,1,5,0,0.0
2008,4,17,India,9246,blouses,P053,green,6,en face,187.51,2,1,0,0.0
2008,8,21,Sweden,6568,trousers,P016,burgundy,2,en face,45.73,1,2,0,0.0
2008,6,13,Germany,8207,skirts,P151,navy blue,4,profile,144.44,2,5,0,0.0
2008,8,18,France,3821,skirts,P211,navy blue,5,profile,101.91,1,1,0,0.0
2008,4,5,UK,2647,trousers,P053,navy blue,3,en face,186.83,2,1,0,0.0
2008,7,5,France,4455,skirts,P064,green,2,en face,165.35,2,4,0,0.0
2008,7,11,Australia,7160,skirts,P168,olive,6,en face,87.64,1,3,0,0.0
2008,6,18,USA,8222,blouses,P290,gray,3,profile,165.28,2,2,0,0.0
2008,5,3,France,8597,trousers,P272,navy blue,5,en face,68.0,1,3,0,0.0
2008,4,10,Italy,9590,skirts,P044,beige,3,profile,120.61,2,2,0,0.0
2008,8,24,Sweden,6072,skirts,P046,navy blue,6,profile,95.02,1,3,0,0.0
2008,7,10,USA,2156,trousers,P193,pink,2,profile,105.09,1,5,0,0.0
2008,7,12,Italy,6713,blouses,P055,white,1,en face,89.37,1,4,0,0.0
2008,6,22,Germany,3716,blouses,P297,pink,6,profile,162.63,2,4,0,0.0
2008,4,1,India,4058,trousers,P023,green,1,en face,179.44,2,4,0,0.0
2008,6,20,Sweden,5953,sale,P031,green,2,profile,156.32,2,1,0,0.0
2008,4,24,France,3103,blouses,P043,white,3,en face,23.22,1,2,1,29.18
2008,4,28,Germany,559,trousers,P122,navy blue,1,profile,20.09,1,2,0,0.0
2008,7,8,UK,4611,blouses,P100,gray,2,en face,173.86,2,1,0,0.0
2008,6,16,Sweden,6979,blouses,P255,pink,4,profile,131.15,2,4,1,281.64
2008,8,21,India,1437,sale,P103,pink,4,profile,150.32,2,5,0,0.0
2008,7,12,Australia,508,blouses,P051,beige,1,profile,14.53,1,3,0,0.0
2008,4,10,Germany,1870,trousers,P271,navy blue,6,en face,97.21,1,3,0,0.0
2008,6,7,India,756,sale,P004,navy blue,1,en face,151.27,2,2,0,0.0
2008,8,12,Germany,5420,sale,P076,olive,5,profile,141.94,2,2,0,0.0
2008,6,23,Italy,4051,trousers,P042,blue,6,en face,195.18,2,1,0,0.0
2008,4,24,Sweden,8090,skirts,P091,pink,4,en face,53.72,1,5,0,0.0
2008,5,26,USA,3837,trousers,P065,olive,2,profile,170.7,2,2,0,0.0
2008,6,8,Italy,2119,trousers,P158,black,1,profile,146.29,2,4,0,0.0
2008,7,13,Sweden,6153,sale,P230,violet,4,en face,19.81,1,2,0,0.0
2008,6,15,Sweden,7809,sale,P204,brown,6,en face,164.86,2,2,0,0.0
2008,4,25,Italy,502,blouses,P103,navy blue,5,profile,44.63,1,3,0,0.0
2008,6,26,Italy,6260,sale,P228,red,1,en face,24.64,1,2,0,0.0
2008,5,26,France,9744,blouses,P182,gray,1,profile,22.28,1,2,0,0.0
2008,7,18,Sweden,1540,trousers,P158,gray,6,profile,113.16,2,2,0,0.0
2008,4,9,France,6142,trousers,P193,beige,4,en face,26.49,1,5,0,0.0
2008,6,27,France,1212,blouses,P072,red,1,en face,35.48,1,2,0,0.0
2008,5,28,France,9123,blouses,P013,beige,3,profile,111.68,2,3,0,0.0
2008,8,9,USA,673,sale,P228,olive,1,profile,195.85,2,5,0,0.0
2008,7,2,USA,3378,sale,P232,pink,3,profile,135.74,2,3,0,0.0
2008,4,22,Italy,8784,skirts,P045,violet,6,profile,99.38,1,1,0,0.0
2008,8,22,India,1465,sale,P278,red,2,profile,81.91,1,5,0,0.0
2008,8,26,USA,1193,trousers,P003,black,1,profile,148.03,2,3,0,0.0
2008,6,10,Sweden,6985,trousers,P204,brown,6,profile,43.57,1,5,0,0.0
2008,6,21,France,1873,skirts,P112,green,3,profile,64.32,1,3,0,0.0
2008,4,16,India,3591,sale,P095,green,6,en face,115.86,2,4,0,0.0
2008,7,28,Italy,6727,skirts,P246,green,1,profile,172.42,2,2,0,0.0
2008,4,27,India,506,blouses,P090,white,4,en face,11.42,1,3,0,0.0
2008,4,7,India,8119,skirts,P214,red,6,profile,22.34,1,3,0,0.0
2008,7,26,France,507,skirts,P268,blue,3,profile,149.97,2,5,0,0.0
2008,4,21,UK,9450,skirts,P203,gray,3,profile,84.62,1,3,0,0.0
2008,4,6,Sweden,7132,sale,P041,navy blue,4,en face,74.28,1,5,0,0.0
2008,4,27,USA,4808,skirts,P269,red,5,profile,48.88,1,3,0,0.0
2008,5,11,USA,7304,trousers,P001,violet,1,en face,77.53,1,4,0,0.0
2008,8,28,Italy,1774,blouses,P180,green,3,profile,135.2,2,2,0,0.0
2008,4,24,France,6855,trousers,P113,brown,4,profile,44.94,1,5,0,0.0
2008,4,19,France,4907,trousers,P244,gray,2,profile,138.17,2,2,0,0.0
2008,5,13,USA,798,skirts,P132,black,1,en face,188.78,2,2,0,0.0
2008,4,16,UK,8786,blouses,P038,brown,6,en face,145.47,2,5,0,0.0
2008,8,4,USA,7071,sale,P244,green,5,profile,34.69,1,3,0,0.0
2008,8,21,USA,2830,skirts,P272,green,5,en face,26.28,1,1,0,0.0
2008,5,21,Australia,9320,skirts,P006,green,6,profile,128.32,2,1,0,0.0
2008,7,19,UK,8738,skirts,P041,gray,5,en face,117.19,2,5,0,0.0
2008,5,6,France,313,sale,P040,navy blue,2,en face,169.01,2,2,0,0.0
2008,6,16,Australia,747,blouses,P038,white,6,en face,92.07,1,5,0,0.0
2008,7,25,Germany,3570,skirts,P031,navy blue,1,en face,197.34,2,2,0,0.0
2008,6,27,Australia,791,trousers,P213,white,1,profile,100.87,1,3,1,114.94
2008,4,4,UK,2477,skirts,P185,violet,2,en face,80.28,1,2,0,0.0
2008,7,20,Italy,9326,sale,P167,green,3,profile,62.34,1,1,0,0.0
2008,4,11,Australia,2571,sale,P214,burgundy,1,en face,128.84,2,4,0,0.0
2008,6,19,Germany,5287,blouses,P225,white,3,en face,171.22,2,1,1,226.13
2008,4,25,USA,5216,sale,P075,navy blue,3,en face,32.24,1,5,1,47.11
2008,5,3,UK,2164,blouses,P213,green,5,profile,65.44,1,1,0,0.0
2008,7,13,USA,6578,trousers,P095,navy blue,4,en face,24.89,1,3,0,0.0
2008,8,17,Italy,8450,sale,P052,gray,2,profile,144.78,2,4,0,0.0
2008,5,1,USA,381,trousers,P183,white,3,profile,153.17,2,2,0,0.0
2008,5,15,India,8509,sale,P010,blue,2,en face,157.62,2,5,0,0.0
2008,6,22,USA,1293,blouses,P190,black,4,en face,94.82,1,5,0,0.0
2008,7,16,Italy,1913,skirts,P056,black,6,profile,86.56,1,2,0,0.0
2008,8,23,UK,600,sale,P240,red,6,en face,111.49,2,3,0,0.0
2008,6,19,India,3893,sale,P095,red,2,profile,160.55,2,5,0,0.0
2008,8,12,Sweden,4142,blouses,P074,black,4,en face,23.79,1,1,0,0.0
2008,6,10,Australia,1653,sale,P117,navy blue,1,profile,108.3,2,1,0,0.0
2008,7,18,Australia,5225,trousers,P001,beige,5,en face,102.24,1,2,0,0.0
2008,5,22,Sweden,1894,blouses,P012,green,1,en face,116.47,2,1,0,0.0
2008,5,3,Australia,1945,trousers,P100,pink,3,en face,78.69,1,5,0,0.0
2008,8,18,Sweden,3396,sale,P290,blue,5,en face,55.91,1,5,0,0.0
2008,8,17,Australia,5480,skirts,P274,red,6,en face,121.53,2,2,0,0.0
2008,8,21,Australia,9770,sale,P010,navy blue,1,en face,83.57,1,1,0,0.0
2008,6,19,Sweden,376,blouses,P225,brown,3,profile,40.69,1,4,0,0.0
2008,5,21,Italy,1967,trousers,P150,black,1,en face,158.63,2,3,0,0.0
2008,5,9,UK,3958,skirts,P248,violet,3,en face,159.51,2,5,0,0.0
2008,5,2,Germany,7136,blouses,P296,white,4,en face,102.88,1,2,0,0.0
2008,5,15,Sweden,7479,sale,P106,violet,5,en face,26.49,1,5,0,0.0
2008,5,13,UK,4506,trousers,P293,navy blue,4,profile,163.81,2,3,0,0.0
2008,8,21,France,9581,blouses,P234,burgundy,4,en face,189.22,2,4,0,0.0
2008,5,1,Australia,5289,trousers,P148,pink,2,profile,157.76,2,4,0,0.0
2008,5,5,UK,1472,trousers,P217,gray,4,en face,63.98,1,3,0,0.0
2008,4,7,Australia,3347,trousers,P157,pink,4,en face,10.38,1,1,0,0.0
2008,7,7,India,6254,skirts,P229,pink,6,en face,107.72,2,4,0,0.0
2008,8,16,Sweden,2854,skirts,P069,green,5,profile,156.94,2,5,1,230.88
2008,6,14,Italy,8989,sale,P083,navy blue,1,profile,151.01,2,1,0,0.0
2008,6,15,USA,9776,skirts,P135,blue,1,profile,152.2,2,2,0,0.0
2008,7,13,Italy,6460,skirts,P089,black,1,en face,33.77,1,1,0,0.0
2008,4,20,Australia,4063,sale,P081,burgundy,1,profile,103.16,1,1,0,0.0
2008,4,8,UK,5864,skirts,P116,beige,1,en face,48.18,1,5,1,114.36
2008,4,24,Australia,4307,trousers,P063,gray,3,en face,114.6,2,1,0,0.0
2008,6,15,France,4878,trousers,P009,beige,3,en face,174.43,2,3,0,0.0
2008,8,6,UK,7250,sale,P168,burgundy,6,profile,146.34,2,1,0,0.0
2008,6,27,India,5274,blouses,P153,navy blue,3,profile,167.29,2,1,0,0.0
2008,8,2,UK,3991,blouses,P092,green,2,profile,31.61,1,3,0,0.0
2008,4,22,Italy,1050,trousers,P021,gray,5,profile,38.3,1,4,0,0.0
2008,5,9,France,6176,trousers,P204,brown,3,profile,30.85,1,2,0,0.0
2008,5,12,USA,6927,blouses,P228,green,2,en face,136.14,2,2,0,0.0
2008,6,16,Sweden,7865,blouses,P197,navy blue,2,en face,151.64,2,2,0,0.0
2008,4,20,Sweden,2036,skirts,P290,green,5,profile,48.67,1,5,0,0.0
2008,6,12,Germany,4040,trousers,P166,burgundy,3,profile,113.76,2,5,0,0.0
2008,7,1,UK,6876,sale,P175,green,2,en face,87.13,1,3,0,0.0
2008,6,21,Australia,9355,trousers,P030,navy blue,6,profile,142.37,2,4,0,0.0
2008,5,23,Italy,1973,sale,P166,pink,1,profile,76.19,1,1,0,0.0
2008,5,3,India,5073,blouses,P044,burgundy,4,en face,36.88,1,4,0,0.0
2008,6,1,France,2100,sale,P153,pink,6,en face,22.63,1,2,0,0.0
2008,7,16,India,1500,skirts,P176,beige,5,profile,124.52,2,1,0,0.0
2008,8,27,India,9613,sale,P176,navy blue,2,profile,13.08,1,5,0,0.0
2008,6,16,Australia,653,trousers,P244,pink,5,en face,151.84,2,2,0,0.0
2008,4,5,Italy,171,trousers,P186,burgundy,5,profile,122.47,2,2,0,0.0
2008,8,21,USA,4086,skirts,P236,burgundy,1,en face,43.32,1,1,0,0.0
2008,4,7,USA,243,blouses,P143,blue,3,profile,153.44,2,2,1,409.31
2008,7,28,Italy,5711,blouses,P228,blue,5,profile,134.39,2,2,0,0.0
2008,8,17,Australia,6973,skirts,P143,black,1,profile,176.52,2,1,0,0.0
2008,8,9,USA,2757,sale,P259,brown,4,en face,92.35,1,1,0,0.0
2008,8,12,UK,6885,blouses,P275,olive,2,profile,23.81,1,5,0,0.0
2008,7,18,USA,5447,trousers,P054,gray,5,en face,100.91,1,2,0,0.0
2008,4,10,USA,2077,skirts,P186,navy blue,2,en face,199.6,2,1,0,0.0
2008,4,6,UK,4104,skirts,P031,beige,5,profile,46.15,1,3,1,72.74
2008,6,5,India,9560,trousers,P170,olive,2,en face,179.2,2,2,1,347.65
2008,7,24,Sweden,7572,trousers,P180,gray,3,profile,136.13,2,5,0,0.0
2008,8,18,Germany,9467,skirts,P081,violet,2,profile,73.18,1,3,1,82.48
2008,5,4,Italy,4895,blouses,P288,blue,1,profile,52.55,1,4,0,0.0
2008,6,28,India,6693,sale,P082,beige,6,en face,151.84,2,5,0,0.0
2008,6,11,UK,8055,trousers,P176,red,1,en face,91.71,1,4,1,126.4
2008,7,20,USA,5390,trousers,P180,navy blue,2,profile,162.11,2,2,0,0.0
2008,4,21,Australia,9374,skirts,P290,navy blue,3,en face,111.29,2,3,0,0.0
2008,4,21,France,8022,blouses,P039,blue,1,en face,58.65,1,4,0,0.0
2008,7,1,UK,8605,skirts,P221,white,2,profile,128.43,2,5,0,0.0
2008,7,8,UK,4481,trousers,P068,olive,2,en face,170.61,2,3,0,0.0
2008,5,19,India,8327,trousers,P251,beige,2,en face,95.54,1,4,0,0.0
2008,6,27,USA,4079,trousers,P028,red,5,en face,15.59,1,2,0,0.0
2008,7,25,Italy,641,blouses,P031,beige,6,en face,16.16,1,3,0,0.0
2008,4,2,France,1271,blouses,P012,white,3,profile,118.48,2,5,0,0.0
2008,6,19,Germany,2779,sale,P030,blue,6,profile,196.57,2,2,0,0.0
2008,7,18,USA,9498,trousers,P046,gray,5,en face,78.53,1,3,0,0.0
2008,7,24,Sweden,3862,skirts,P273,pink,4,profile,193.02,2,2,0,0.0
2008,6,12,Germany,3481,trousers,P187,beige,4,en face,139.27,2,5,0,0.0
2008,8,4,France,1535,skirts,P137,navy blue,1,profile,168.66,2,4,0,0.0
2008,4,24,Sweden,326,blouses,P221,burgundy,4,en face,89.75,1,3,0,0.0
2008,8,27,USA,2339,trousers,P034,pink,2,profile,117.36,2,3,1,277.68
2008,6,15,Italy,3981,trousers,P146,gray,4,en face,123.05,2,3,0,0.0
2008,7,15,India,6878,skirts,P096,beige,2,profile,126.34,2,5,0,0.0
2008,8,13,Germany,4055,sale,P171,beige,6,en face,178.42,2,4,0,0.0
2008,7,21,Germany,2238,trousers,P150,gray,6,en face,62.0,1,4,0,0.0
2008,7,13,Germany,7107,trousers,P159,brown,1,en face,131.07,2,2,1,153.1
2008,4,24,USA,9669,skirts,P289,gray,1,profile,45.74,1,5,0,0.0
2008,6,27,Italy,4746,blouses,P261,gray,1,en face,151.54,2,2,0,0.0
2008,6,27,UK,865,trousers,P216,violet,1,profile,17.6,1,5,0,0.0
2008,6,10,Australia,6204,sale,P140,violet,1,profile,117.61,2,3,0,0.0
2008,4,21,India,5509,trousers,P090,white,3,en face,125.05,2,3,0,0.0
2008,5,7,Australia,7430,sale,P033,pink,3,profile,116.89,2,2,0,0.0
2008,7,15,Italy,372,trousers,P057,gray,2,profile,167.45,2,4,0,0.0
2008,7,26,Germany,6297,sale,P077,burgundy,6,profile,30.35,1,4,0,0.0
2008,8,16,UK,5552,sale,P263,pink,4,en face,100.25,1,4,0,0.0
2008,5,16,UK,5724,skirts,P227,red,2,profile,50.96,1,5,0,0.0
2008,8,27,India,5900,trousers,P212,beige,5,profile,104.31,1,2,0,0.0
2008,4,14,USA,9288,skirts,P089,olive,5,profile,162.85,2,3,0,0.0
2008,7,5,France,7872,skirts,P015,navy blue,6,en face,70.04,1,4,0,0.0
2008,6,13,USA,2365,sale,P095,green,3,en face,53.71,1,5,0,0.0
2008,8,17,Australia,3214,trousers,P265,burgundy,1,profile,137.61,2,2,0,0.0
2008,6,27,Germany,912,trousers,P233,pink,5,en face,191.01,2,3,0,0.0
2008,7,17,France,9048,blouses,P091,red,2,profile,161.81,2,3,0,0.0
2008,8,11,USA,9791,trousers,P051,navy blue,6,profile,137.38,2,1,0,0.0
2008,5,22,Australia,7290,blouses,P214,brown,1,en face,106.3,2,1,0,0.0
2008,4,11,India,9959,trousers,P237,red,4,en face,154.94,2,4,0,0.0
2008,5,2,USA,6537,blouses,P269,violet,1,en face,69.59,1,5,0,0.0
2008,8,13,India,9193,trousers,P087,black,4,profile,56.94,1,1,0,0.0
2008,6,8,Australia,1424,blouses,P298,burgundy,2,en face,80.15,1,4,0,0.0
2008,7,22,Sweden,9808,blouses,P235,gray,1,en face,48.05,1,2,0,0.0
2008,8,3,USA,480,skirts,P077,gray,5,en face,117.68,2,1,1,206.62
2008,4,16,UK,663,skirts,P063,green,1,profile,121.22,2,4,0,0.0
2008,7,26,UK,4477,skirts,P005,gray,1,en face,72.67,1,2,0,0.0
2008,5,22,Italy,8983,sale,P044,black,5,profile,42.46,1,2,0,0.0
2008,6,14,USA,8078,trousers,P108,brown,3,profile,66.3,1,2,0,0.0
2008,8,14,India,2989,blouses,P118,navy blue,4,profile,130.73,2,5,0,0.0
2008,5,23,Germany,1120,trousers,P113,green,2,en face,112.16,2,2,0,0.0
2008,6,12,Sweden,2777,trousers,P175,red,3,en face,122.72,2,4,0,0.0
2008,8,6,USA,9836,sale,P249,burgundy,4,profile,50.23,1,3,0,0.0
2008,7,21,USA,5004,trousers,P252,green,2,profile,157.66,2,4,1,230.06
2008,5,21,Australia,6650,blouses,P121,navy blue,4,profile,167.6,2,2,0,0.0
2008,4,3,Australia,7255,trousers,P065,olive,3,profile,120.86,2,5,0,0.0
2008,6,19,USA,4428,trousers,P232,gray,5,en face,173.45,2,2,1,267.73
2008,6,26,France,7432,blouses,P145,olive,5,en face,169.26,2,4,0,0.0
2008,8,23,Sweden,3982,trousers,P075,pink,4,en face,34.63,1,4,0,0.0
2008,8,26,Sweden,6352,blouses,P276,pink,5,en face,91.1,1,1,0,0.0
2008,8,1,India,2894,skirts,P244,beige,2,en face,95.12,1,3,0,0.0
2008,8,7,USA,2670,blouses,P239,burgundy,3,profile,131.15,2,1,0,0.0
2008,5,20,India,3978,sale,P153,burgundy,5,profile,64.54,1,5,0,0.0
2008,6,13,Sweden,5260,trousers,P107,white,1,en face,140.58,2,5,0,0.0
2008,6,4,Italy,280,blouses,P123,gray,3,profile,67.99,1,2,1,168.08
2008,6,13,UK,6731,skirts,P194,brown,1,profile,141.28,2,4,0,0.0
2008,5,28,Germany,6105,skirts,P251,violet,1,profile,26.17,1,3,1,48.7
2008,8,27,Sweden,7021,trousers,P107,violet,3,profile,109.35,2,2,0,0.0
2008,5,12,Germany,1695,trousers,P111,beige,2,profile,16.99,1,3,0,0.0
2008,7,25,Australia,8913,trousers,P050,gray,3,en face,167.62,2,1,0,0.0
2008,6,17,USA,3480,skirts,P172,black,4,profile,146.46,2,3,0,0.0
2008,7,8,Australia,4417,blouses,P196,burgundy,6,en face,160.25,2,1,0,0.0
2008,5,10,France,7593,blouses,P179,green,6,profile,194.14,2,2,0,0.0
2008,6,8,UK,6283,skirts,P109,gray,2,profile,16.97,1,3,0,0.0
2008,8,10,UK,5604,trousers,P028,navy blue,1,en face,149.8,2,4,0,0.0
2008,5,8,Sweden,8620,trousers,P238,pink,2,profile,155.24,2,5,0,0.0
2008,8,15,Australia,7781,sale,P191,beige,6,en face,90.67,1,3,0,0.0
2008,8,25,UK,4297,skirts,P150,navy blue,3,en face,92.43,1,4,0,0.0
2008,8,6,UK,4594,skirts,P132,black,2,en face,22.99,1,4,0,0.0
2008,6,18,Italy,4845,skirts,P031,green,1,profile,169.82,2,1,0,0.0
2008,8,25,Australia,2210,blouses,P214,burgundy,1,profile,62.41,1,3,0,0.0
2008,8,3,Germany,7606,trousers,P132,beige,5,en face,134.96,2,5,0,0.0
2008,4,14,USA,5502,skirts,P118,blue,4,en face,29.55,1,5,0,0.0
2008,5,2,USA,185,blouses,P119,white,1,en face,77.08,1,3,0,0.0
2008,6,12,USA,4801,trousers,P046,pink,6,en face,14.48,1,4,0,0.0
2008,5,3,Sweden,4846,blouses,P102,blue,4,en face,38.48,1,5,0,0.0
2008,8,5,USA,2351,blouses,P221,burgundy,4,profile,153.13,2,2,0,0.0
2008,8,21,India,554,blouses,P011,beige,4,profile,181.55,2,5,0,0.0
2008,5,26,India,1398,sale,P265,brown,6,profile,152.12,2,1,1,446.09
2008,8,3,Italy,1385,trousers,P230,green,5,profile,18.82,1,1,1,19.31
2008,6,7,Germany,9183,sale,P079,pink,2,profile,92.03,1,2,0,0.0
2008,7,24,Italy,9818,sale,P048,brown,1,en face,142.11,2,5,0,0.0
2008,6,27,Italy,298,sale,P241,pink,2,profile,19.01,1,3,0,0.0
2008,6,3,Italy,444,blouses,P187,navy blue,5,en face,50.67,1,3,0,0.0
2008,5,5,UK,7339,blouses,P166,white,3,profile,119.88,2,3,0,0.0
2008,4,15,UK,2078,sale,P048,brown,5,profile,126.94,2,3,0,0.0
2008,4,16,UK,7816,trousers,P290,navy blue,5,en face,80.25,1,3,0,0.0
2008,6,16,USA,2230,skirts,P194,brown,4,profile,32.62,1,2,0,0.0
2008,6,27,Italy,2843,blouses,P176,brown,1,profile,95.16,1,5,0,0.0
2008,6,7,France,2538,trousers,P044,beige,2,profile,125.13,2,5,0,0.0
2008,4,27,France,8146,trousers,P074,olive,1,en face,31.29,1,3,0,0.0
2008,7,23,USA,9537,sale,P288,red,1,en face,91.21,1,3,0,0.0
2008,8,28,India,6444,blouses,P222,gray,6,profile,147.17,2,5,0,0.0
2008,7,23,Sweden,3368,skirts,P098,pink,1,en face,159.26,2,2,0,0.0
2008,4,22,Italy,4487,skirts,P105,red,2,en face,69.25,1,2,0,0.0
2008,4,16,India,2579,blouses,P133,navy blue,4,profile,54.46,1,3,0,0.0
2008,4,27,India,1132,sale,P112,pink,3,profile,85.34,1,1,0,0.0
2008,8,17,Germany,4819,sale,P072,gray,5,profile,195.03,2,5,0,0.0
2008,5,18,France,321,sale,P021,blue,4,profile,87.81,1,3,1,137.66
2008,8,25,UK,1372,blouses,P026,black,1,profile,38.28,1,1,0,0.0
2008,6,28,Australia,4043,skirts,P145,navy blue,2,profile,57.05,1,3,0,0.0
2008,5,18,Germany,9126,sale,P100,white,1,en face,14.16,1,1,0,0.0
2008,7,10,India,5146,skirts,P054,gray,2,en face,169.75,2,5,0,0.0
2008,6,8,France,908,skirts,P168,white,1,profile,60.66,1,2,0,0.0
2008,7,11,Sweden,9427,trousers,P288,olive,2,profile,183.66,2,5,0,0.0
2008,6,8,Australia,3951,skirts,P178,black,2,profile,21.99,1,5,0,0.0
2008,8,14,India,6146,sale,P048,pink,2,en face,129.62,2,2,1,349.15
2008,5,10,UK,8887,blouses,P266,blue,1,en face,90.1,1,4,0,0.0
2008,5,5,Germany,6696,sale,P198,violet,1,profile,53.48,1,4,0,0.0
2008,8,20,USA,4978,blouses,P206,navy blue,5,profile,99.41,1,5,1,221.46
2008,5,27,USA,6093,trousers,P286,pink,5,en face,109.13,2,5,0,0.0
2008,5,5,Italy,8409,blouses,P202,black,3,profile,144.77,2,1,0,0.0
2008,5,22,Italy,927,trousers,P074,red,5,profile,186.28,2,5,0,0.0
2008,5,20,Australia,6144,trousers,P020,red,5,en face,137.98,2,4,0,0.0
2008,5,19,France,16,skirts,P125,brown,2,profile,126.92,2,3,0,0.0
2008,7,12,India,144,trousers,P171,brown,2,profile,121.31,2,4,0,0.0
2008,7,27,France,2364,sale,P231,white,3,en face,72.75,1,2,0,0.0
2008,8,17,France,130,trousers,P185,white,5,en face,129.39,2,1,0,0.0
2008,4,11,Australia,1162,blouses,P142,violet,2,profile,172.91,2,3,0,0.0
2008,7,20,Italy,7552,skirts,P079,pink,6,profile,166.38,2,3,0,0.0
2008,4,24,Australia,6130,sale,P006,blue,3,en face,96.87,1,1,0,0.0
2008,5,1,USA,4666,trousers,P162,green,5,en face,193.66,2,2,1,294.98
2008,4,23,India,5661,blouses,P239,green,1,profile,154.01,2,3,0,0.0
2008,6,26,USA,6461,blouses,P003,blue,3,en face,25.92,1,2,0,0.0
2008,4,16,Germany,1877,blouses,P134,black,6,profile,11.61,1,2,0,0.0
2008,8,7,Italy,2489,blouses,P183,green,2,profile,113.7,2,3,0,0.0
2008,6,14,Australia,5328,sale,P116,burgundy,2,profile,39.15,1,2,1,60.88
2008,8,17,India,9362,sale,P207,green,4,en face,82.86,1,3,0,0.0
2008,8,16,Italy,1183,skirts,P016,pink,4,profile,181.93,2,2,0,0.0
2008,8,3,India,6136,skirts,P129,pink,5,profile,153.22,2,2,0,0.0
2008,5,14,India,6378,trousers,P055,olive,6,profile,163.49,2,3,1,407.28
2008,6,27,Germany,1171,sale,P270,violet,3,en face,31.62,1,1,0,0.0
2008,7,16,UK,2183,sale,P253,brown,4,profile,102.52,1,1,0,0.0
2008,5,11,USA,3372,skirts,P235,blue,1,en face,121.29,2,1,0,0.0
2008,5,13,France,8041,trousers,P017,red,3,profile,127.69,2,5,0,0.0
2008,4,20,Italy,1860,blouses,P140,white,1,profile,96.79,1,1,0,0.0
2008,7,15,Italy,4861,trousers,P091,navy blue,6,en face,42.34,1,3,0,0.0
2008,7,17,Australia,9256,skirts,P070,white,3,profile,155.88,2,4,0,0.0
2008,7,17,Germany,8346,trousers,P234,white,5,profile,73.73,1,3,0,0.0
2008,8,3,Australia,7348,sale,P221,navy blue,1,en face,52.75,1,1,0,0.0
2008,7,6,UK,4865,blouses,P036,navy blue,4,profile,74.55,1,4,0,0.0
2008,5,11,France,9887,sale,P067,pink,2,profile,78.06,1,1,0,0.0
2008,8,5,India,6389,blouses,P207,burgundy,1,profile,131.9,2,3,0,0.0
2008,6,5,India,3122,skirts,P060,violet,4,profile,136.8,2,5,0,0.0
2008,5,28,UK,388,skirts,P071,brown,2,en face,145.78,2,1,1,195.34
2008,7,2,France,7786,blouses,P267,black,1,profile,137.01,2,5,0,0.0
2008,4,21,Italy,1033,sale,P063,pink,2,en face,90.47,1,3,0,0.0
2008,4,8,Germany,7853,skirts,P106,pink,6,en face,62.08,1,3,0,0.0
2008,5,12,Italy,5419,blouses,P221,red,5,en face,132.5,2,1,0,0.0
2008,4,27,Sweden,932,blouses,P168,burgundy,6,profile,142.08,2,3,0,0.0
2008,4,10,India,4020,skirts,P162,olive,1,en face,25.34,1,4,0,0.0
2008,8,28,France,692,trousers,P236,blue,4,en face,169.19,2,5,0,0.0
2008,7,13,UK,5299,sale,P058,red,4,profile,102.87,1,2,0,0.0
2008,4,12,Germany,6659,sale,P207,olive,5,profile,127.78,2,1,0,0.0
2008,4,8,India,830,skirts,P027,gray,1,profile,71.72,1,5,1,109.85
2008,7,26,India,3499,sale,P135,navy blue,4,profile,173.35,2,5,0,0.0
2008,4,28,India,2082,blouses,P172,olive,6,profile,146.3,2,5,0,0.0
2008,4,17,Australia,9441,sale,P289,olive,3,en face,180.0,2,1,0,0.0
2008,5,21,France,45,trousers,P129,green,5,profile,111.14,2,1,0,0.0
2008,7,21,Australia,3940,blouses,P062,red,1,en face,113.92,2,1,0,0.0
2008,6,10,USA,5258,blouses,P052,white,2,en face,25.18,1,1,1,53.94
2008,8,24,Australia,8438,skirts,P136,violet,3,profile,55.17,1,5,0,0.0
2008,6,15,Italy,4320,sale,P145,red,2,en face,67.67,1,2,0,0.0
2008,6,15,Italy,2966,skirts,P106,burgundy,4,profile,152.98,2,3,0,0.0
2008,8,15,India,3970,blouses,P190,pink,1,profile,37.47,1,3,0,0.0
2008,6,12,UK,1188,blouses,P297,white,3,profile,138.71,2,1,0,0.0
2008,4,25,Australia,285,sale,P086,beige,4,profile,50.6,1,5,1,146.48
2008,6,14,Germany,8874,skirts,P015,beige,3,en face,153.52,2,2,0,0.0
2008,8,13,Australia,4160,trousers,P121,brown,4,profile,61.03,1,1,0,0.0
2008,8,13,Germany,3093,sale,P240,brown,3,en face,68.95,1,1,0,0.0
2008,4,12,Italy,4557,blouses,P238,beige,5,profile,151.15,2,2,0,0.0
2008,4,14,India,4585,sale,P295,pink,5,en face,132.65,2,3,0,0.0
2008,6,20,Sweden,4324,trousers,P273,olive,3,profile,44.71,1,2,0,0.0
2008,8,13,India,5505,sale,P052,green,5,profile,84.76,1,3,0,0.0
2008,7,15,Sweden,7075,skirts,P220,beige,6,profile,113.29,2,5,0,0.0
2008,4,2,Australia,3365,sale,P020,green,6,profile,40.16,1,4,0,0.0
2008,6,20,Italy,8026,sale,P288,olive,4,en face,35.33,1,1,0,0.0
2008,8,4,UK,3196,skirts,P095,olive,5,en face,79.45,1,3,1,131.34
2008,6,25,Italy,8811,sale,P030,red,5,profile,22.53,1,4,0,0.0
2008,8,9,Germany,970,blouses,P013,beige,6,profile,194.59,2,4,0,0.0
2008,6,28,Australia,3735,skirts,P078,navy blue,2,profile,85.01,1,5,0,0.0
2008,6,15,UK,926,blouses,P286,gray,6,en face,21.49,1,2,0,0.0
2008,5,2,UK,9497,skirts,P122,black,1,en face,130.79,2,2,0,0.0
2008,8,24,USA,6452,blouses,P173,navy blue,1,en face,17.1,1,3,1,17.47
2008,8,2,UK,8798,blouses,P133,burgundy,3,profile,85.25,1,3,0,0.0
2008,5,8,Germany,2852,trousers,P178,violet,3,en face,141.14,2,5,0,0.0
2008,8,16,USA,5181,trousers,P242,violet,4,en face,48.03,1,1,1,73.95
2008,5,12,Australia,6724,blouses,P167,olive,3,profile,20.16,1,2,0,0.0
2008,7,26,France,9323,blouses,P181,beige,4,profile,141.5,2,4,0,0.0
2008,8,4,India,7811,sale,P164,white,3,en face,94.56,1,1,0,0.0
2008,8,16,UK,4472,skirts,P064,gray,3,en face,178.33,2,4,0,0.0
2008,7,19,UK,5169,blouses,P106,gray,3,en face,27.23,1,1,0,0.0
2008,8,9,Germany,4349,blouses,P228,white,5,en face,191.89,2,4,0,0.0
2008,5,1,USA,7904,blouses,P264,white,6,en face,111.11,2,5,0,0.0
2008,6,8,USA,3627,skirts,P042,navy blue,4,en face,81.69,1,1,1,199.82
2008,7,21,Australia,1790,skirts,P016,gray,6,en face,155.99,2,4,1,326.99
2008,4,20,USA,8294,sale,P149,gray,3,en face,129.15,2,1,0,0.0
2008,8,8,Australia,2060,trousers,P130,burgundy,2,profile,89.76,1,1,0,0.0
2008,8,24,Sweden,4014,trousers,P242,blue,5,profile,122.84,2,4,0,0.0
2008,5,23,UK,1903,blouses,P074,black,3,profile,94.12,1,5,0,0.0
2008,6,12,Germany,5574,skirts,P100,beige,1,en face,70.86,1,4,0,0.0
2008,4,13,Australia,6926,skirts,P222,olive,3,profile,17.44,1,1,0,0.0
2008,5,24,Sweden,76,trousers,P149,olive,2,en face,174.49,2,4,0,0.0
2008,4,22,UK,2346,skirts,P065,blue,3,en face,79.25,1,3,0,0.0
2008,7,2,Germany,5485,trousers,P233,red,5,en face,109.17,2,1,0,0.0
2008,5,26,USA,431,sale,P035,blue,5,profile,70.04,1,2,0,0.0
2008,4,1,USA,4587,sale,P220,gray,1,profile,20.39,1,5,0,0.0
2008,6,22,Sweden,8100,blouses,P280,green,6,en face,94.51,1,1,0,0.0
2008,5,6,Italy,8458,skirts,P284,white,1,profile,61.03,1,3,1,86.75
2008,6,22,Australia,8157,trousers,P202,blue,4,en face,188.99,2,5,0,0.0
2008,6,5,Germany,7894,sale,P069,white,6,profile,129.58,2,1,0,0.0
2008,6,14,Germany,1554,trousers,P084,red,4,profile,181.57,2,3,0,0.0
2008,6,4,Australia,241,trousers,P287,olive,4,en face,182.7,2,5,0,0.0
2008,6,5,Sweden,784,skirts,P136,white,3,en face,160.99,2,1,0,0.0
2008,8,12,India,3067,blouses,P080,blue,6,en face,188.71,2,4,1,519.07
2008,5,15,Germany,978,sale,P168,beige,3,profile,120.87,2,4,0,0.0
2008,4,24,USA,2942,trousers,P130,green,1,profile,92.48,1,3,0,0.0
2008,8,25,India,5378,sale,P258,beige,4,en face,31.16,1,2,0,0.0
2008,4,18,Australia,4731,trousers,P154,blue,6,profile,39.46,1,3,0,0.0
2008,7,9,USA,1621,blouses,P092,black,3,profile,115.89,2,2,0,0.0
2008,5,6,Australia,2147,blouses,P184,red,2,en face,197.06,2,1,0,0.0
2008,7,25,USA,1802,sale,P038,gray,2,en face,182.1,2,1,0,0.0
2008,6,17,Australia,2096,trousers,P252,blue,4,en face,172.41,2,2,0,0.0
2008,4,1,India,6075,trousers,P148,green,6,en face,10.76,1,3,0,0.0
2008,6,20,Italy,5246,trousers,P018,violet,4,profile,75.26,1,5,0,0.0
2008,5,28,Italy,1358,blouses,P074,green,6,en face,176.91,2,1,0,0.0
2008,5,21,Australia,8064,blouses,P145,green,1,profile,162.82,2,1,0,0.0
2008,8,7,UK,6051,sale,P153,gray,2,en face,44.74,1,4,0,0.0
2008,8,27,UK,8369,sale,P042,black,2,profile,25.39,1,4,0,0.0
2008,7,2,Germany,6018,sale,P097,white,4,en face,156.09,2,3,0,0.0
2008,8,10,Sweden,9932,skirts,P262,olive,4,profile,174.34,2,5,0,0.0
2008,8,5,UK,8770,trousers,P078,pink,3,en face,166.08,2,2,0,0.0
2008,7,4,Sweden,7504,sale,P127,pink,1,en face,187.45,2,4,0,0.0
2008,6,25,France,1610,trousers,P013,beige,3,en face,87.5,1,1,0,0.0
2008,6,5,France,3097,blouses,P216,pink,3,profile,85.26,1,3,0,0.0
2008,4,5,Australia,9772,skirts,P292,brown,1,profile,132.29,2,5,0,0.0
2008,8,1,Sweden,2416,skirts,P216,violet,2,profile,142.22,2,4,0,0.0
2008,6,1,USA,2018,skirts,P192,violet,1,profile,42.13,1,2,0,0.0
2008,6,2,India,6019,skirts,P277,pink,5,en face,193.97,2,4,0,0.0
2008,5,7,Germany,4126,skirts,P088,red,1,profile,178.62,2,2,0,0.0
2008,7,17,France,9803,skirts,P275,beige,5,en face,190.97,2,1,0,0.0
2008,5,4,France,3247,sale,P285,olive,2,en face,199.75,2,1,0,0.0
2008,4,6,UK,125,blouses,P215,pink,5,en face,12.73,1,1,0,0.0
2008,5,7,Germany,6426,blouses,P285,green,1,profile,108.98,2,3,0,0.0
2008,8,28,France,5309,sale,P014,white,3,en face,84.41,1,4,0,0.0
2008,8,26,Germany,7464,blouses,P243,beige,2,profile,97.93,1,5,0,0.0
2008,6,15,France,9158,skirts,P064,red,3,profile,174.42,2,3,0,0.0
2008,6,1,Sweden,3342,skirts,P095,violet,2,profile,33.44,1,1,0,0.0
2008,8,28,India,599,blouses,P242,burgundy,6,profile,61.18,1,5,0,0.0
2008,5,9,India,2124,skirts,P233,beige,1,profile,77.94,1,5,0,0.0
2008,4,10,UK,9499,trousers,P069,violet,3,profile,75.8,1,4,0,0.0
2008,5,19,Sweden,7686,trousers,P019,black,2,en face,59.07,1,4,0,0.0
2008,4,9,India,7050,sale,P142,burgundy,3,profile,158.0,2,3,0,0.0
2008,6,14,UK,9662,trousers,P092,olive,2,profile,31.14,1,5,1,90.73
2008,8,24,India,2198,skirts,P090,pink,3,profile,88.5,1,4,0,0.0
2008,5,11,Italy,4052,skirts,P078,blue,4,profile,38.97,1,5,0,0.0
2008,7,9,Italy,6055,trousers,P178,blue,3,en face,37.14,1,3,0,0.0
2008,5,6,Germany,3363,blouses,P088,olive,3,en face,98.71,1,3,0,0.0
2008,7,2,India,6852,blouses,P259,black,3,en face,138.06,2,4,0,0.0
2008,4,13,USA,726,sale,P249,green,6,profile,55.05,1,5,0,0.0
2008,7,10,USA,4935,blouses,P230,black,1,profile,81.54,1,4,0,0.0
2008,6,21,India,979,skirts,P205,violet,2,en face,155.07,2,1,0,0.0
2008,4,28,Italy,809,blouses,P221,pink,1,profile,165.08,2,1,0,0.0
2008,8,8,Germany,9604,blouses,P186,pink,5,en face,118.61,2,4,0,0.0
2008,7,28,France,1476,skirts,P073,violet,6,profile,25.88,1,2,0,0.0
2008,4,18,UK,5936,sale,P061,navy blue,4,profile,190.47,2,1,1,247.16
2008,8,8,USA,9037,sale,P026,pink,2,en face,197.03,2,1,0,0.0
2008,6,2,Italy,7336,skirts,P067,black,2,profile,193.57,2,1,0,0.0
2008,7,15,USA,3963,trousers,P045,green,5,en face,76.8,1,1,0,0.0
2008,6,3,Germany,6423,trousers,P030,burgundy,5,profile,101.56,1,4,0,0.0
2008,6,25,UK,4906,sale,P156,green,4,en face,193.42,2,3,0,0.0
2008,8,23,India,1236,sale,P256,blue,6,profile,54.39,1,4,0,0.0
2008,7,19,UK,1226,sale,P107,olive,5,profile,31.31,1,5,0,0.0
2008,5,20,UK,8050,sale,P230,blue,3,profile,92.87,1,1,0,0.0
2008,7,15,Australia,9279,blouses,P067,burgundy,2,en face,150.47,2,1,0,0.0
2008,6,8,France,8672,skirts,P162,red,4,en face,70.79,1,2,0,0.0
2008,6,2,France,5230,skirts,P202,green,5,profile,115.36,2,2,0,0.0
2008,8,5,India,6951,skirts,P208,black,1,profile,184.66,2,3,0,0.0
2008,4,13,UK,3218,blouses,P247,blue,2,profile,126.59,2,1,0,0.0
2008,8,2,Sweden,288,sale,P191,pink,5,en face,23.68,1,4,0,0.0
2008,8,2,France,5024,trousers,P210,gray,5,profile,194.18,2,2,0,0.0
2008,6,21,Italy,2967,sale,P282,blue,3,profile,170.02,2,1,0,0.0
2008,6,9,Australia,3165,sale,P238,pink,6,profile,108.49,2,2,0,0.0
2008,6,10,Italy,6004,blouses,P126,green,5,profile,158.55,2,1,0,0.0
2008,4,21,France,8888,sale,P216,green,2,en face,154.37,2,3,0,0.0
2008,6,17,UK,1658,skirts,P008,red,5,profile,152.34,2,5,0,0.0
2008,6,2,France,1976,blouses,P054,brown,1,profile,135.07,2,4,1,215.12
2008,4,21,Italy,2398,blouses,P191,black,2,en face,58.3,1,1,0,0.0
2008,8,15,USA,453,trousers,P153,burgundy,4,profile,44.68,1,1,0,0.0
2008,6,5,Germany,8031,trousers,P232,brown,4,profile,29.0,1,3,0,0.0
2008,4,7,India,4697,blouses,P040,gray,6,profile,164.52,2,5,0,0.0
2008,4,4,Germany,3682,skirts,P238,green,6,en face,94.33,1,2,0,0.0
2008,5,24,Australia,423,sale,P068,beige,6,en face,31.43,1,2,0,0.0
2008,8,22,UK,9726,sale,P079,black,4,profile,157.08,2,5,0,0.0
2008,5,7,France,658,sale,P282,beige,3,en face,195.54,2,1,0,0.0
2008,4,16,Australia,3302,sale,P264,black,3,profile,152.27,2,5,0,0.0
2008,6,17,USA,6395,trousers,P210,blue,3,en face,74.52,1,1,0,0.0
2008,4,22,Australia,2846,blouses,P139,olive,5,en face,120.19,2,1,0,0.0
2008,6,15,France,8292,blouses,P121,olive,6,profile,39.83,1,4,1,66.37
2008,4,4,Italy,7498,trousers,P074,black,3,profile,180.48,2,4,0,0.0
2008,7,8,Germany,1002,trousers,P258,pink,3,profile,182.98,2,4,0,0.0
2008,6,25,Australia,4199,sale,P267,violet,1,profile,153.24,2,1,0,0.0
2008,8,22,France,2419,blouses,P243,gray,4,en face,147.65,2,1,0,0.0
2008,6,1,Italy,7483,blouses,P119,beige,3,en face,84.59,1,5,0,0.0
2008,4,24,Australia,5707,trousers,P027,violet,5,en face,71.18,1,5,0,0.0
2008,4,18,India,3848,blouses,P044,olive,6,en face,71.73,1,5,0,0.0
2008,5,21,France,962,blouses,P201,violet,4,en face,131.58,2,5,0,0.0
2008,7,12,Australia,1581,trousers,P190,violet,5,en face,105.91,1,3,0,0.0
2008,6,22,Germany,5008,skirts,P266,violet,6,profile,197.47,2,5,0,0.0
2008,5,12,Sweden,2207,sale,P138,burgundy,2,en face,54.69,1,5,0,0.0
2008,8,6,Italy,6313,sale,P252,blue,4,en face,114.45,2,4,1,252.8
2008,8,21,UK,9563,sale,P251,white,1,en face,86.15,1,3,0,0.0
2008,6,24,Sweden,4232,blouses,P113,gray,5,profile,64.44,1,1,0,0.0
2008,5,6,USA,758,trousers,P254,gray,6,profile,65.13,1,2,0,0.0
2008,8,7,USA,2285,trousers,P204,burgundy,6,profile,185.36,2,2,0,0.0
2008,4,1,India,6664,sale,P055,burgundy,6,en face,162.98,2,3,0,0.0
2008,4,28,Sweden,4756,sale,P017,gray,1,en face,194.31,2,1,0,0.0
2008,4,13,Sweden,8212,blouses,P120,brown,1,profile,59.91,1,1,0,0.0
2008,6,24,USA,808,skirts,P216,black,6,en face,109.49,2,1,0,0.0
2008,4,15,Sweden,6576,sale,P273,pink,5,profile,155.53,2,1,1,308.23
2008,5,28,USA,7720,skirts,P215,pink,6,profile,107.01,2,3,0,0.0
2008,7,21,Italy,1957,skirts,P049,red,4,profile,132.61,2,5,0,0.0
2008,7,21,USA,2446,blouses,P111,violet,6,en face,93.61,1,3,0,0.0
2008,5,1,India,5876,blouses,P276,olive,6,en face,61.58,1,2,0,0.0
2008,8,28,Germany,8164,skirts,P075,burgundy,5,en face,143.36,2,2,0,0.0
2008,8,10,France,6139,trousers,P274,burgundy,2,en face,120.54,2,2,1,227.53
2008,5,11,France,2403,trousers,P126,green,2,profile,91.16,1,1,0,0.0
2008,6,23,France,1074,skirts,P048,brown,1,en face,59.41,1,1,0,0.0
2008,7,26,Australia,6558,skirts,P110,navy blue,5,profile,69.04,1,2,0,0.0
2008,5,10,USA,4241,skirts,P109,white,5,en face,15.26,1,2,0,0.0
2008,5,20,USA,8510,trousers,P116,brown,1,en face,83.78,1,4,0,0.0
2008,5,17,Germany,2092,blouses,P011,burgundy,1,profile,137.71,2,3,0,0.0
2008,8,21,France,4528,sale,P298,black,5,profile,100.85,1,3,1,143.45
2008,4,11,Germany,7203,blouses,P233,navy blue,3,profile,91.16,1,3,0,0.0
2008,7,14,France,6796,skirts,P179,navy blue,6,profile,112.07,2,2,0,0.0
2008,4,3,Australia,7238,trousers,P225,violet,2,profile,190.06,2,2,0,0.0
2008,4,23,Sweden,7423,blouses,P169,beige,6,profile,46.21,1,2,0,0.0
2008,4,1,UK,6850,trousers,P199,violet,6,en face,109.49,2,2,0,0.0
2008,6,26,Italy,6837,sale,P298,white,3,en face,165.17,2,5,0,0.0
2008,7,4,USA,1004,blouses,P121,green,3,en face,186.64,2,3,0,0.0
2008,6,27,UK,9100,sale,P104,gray,1,profile,99.08,1,1,0,0.0
2008,5,19,UK,6563,blouses,P020,white,5,en face,155.46,2,1,0,0.0
2008,8,2,Sweden,5615,skirts,P228,blue,6,profile,180.54,2,2,0,0.0
2008,7,13,France,4652,skirts,P280,pink,1,profile,145.41,2,3,1,186.44
2008,4,22,Sweden,5314,skirts,P066,brown,6,en face,193.78,2,3,0,0.0
2008,4,1,Germany,1486,blouses,P048,olive,1,en face,196.98,2,2,0,0.0
2008,4,26,Sweden,7608,skirts,P135,red,4,profile,57.97,1,1,1,64.5
2008,6,27,Sweden,1412,sale,P192,beige,5,en face,22.73,1,1,0,0.0
2008,7,18,UK,9304,sale,P043,pink,5,profile,50.01,1,4,0,0.0
2008,4,3,Germany,710,blouses,P139,beige,4,en face,181.13,2,4,0,0.0
2008,4,15,Germany,9807,skirts,P232,violet,4,en face,136.31,2,3,0,0.0
2008,7,20,Italy,8043,blouses,P088,burgundy,6,en face,123.25,2,3,0,0.0
2008,6,18,Australia,7212,trousers,P092,brown,5,profile,41.51,1,5,1,95.61
2008,7,6,Italy,3077,blouses,P174,black,2,profile,107.47,2,4,0,0.0
2008,5,28,Australia,8315,blouses,P062,black,6,en face,140.86,2,5,1,395.35
2008,7,8,UK,4102,blouses,P283,violet,2,en face,46.44,1,5,0,0.0
2008,7,17,Sweden,5115,blouses,P247,green,4,profile,45.32,1,5,0,0.0
2008,8,16,USA,2723,skirts,P161,brown,3,profile,30.27,1,2,0,0.0
2008,7,6,Italy,9360,sale,P251,white,4,profile,46.12,1,3,0,0.0
2008,4,1,USA,1269,blouses,P241,pink,5,en face,28.75,1,5,0,0.0
2008,6,15,India,2463,trousers,P145,brown,6,profile,195.98,2,4,0,0.0
2008,7,28,France,5465,trousers,P155,black,2,profile,32.99,1,1,1,68.79
2008,8,16,USA,269,trousers,P189,white,4,en face,130.49,2,5,0,0.0
2008,8,25,India,3581,blouses,P263,green,6,en face,86.89,1,2,1,166.59
2008,4,15,USA,5350,trousers,P255,navy blue,5,en face,59.43,1,5,0,0.0
2008,4,25,Italy,7291,skirts,P056,blue,5,en face,99.12,1,4,0,0.0
2008,8,19,USA,5158,skirts,P188,olive,2,en face,116.78,2,1,0,0.0
2008,8,21,Germany,6602,skirts,P153,olive,6,profile,107.89,2,4,0,0.0
2008,4,22,UK,2822,skirts,P193,black,1,profile,51.57,1,4,0,0.0
2008,5,8,USA,5808,trousers,P295,violet,2,profile,178.88,2,3,0,0.0
2008,4,10,Germany,590,blouses,P249,brown,1,en face,167.22,2,4,0,0.0
2008,5,27,Germany,5956,sale,P136,burgundy,1,profile,30.81,1,3,0,0.0
2008,7,6,India,5255,trousers,P294,black,3,profile,59.58,1,2,0,0.0
2008,8,21,Sweden,6662,blouses,P229,white,5,en face,137.73,2,1,1,255.97
2008,7,23,UK,7657,skirts,P200,olive,6,profile,152.98,2,1,0,0.0
2008,7,6,Sweden,8726,skirts,P027,olive,3,profile,12.05,1,1,0,0.0
2008,5,4,UK,6897,sale,P150,burgundy,4,profile,164.65,2,2,0,0.0
2008,5,25,Australia,7595,trousers,P175,gray,3,en face,196.14,2,4,0,0.0
2008,6,17,USA,2029,skirts,P297,brown,6,en face,126.32,2,4,0,0.0
2008,6,10,UK,6819,skirts,P246,violet,1,en face,188.67,2,1,0,0.0
2008,6,25,USA,678,trousers,P241,violet,6,en face,76.64,1,4,0,0.0
2008,5,27,UK,5764,blouses,P124,brown,5,profile,52.32,1,2,0,0.0
2008,4,2,Italy,1233,sale,P019,beige,1,profile,161.26,2,4,1,373.86
2008,6,2,Sweden,5297,sale,P157,green,6,en face,100.84,1,2,0,0.0
2008,5,20,Sweden,7104,blouses,P095,olive,2,profile,51.01,1,5,0,0.0
2008,7,26,India,5035,skirts,P236,green,2,profile,167.6,2,3,0,0.0
2008,5,26,India,5453,trousers,P163,burgundy,4,profile,24.01,1,2,1,63.73
2008,7,28,Australia,2433,skirts,P076,olive,4,en face,84.79,1,4,0,0.0
2008,5,9,UK,6320,sale,P133,pink,1,profile,71.26,1,4,0,0.0
2008,8,5,Sweden,6120,trousers,P125,beige,2,en face,176.35,2,5,1,494.75
2008,8,14,India,9159,trousers,P036,brown,4,profile,164.42,2,4,0,0.0
2008,5,24,Sweden,9954,trousers,P249,burgundy,1,en face,132.23,2,5,0,0.0
2008,4,12,UK,897,blouses,P053,beige,6,profile,192.56,2,5,1,198.62
2008,4,4,France,1612,blouses,P084,black,2,en face,34.12,1,3,1,65.75
2008,7,10,UK,6475,trousers,P130,olive,1,profile,130.52,2,4,1,328.04
2008,4,18,UK,7662,sale,P149,gray,4,profile,92.38,1,3,0,0.0
2008,7,20,France,7461,skirts,P032,burgundy,3,profile,178.15,2,4,0,0.0
2008,4,7,Australia,3807,blouses,P007,blue,5,profile,16.05,1,4,0,0.0
2008,8,27,Germany,8274,blouses,P002,green,1,profile,40.56,1,1,0,0.0
2008,4,17,Germany,9452,trousers,P180,blue,1,profile,81.48,1,1,0,0.0
2008,6,20,Sweden,4702,sale,P046,brown,3,profile,98.44,1,4,0,0.0
2008,8,7,UK,3962,skirts,P024,pink,5,en face,100.65,1,1,0,0.0
2008,8,26,UK,5418,trousers,P167,red,3,profile,90.91,1,3,0,0.0
2008,5,9,Germany,891,skirts,P129,gray,5,en face,88.71,1,2,0,0.0
2008,8,5,Sweden,5000,blouses,P228,gray,1,profile,150.76,2,1,1,444.13
2008,4,6,Australia,7507,skirts,P152,red,4,en face,117.89,2,5,0,0.0
2008,4,12,France,7882,sale,P099,beige,2,en face,141.04,2,5,1,331.3
2008,7,22,India,5096,sale,P042,black,1,en face,129.03,2,1,0,0.0
2008,5,12,UK,6933,sale,P264,navy blue,6,en face,128.77,2,5,0,0.0
2008,7,7,Italy,9618,skirts,P048,white,6,en face,70.22,1,3,0,0.0
2008,7,12,Sweden,2800,sale,P049,green,5,en face,110.82,2,5,0,0.0
2008,6,19,France,585,skirts,P136,violet,2,profile,126.92,2,3,0,0.0
2008,5,10,France,3269,blouses,P136,violet,4,profile,72.96,1,5,0,0.0
2008,5,18,UK,3933,blouses,P234,olive,2,profile,182.08,2,5,0,0.0
2008,8,23,Sweden,1261,skirts,P215,red,1,profile,169.74,2,5,0,0.0
2008,5,20,India,6206,sale,P013,brown,5,profile,193.64,2,2,1,215.18
2008,4,5,USA,311,skirts,P173,violet,1,en face,105.18,1,4,0,0.0
2008,7,23,France,7790,trousers,P198,navy blue,1,en face,25.13,1,4,0,0.0
2008,4,28,UK,6459,sale,P011,black,4,en face,32.1,1,4,0,0.0
2008,4,26,Italy,6207,sale,P026,burgundy,5,profile,23.23,1,2,0,0.0
2008,8,18,Germany,5883,trousers,P153,red,3,en face,45.04,1,2,0,0.0
2008,5,15,Germany,4669,trousers,P032,pink,2,profile,141.31,2,1,0,0.0
2008,5,8,USA,4299,sale,P262,blue,4,en face,18.35,1,3,0,0.0
2008,8,1,USA,3784,skirts,P082,beige,5,profile,83.36,1,1,0,0.0
2008,7,14,Germany,1009,sale,P289,navy blue,4,en face,115.85,2,4,0,0.0
2008,4,23,France,8355,trousers,P286,pink,2,en face,11.03,1,5,0,0.0
2008,4,3,UK,2186,trousers,P296,pink,6,en face,116.48,2,5,0,0.0
2008,7,27,USA,3624,sale,P243,black,6,profile,44.26,1,1,0,0.0
2008,4,18,Australia,7040,skirts,P148,navy blue,6,en face,135.37,2,4,1,184.58
2008,7,19,Italy,4923,blouses,P234,burgundy,2,en face,60.65,1,2,0,0.0
2008,6,4,UK,9674,trousers,P123,gray,5,profile,156.25,2,4,0,0.0
2008,4,23,USA,7951,sale,P009,blue,5,profile,53.36,1,5,0,0.0
2008,4,7,France,6126,trousers,P281,white,5,en face,157.85,2,2,0,0.0
2008,6,5,USA,4757,sale,P012,violet,5,en face,114.85,2,3,0,0.0
2008,4,21,Germany,5075,blouses,P065,brown,2,profile,142.81,2,2,0,0.0
2008,6,6,Sweden,91,trousers,P131,red,5,en face,47.02,1,5,0,0.0
2008,6,27,Italy,5975,blouses,P174,olive,4,profile,97.38,1,5,0,0.0
2008,5,28,Italy,6419,trousers,P286,red,5,profile,149.98,2,1,0,0.0
2008,4,28,Sweden,8641,skirts,P298,green,2,en face,146.85,2,4,0,0.0
2008,7,15,Australia,8691,skirts,P036,burgundy,2,en face,106.34,2,2,0,0.0
2008,5,16,France,2118,sale,P248,black,6,en face,48.98,1,3,0,0.0
2008,8,8,India,2938,blouses,P140,olive,3,profile,100.37,1,5,0,0.0
2008,6,8,France,6843,skirts,P039,black,2,en face,63.3,1,1,0,0.0
2008,5,5,Sweden,984,blouses,P264,black,6,en face,92.52,1,3,1,132.22
2008,5,11,USA,7261,skirts,P121,pink,4,en face,20.82,1,1,0,0.0
2008,4,13,France,9986,trousers,P281,olive,5,profile,173.33,2,2,0,0.0
2008,6,2,Sweden,2926,sale,P118,beige,3,en face,104.72,1,1,0,0.0
2008,4,5,UK,6062,sale,P065,pink,6,en face,38.22,1,5,0,0.0
2008,8,25,Germany,3215,skirts,P271,pink,1,en face,108.61,2,2,0,0.0
2008,5,8,UK,6448,sale,P232,gray,2,profile,73.43,1,2,0,0.0
2008,7,4,Australia,6780,blouses,P260,gray,3,profile,24.72,1,3,0,0.0
2008,6,17,USA,7039,blouses,P113,burgundy,6,profile,174.88,2,4,0,0.0
2008,8,14,India,5664,skirts,P220,black,2,profile,153.04,2,5,1,257.31
2008,5,5,USA,628,skirts,P235,violet,2,profile,85.68,1,2,0,0.0
2008,8,23,UK,8009,skirts,P285,black,2,profile,16.88,1,4,0,0.0
2008,8,24,France,5126,sale,P138,gray,1,en face,65.49,1,2,1,113.51
2008,8,26,Sweden,4766,skirts,P157,burgundy,2,en face,104.14,1,5,0,0.0
2008,4,22,India,8144,sale,P092,olive,6,en face,117.77,2,4,0,0.0
2008,6,13,USA,9595,skirts,P268,gray,3,profile,105.53,1,3,0,0.0
2008,8,12,India,1270,trousers,P192,violet,2,en face,54.36,1,2,0,0.0
2008,8,7,Sweden,129,trousers,P082,blue,6,profile,33.66,1,3,0,0.0
2008,6,1,India,6113,blouses,P153,beige,2,profile,90.72,1,1,0,0.0
2008,7,26,Italy,1712,trousers,P180,pink,4,profile,24.28,1,1,0,0.0
2008,4,13,India,7863,blouses,P152,violet,3,profile,156.85,2,5,0,0.0
2008,8,8,France,4236,sale,P224,red,4,en face,176.66,2,2,0,0.0
2008,4,15,Germany,5193,trousers,P293,gray,2,profile,188.53,2,1,0,0.0
2008,8,6,Australia,2399,skirts,P266,brown,1,profile,95.12,1,3,0,0.0
2008,5,9,France,5435,sale,P133,beige,3,en face,151.89,2,3,0,0.0
2008,4,4,USA,6058,trousers,P133,beige,6,profile,36.03,1,2,0,0.0
2008,7,27,France,9319,blouses,P083,white,2,en face,127.82,2,5,0,0.0
2008,4,26,Italy,1187,blouses,P288,brown,1,en face,15.07,1,1,0,0.0
2008,4,12,Sweden,6014,sale,P276,pink,3,en face,14.94,1,3,0,0.0
2008,6,16,Germany,9794,skirts,P204,blue,1,en face,96.69,1,2,0,0.0
2008,6,20,Australia,6015,trousers,P007,pink,5,profile,37.41,1,5,1,110.94
2008,7,6,Italy,1978,sale,P199,brown,4,en face,176.91,2,3,0,0.0
2008,8,3,Italy,9888,blouses,P002,violet,2,profile,35.98,1,1,0,0.0
2008,5,28,India,4248,trousers,P020,pink,2,profile,106.3,1,1,0,0.0
2008,8,19,Germany,7673,sale,P204,pink,3,profile,107.87,2,3,0,0.0
2008,8,4,India,916,sale,P049,pink,1,profile,146.02,2,2,0,0.0
2008,5,2,Sweden,1306,blouses,P125,green,4,en face,41.05,1,2,0,0.0
2008,5,1,Australia,5456,blouses,P137,green,4,profile,136.26,2,5,0,0.0
2008,8,19,Sweden,3050,skirts,P256,violet,2,en face,175.89,2,5,0,0.0
2008,7,19,Italy,9522,skirts,P073,olive,4,profile,176.36,2,3,0,0.0
2008,7,10,USA,1274,trousers,P021,violet,1,en face,10.77,1,3,0,0.0
2008,5,5,France,8056,skirts,P068,white,3,profile,41.73,1,1,0,0.0
2008,4,20,India,2797,trousers,P136,white,3,profile,88.15,1,3,0,0.0
2008,4,11,Germany,1399,blouses,P012,white,6,en face,130.61,2,4,0,0.0
2008,5,26,Australia,3359,skirts,P118,violet,3,profile,90.8,1,1,0,0.0
2008,5,11,Germany,184,sale,P109,violet,6,profile,84.07,1,1,0,0.0
2008,6,5,Italy,6868,skirts,P215,brown,4,en face,198.66,2,1,0,0.0
2008,6,5,UK,5696,trousers,P125,gray,3,en face,161.2,2,2,0,0.0
2008,5,16,India,8836,blouses,P298,beige,5,profile,117.61,2,2,0,0.0
2008,4,7,Sweden,9627,skirts,P164,violet,4,profile,161.17,2,5,1,165.77
2008,7,11,UK,6171,skirts,P261,brown,6,en face,40.6,1,5,0,0.0
2008,4,22,France,6988,skirts,P022,brown,3,profile,39.23,1,2,0,0.0
2008,7,23,Australia,4568,skirts,P030,gray,4,en face,65.37,1,1,0,0.0
2008,4,17,Germany,8956,skirts,P186,gray,5,en face,166.71,2,4,0,0.0
2008,5,3,India,2657,trousers,P092,red,6,profile,44.46,1,4,0,0.0
2008,5,18,India,8310,trousers,P060,white,5,profile,118.01,2,4,0,0.0
2008,6,4,France,6858,blouses,P238,navy blue,3,profile,40.95,1,3,0,0.0
2008,6,22,Germany,1962,skirts,P259,brown,5,en face,58.82,1,4,0,0.0
2008,6,13,India,6384,sale,P088,violet,4,profile,163.1,2,5,0,0.0
2008,6,15,France,8854,sale,P189,white,2,profile,194.84,2,3,0,0.0
2008,8,12,Sweden,9974,blouses,P298,beige,6,en face,129.18,2,2,1,130.23
2008,6,15,France,1252,blouses,P221,brown,6,profile,156.34,2,1,0,0.0
2008,4,8,Italy,3177,trousers,P083,gray,5,en face,95.19,1,5,0,0.0
2008,6,17,Italy,7761,blouses,P053,beige,3,en face,149.18,2,5,1,206.03
2008,8,22,USA,5014,skirts,P170,green,1,profile,167.06,2,1,0,0.0
2008,8,12,UK,9706,blouses,P279,white,3,profile,153.22,2,5,0,0.0
2008,7,20,India,6540,sale,P215,blue,5,en face,125.99,2,1,0,0.0
2008,5,5,Italy,3290,blouses,P168,beige,3,en face,102.75,1,2,0,0.0
2008,7,10,USA,6449,trousers,P030,beige,6,en face,149.59,2,1,0,0.0
2008,4,28,Germany,8727,sale,P129,burgundy,3,profile,103.58,1,1,0,0.0
2008,8,18,Sweden,7612,blouses,P116,black,4,en face,35.23,1,1,0,0.0
2008,5,16,Australia,6276,blouses,P287,pink,5,en face,102.98,1,1,0,0.0
2008,4,4,Australia,6888,skirts,P029,brown,3,profile,98.64,1,4,0,0.0
2008,8,2,UK,1052,trousers,P221,red,4,en face,136.01,2,4,0,0.0
2008,4,12,USA,4070,trousers,P174,white,3,en face,114.78,2,1,0,0.0
2008,4,18,Sweden,6023,sale,P205,brown,6,profile,150.26,2,1,0,0.0
2008,4,16,Australia,5553,skirts,P024,burgundy,3,en face,114.89,2,2,0,0.0
2008,4,18,Australia,273,skirts,P104,black,1,en face,152.79,2,1,0,0.0
2008,8,23,Italy,2043,trousers,P161,white,3,profile,78.1,1,1,0,0.0
2008,6,24,France,4764,blouses,P281,olive,1,profile,81.12,1,5,0,0.0
2008,6,9,France,8998,trousers,P279,gray,2,en face,87.04,1,4,0,0.0
2008,6,23,Sweden,5205,trousers,P020,gray,1,en face,19.68,1,2,0,0.0
2008,4,10,France,9510,blouses,P249,pink,6,en face,27.43,1,3,0,0.0
2008,5,4,UK,1087,skirts,P094,gray,2,en face,19.41,1,5,0,0.0
2008,5,1,India,8374,blouses,P119,black,5,en face,102.16,1,1,0,0.0
2008,7,27,France,7733,trousers,P112,black,6,profile,179.43,2,5,0,0.0
2008,8,14,UK,7516,sale,P054,green,6,en face,85.8,1,5,0,0.0
2008,7,11,USA,6679,trousers,P028,blue,1,en face,70.33,1,2,0,0.0
2008,4,7,Australia,4323,blouses,P093,black,3,en face,66.95,1,4,0,0.0
2008,7,18,India,6947,sale,P290,red,2,profile,105.12,1,5,0,0.0
2008,8,21,Italy,7748,blouses,P153,blue,6,profile,190.3,2,2,0,0.0
2008,5,2,India,6773,skirts,P253,burgundy,5,profile,52.66,1,2,0,0.0
2008,4,7,Australia,5519,sale,P056,olive,5,profile,162.58,2,1,0,0.0
2008,5,15,Italy,5118,blouses,P299,olive,3,profile,71.35,1,2,0,0.0
2008,4,10,Germany,6180,trousers,P125,navy blue,4,profile,113.6,2,2,0,0.0
2008,4,12,India,4710,trousers,P154,white,4,profile,176.98,2,5,0,0.0
2008,6,16,USA,8122,sale,P250,gray,1,profile,156.93,2,1,0,0.0
2008,5,8,UK,5970,trousers,P089,beige,3,profile,179.07,2,4,0,0.0
2008,7,4,Italy,6785,sale,P075,brown,2,en face,160.49,2,3,0,0.0
2008,8,14,India,3479,skirts,P112,burgundy,4,profile,85.8,1,3,0,0.0
2008,6,12,France,8415,blouses,P257,blue,2,profile,99.0,1,5,1,213.75
2008,4,25,France,3925,skirts,P158,white,2,en face,33.62,1,5,0,0.0
2008,8,17,USA,1749,blouses,P065,black,4,en face,172.17,2,1,0,0.0
2008,7,6,Germany,733,blouses,P206,brown,6,profile,50.89,1,1,0,0.0
2008,5,25,Italy,2554,skirts,P016,black,5,profile,196.83,2,4,0,0.0
2008,7,5,Sweden,5459,skirts,P271,black,5,profile,63.77,1,2,0,0.0
2008,8,9,France,5874,skirts,P007,burgundy,4,en face,31.66,1,4,0,0.0
2008,6,16,Australia,2663,blouses,P047,green,5,profile,25.4,1,5,0,0.0
2008,8,3,France,9399,blouses,P021,black,4,profile,66.06,1,5,0,0.0
2008,6,12,USA,6456,trousers,P080,brown,4,profile,50.47,1,4,0,0.0
2008,6,12,USA,3114,sale,P237,violet,6,profile,195.08,2,5,0,0.0
2008,6,15,USA,3304,blouses,P233,green,2,profile,94.82,1,2,0,0.0
2008,5,20,Sweden,1345,blouses,P261,olive,6,profile,82.78,1,4,0,0.0
2008,4,8,Sweden,1691,sale,P286,gray,6,en face,109.7,2,2,0,0.0
2008,8,14,Australia,7181,trousers,P042,violet,1,en face,21.9,1,2,0,0.0
2008,7,21,Italy,6500,blouses,P230,green,6,profile,171.61,2,4,1,507.73
2008,7,21,Germany,3309,skirts,P046,beige,2,en face,104.03,1,5,1,290.13
2008,4,6,Italy,1505,trousers,P237,beige,5,en face,69.6,1,4,0,0.0
2008,6,16,USA,1807,skirts,P106,red,6,profile,75.1,1,4,0,0.0
2008,7,1,France,8470,blouses,P194,violet,4,profile,188.1,2,5,0,0.0
2008,4,11,France,5370,skirts,P215,green,5,en face,59.32,1,5,0,0.0
2008,8,25,France,3792,trousers,P066,black,1,en face,52.41,1,3,1,141.87
2008,5,12,Italy,9521,blouses,P279,gray,4,profile,24.38,1,5,0,0.0
2008,4,11,India,7330,blouses,P234,beige,6,en face,142.72,2,1,0,0.0
2008,4,17,UK,5910,sale,P031,beige,4,en face,178.69,2,2,0,0.0
2008,4,8,France,6826,trousers,P016,green,5,profile,24.25,1,1,0,0.0
2008,5,4,UK,7264,blouses,P224,burgundy,1,profile,183.31,2,3,0,0.0
2008,7,6,Italy,1849,sale,P285,black,5,en face,32.71,1,1,0,0.0
2008,7,24,France,4513,blouses,P033,gray,2,en face,174.86,2,3,0,0.0
2008,8,9,USA,2432,skirts,P187,olive,3,profile,102.27,1,2,0,0.0
2008,7,8,USA,4661,skirts,P050,white,6,profile,80.57,1,2,0,0.0
2008,4,23,USA,8886,skirts,P226,gray,4,profile,60.79,1,5,0,0.0
2008,7,12,Sweden,5585,sale,P029,green,5,en face,29.25,1,4,0,0.0
2008,7,8,Germany,143,sale,P061,navy blue,5,profile,23.42,1,1,0,0.0
2008,6,23,UK,8761,blouses,P250,brown,4,profile,37.45,1,1,0,0.0
2008,4,15,USA,9212,sale,P116,navy blue,4,profile,67.75,1,5,1,72.4
2008,7,11,France,5265,sale,P166,red,3,profile,19.3,1,1,0,0.0
2008,4,4,Sweden,3410,skirts,P101,navy blue,4,profile,149.74,2,1,0,0.0
2008,8,9,France,1118,trousers,P273,white,4,profile,187.76,2,4,0,0.0
2008,6,12,France,1757,sale,P197,black,4,en face,26.05,1,4,0,0.0
2008,4,8,Germany,498,skirts,P152,red,5,en face,11.83,1,5,0,0.0
2008,8,22,USA,8032,skirts,P180,white,5,profile,187.39,2,5,0,0.0
2008,6,1,Italy,871,sale,P177,beige,3,en face,42.69,1,5,0,0.0
2008,8,28,USA,3358,sale,P184,red,1,profile,89.47,1,2,0,0.0
2008,6,1,France,913,skirts,P115,black,5,en face,157.2,2,2,0,0.0
2008,6,28,Germany,722,skirts,P156,olive,4,profile,13.16,1,2,0,0.0
2008,4,26,Italy,2806,skirts,P219,gray,3,en face,95.58,1,5,0,0.0
2008,4,12,Italy,9944,trousers,P099,burgundy,2,profile,182.41,2,1,0,0.0
2008,5,22,Australia,887,sale,P001,olive,3,profile,73.26,1,4,1,98.27
2008,5,25,Germany,9593,sale,P228,black,3,en face,164.93,2,5,0,0.0
2008,8,3,USA,6588,skirts,P168,white,6,en face,118.76,2,3,0,0.0
2008,5,3,India,8101,skirts,P006,navy blue,3,en face,87.26,1,4,0,0.0
2008,7,7,France,1521,trousers,P180,pink,3,profile,170.44,2,2,1,433.06
2008,7,6,France,8690,sale,P014,beige,3,en face,195.02,2,5,0,0.0
2008,7,23,Germany,2747,skirts,P091,gray,1,en face,47.25,1,3,0,0.0
2008,6,2,India,6701,trousers,P279,burgundy,3,profile,111.23,2,1,0,0.0
2008,4,5,Australia,5776,blouses,P244,beige,1,profile,46.88,1,4,0,0.0
2008,5,24,Sweden,315,skirts,P181,brown,5,en face,188.34,2,3,0,0.0
2008,4,12,Sweden,1800,blouses,P291,beige,1,profile,11.07,1,3,0,0.0
2008,8,20,USA,328,skirts,P173,brown,4,en face,106.86,2,2,0,0.0
2008,4,14,France,5643,blouses,P100,burgundy,5,profile,173.55,2,1,0,0.0
2008,6,24,Australia,4205,blouses,P144,beige,5,profile,61.85,1,4,0,0.0
2008,7,25,Australia,3130,trousers,P137,beige,6,en face,113.03,2,2,0,0.0
2008,5,2,UK,6861,trousers,P225,beige,4,en face,182.42,2,2,0,0.0
2008,7,2,Australia,9906,sale,P124,brown,6,profile,159.19,2,3,0,0.0
2008,6,6,Sweden,3969,trousers,P218,violet,3,en face,41.21,1,2,0,0.0
2008,4,18,USA,5744,sale,P212,burgundy,2,profile,169.63,2,3,0,0.0
2008,7,20,Sweden,6227,trousers,P088,red,5,profile,116.15,2,5,0,0.0
2008,4,22,Australia,1974,skirts,P117,beige,2,en face,62.48,1,5,0,0.0
2008,4,27,Australia,337,sale,P009,pink,3,en face,178.14,2,5,0,0.0
2008,7,7,Australia,2765,trousers,P251,navy blue,2,en face,70.04,1,5,1,199.22
2008,7,23,Sweden,7661,skirts,P103,black,5,en face,20.21,1,4,0,0.0
2008,6,21,USA,276,skirts,P266,black,1,profile,135.27,2,4,0,0.0
2008,6,24,India,2986,sale,P227,green,3,profile,87.79,1,5,0,0.0
2008,5,8,Italy,5647,trousers,P038,green,3,en face,98.94,1,3,0,0.0
2008,7,26,Germany,5850,skirts,P240,green,3,en face,56.0,1,2,0,0.0
2008,6,13,Germany,3478,trousers,P109,green,6,profile,52.03,1,2,0,0.0
2008,5,15,Italy,7559,sale,P169,burgundy,6,en face,18.96,1,5,0,0.0
2008,4,7,Australia,3559,sale,P261,violet,4,en face,28.98,1,4,0,0.0
2008,8,1,India,2810,sale,P083,gray,4,en face,66.77,1,2,0,0.0
2008,8,19,France,9114,trousers,P061,beige,4,profile,143.48,2,2,0,0.0
2008,7,7,Australia,4862,skirts,P056,blue,5,profile,167.76,2,5,1,338.12
2008,7,4,India,6587,trousers,P222,white,6,en face,55.54,1,2,0,0.0
2008,7,26,France,3417,skirts,P272,gray,2,profile,166.32,2,5,0,0.0
2008,7,10,USA,308,sale,P214,beige,1,profile,146.77,2,3,0,0.0
2008,5,2,Germany,3909,trousers,P147,pink,4,en face,17.05,1,5,0,0.0
2008,5,19,Italy,349,trousers,P089,pink,4,profile,196.65,2,3,0,0.0
2008,5,1,Sweden,827,skirts,P285,black,2,profile,190.02,2,2,0,0.0
2008,4,27,India,9502,sale,P245,burgundy,2,en face,132.73,2,4,1,173.84
2008,5,27,USA,4483,sale,P022,brown,1,en face,86.0,1,1,0,0.0
2008,5,2,Sweden,6577,sale,P120,gray,3,en face,82.9,1,2,0,0.0
2008,8,2,Australia,3683,blouses,P132,burgundy,6,en face,172.75,2,3,0,0.0
2008,8,2,Sweden,5877,skirts,P153,navy blue,2,en face,52.38,1,1,0,0.0
2008,8,25,Italy,8388,skirts,P136,olive,6,en face,18.95,1,3,0,0.0
2008,6,10,Italy,2054,sale,P168,red,1,en face,141.82,2,5,0,0.0
2008,8,16,France,72,blouses,P205,olive,4,profile,62.93,1,2,0,0.0
2008,4,4,Australia,5508,trousers,P246,blue,5,profile,145.29,2,2,0,0.0
2008,7,22,Germany,8515,skirts,P121,green,2,profile,94.61,1,5,0,0.0
2008,6,4,Sweden,7511,trousers,P227,brown,4,profile,181.01,2,3,0,0.0
2008,7,25,Australia,8152,blouses,P266,beige,4,profile,64.89,1,1,0,0.0
2008,4,16,France,1667,sale,P185,blue,4,en face,119.12,2,3,0,0.0
2008,6,23,USA,7862,trousers,P268,black,2,en face,168.69,2,5,0,0.0
2008,5,11,Sweden,9160,trousers,P211,pink,3,en face,109.64,2,3,0,0.0
2008,5,23,UK,5689,blouses,P272,olive,2,en face,92.62,1,4,1,141.13
2008,6,6,Italy,1446,sale,P006,brown,3,en face,33.02,1,4,0,0.0
2008,8,15,USA,5228,trousers,P018,green,2,profile,37.35,1,4,1,41.7
2008,6,10,USA,6983,trousers,P093,brown,3,en face,41.01,1,2,0,0.0
2008,8,15,Sweden,1696,skirts,P024,violet,2,profile,44.21,1,4,0,0.0
2008,4,27,UK,2893,trousers,P215,white,2,en face,42.01,1,1,0,0.0
2008,8,3,Australia,1575,blouses,P259,green,4,en face,10.32,1,1,0,0.0
2008,5,25,Italy,3204,blouses,P016,beige,2,profile,124.3,2,3,0,0.0
2008,7,13,UK,4406,sale,P243,pink,5,profile,148.19,2,3,0,0.0
2008,5,2,Sweden,1631,blouses,P014,white,1,en face,46.48,1,1,0,0.0
2008,6,8,Australia,8381,sale,P168,gray,5,profile,38.34,1,2,0,0.0
2008,7,26,India,1882,sale,P237,pink,2,en face,128.36,2,2,0,0.0
2008,7,3,Germany,8822,sale,P109,black,5,en face,167.51,2,5,0,0.0
2008,8,8,India,6464,sale,P009,white,2,en face,12.86,1,1,0,0.0
2008,4,3,France,849,trousers,P257,red,4,en face,98.95,1,4,0,0.0
2008,6,21,India,9924,sale,P075,violet,1,en face,118.35,2,3,0,0.0
2008,6,28,France,6189,trousers,P258,olive,3,profile,197.62,2,4,0,0.0
2008,4,9,France,5870,skirts,P174,olive,1,profile,77.12,1,5,0,0.0
2008,7,18,Sweden,2878,skirts,P283,pink,1,profile,93.53,1,3,0,0.0
2008,8,26,Sweden,187,skirts,P020,red,4,en face,58.22,1,1,0,0.0
2008,5,9,India,3780,blouses,P237,beige,5,en face,59.81,1,2,0,0.0
2008,6,14,Italy,1831,skirts,P029,violet,4,profile,194.98,2,1,0,0.0
2008,4,27,India,8326,trousers,P002,green,6,en face,33.26,1,1,0,0.0
2008,7,10,Australia,9242,sale,P039,beige,1,profile,78.93,1,4,0,0.0
2008,5,4,India,6379,sale,P003,burgundy,1,en face,92.07,1,3,0,0.0
2008,5,7,India,1235,blouses,P132,blue,4,profile,101.62,1,3,0,0.0
2008,6,24,Italy,6965,blouses,P203,red,1,en face,49.58,1,1,0,0.0
2008,5,7,India,3916,blouses,P229,black,2,en face,22.41,1,2,0,0.0
2008,6,26,Australia,447,sale,P161,burgundy,2,profile,67.08,1,2,0,0.0
2008,8,24,USA,845,skirts,P294,blue,1,profile,59.43,1,1,0,0.0
2008,6,23,Sweden,8063,skirts,P199,olive,6,en face,46.36,1,3,0,0.0
2008,5,21,Sweden,5403,blouses,P207,white,1,en face,92.55,1,3,0,0.0
2008,7,27,UK,2441,skirts,P224,red,3,profile,161.99,2,3,0,0.0
2008,8,8,USA,3104,skirts,P093,burgundy,3,profile,194.69,2,2,0,0.0
2008,6,21,India,8586,sale,P014,white,6,profile,20.52,1,2,0,0.0
2008,7,15,USA,6792,skirts,P060,burgundy,6,profile,63.99,1,3,0,0.0
2008,8,17,UK,5651,trousers,P253,white,5,profile,73.2,1,2,0,0.0
2008,6,5,India,1295,skirts,P195,green,3,profile,75.37,1,2,1,132.47
2008,8,9,USA,5080,trousers,P189,brown,5,profile,40.22,1,1,0,0.0
2008,6,19,Italy,9017,blouses,P100,beige,2,profile,176.3,2,1,0,0.0
2008,5,21,India,5068,skirts,P219,gray,6,en face,102.05,1,1,0,0.0
2008,6,15,Italy,3443,sale,P105,blue,1,en face,137.04,2,5,0,0.0
2008,8,14,Germany,8452,trousers,P292,red,3,profile,20.43,1,2,0,0.0
2008,7,19,Australia,7274,trousers,P126,violet,2,profile,51.11,1,4,0,0.0
2008,7,20,India,6106,trousers,P177,green,1,profile,52.96,1,2,0,0.0
2008,5,20,Italy,777,blouses,P261,olive,2,profile,198.49,2,1,1,591.39
2008,4,8,India,9717,blouses,P247,navy blue,3,en face,110.78,2,5,0,0.0
2008,7,14,Australia,2154,trousers,P166,blue,6,profile,186.56,2,2,0,0.0
2008,6,24,Australia,4921,blouses,P157,green,1,en face,196.02,2,1,0,0.0
2008,6,7,Italy,5361,blouses,P047,black,1,en face,195.33,2,3,0,0.0
2008,5,21,Sweden,9736,blouses,P059,blue,4,en face,189.43,2,3,0,0.0
2008,6,12,Italy,5958,sale,P100,white,5,profile,143.27,2,2,0,0.0
2008,4,20,France,8412,skirts,P248,brown,2,en face,76.73,1,1,0,0.0
2008,8,10,France,8433,sale,P178,pink,5,en face,33.47,1,4,0,0.0
2008,6,27,France,3184,trousers,P070,blue,1,profile,24.02,1,4,0,0.0
2008,5,26,Italy,6793,trousers,P072,violet,5,profile,106.72,1,4,0,0.0
2008,6,9,UK,3200,skirts,P087,green,1,profile,71.59,1,2,0,0.0
2008,4,11,France,9370,sale,P032,blue,3,en face,43.34,1,4,0,0.0
2008,8,6,Germany,1290,sale,P261,blue,4,profile,43.95,1,1,0,0.0
2008,6,12,Germany,4582,skirts,P250,beige,6,profile,140.1,2,4,1,230.2
2008,7,28,France,6193,trousers,P222,white,6,en face,51.03,1,1,0,0.0
2008,7,22,USA,8936,blouses,P282,beige,1,profile,21.86,1,5,0,0.0
2008,6,27,Australia,7150,trousers,P106,violet,4,profile,171.05,2,3,0,0.0
2008,6,23,USA,9847,trousers,P212,pink,2,profile,103.1,1,1,0,0.0
2008,6,14,Italy,4107,sale,P015,burgundy,6,profile,53.62,1,1,0,0.0
2008,8,15,India,4127,sale,P166,green,3,en face,155.59,2,4,0,0.0
2008,8,16,Italy,8301,blouses,P131,olive,3,profile,187.88,2,2,0,0.0
2008,6,23,Sweden,3967,skirts,P222,blue,3,en face,147.94,2,3,0,0.0
2008,8,3,India,1880,sale,P258,white,3,profile,69.68,1,3,0,0.0
2008,5,8,France,8497,skirts,P028,gray,4,en face,45.58,1,4,0,0.0
2008,4,10,Germany,9300,skirts,P219,navy blue,3,profile,149.26,2,5,0,0.0
2008,5,15,Sweden,6349,sale,P265,navy blue,6,profile,152.93,2,2,0,0.0
2008,8,4,USA,3588,trousers,P279,blue,3,profile,182.01,2,5,1,228.55
2008,4,18,India,7373,skirts,P265,red,5,profile,93.15,1,5,0,0.0
2008,4,16,Germany,3866,sale,P090,blue,4,profile,24.43,1,3,0,0.0
2008,7,23,France,8488,skirts,P008,olive,3,profile,91.84,1,3,0,0.0
2008,8,26,Germany,4132,trousers,P126,blue,3,en face,195.83,2,2,1,202.05
2008,5,11,UK,1037,blouses,P037,brown,3,en face,54.84,1,3,0,0.0
2008,4,11,USA,637,sale,P028,black,2,en face,150.83,2,1,0,0.0
2008,5,1,Sweden,6154,sale,P250,burgundy,2,en face,153.52,2,1,0,0.0
2008,8,9,Italy,4135,sale,P209,gray,5,en face,130.14,2,4,0,0.0
2008,6,27,India,5339,sale,P249,navy blue,1,en face,120.27,2,2,0,0.0
2008,5,28,Sweden,1084,skirts,P253,white,3,profile,14.48,1,4,1,39.69
2008,5,21,Sweden,862,trousers,P207,burgundy,2,profile,142.7,2,2,0,0.0
2008,7,26,Australia,904,blouses,P213,pink,4,en face,188.6,2,5,0,0.0
2008,8,26,Germany,192,trousers,P264,green,6,profile,32.59,1,1,0,0.0
2008,6,7,Germany,110,blouses,P023,beige,6,en face,44.92,1,2,0,0.0
2008,5,17,France,4456,skirts,P119,olive,5,profile,120.08,2,2,0,0.0
2008,8,13,France,1943,blouses,P056,blue,6,profile,180.94,2,5,0,0.0
2008,5,20,Germany,5857,sale,P058,black,6,en face,146.59,2,5,0,0.0
2008,8,4,France,4332,blouses,P029,navy blue,1,en face,30.68,1,3,0,0.0
2008,6,28,USA,8542,trousers,P082,white,5,en face,104.44,1,5,0,0.0
2008,7,11,India,2041,blouses,P275,navy blue,3,profile,149.14,2,2,0,0.0
2008,7,28,India,7332,blouses,P199,blue,6,profile,120.24,2,2,0,0.0
2008,4,24,France,7318,skirts,P222,gray,6,profile,24.38,1,1,1,68.18
2008,5,12,Sweden,7780,skirts,P182,burgundy,6,profile,90.48,1,4,0,0.0
2008,7,4,France,4660,skirts,P009,violet,2,profile,175.77,2,1,0,0.0
2008,5,11,Australia,7314,blouses,P245,burgundy,5,en face,185.33,2,4,0,0.0
2008,8,10,Australia,2776,blouses,P025,gray,6,profile,93.24,1,1,0,0.0
2008,6,21,USA,4146,sale,P031,green,4,profile,60.6,1,1,0,0.0
2008,7,15,India,2324,trousers,P099,blue,5,profile,171.93,2,3,0,0.0
2008,8,23,Germany,763,sale,P162,navy blue,6,en face,177.88,2,2,0,0.0
2008,7,18,Sweden,2618,sale,P035,olive,3,profile,18.09,1,1,0,0.0
2008,7,16,Australia,2412,blouses,P273,burgundy,6,profile,194.72,2,2,0,0.0
2008,6,1,India,1095,blouses,P155,green,5,en face,96.6,1,2,0,0.0
2008,8,3,Germany,6174,blouses,P096,burgundy,3,en face,64.06,1,4,0,0.0
2008,5,6,Italy,7049,sale,P028,pink,6,en face,184.51,2,3,0,0.0
2008,5,11,Germany,9273,sale,P136,violet,2,profile,42.09,1,3,0,0.0
2008,6,13,Sweden,3136,sale,P217,black,2,en face,68.45,1,3,0,0.0
2008,4,17,Germany,7788,blouses,P182,gray,2,en face,163.93,2,1,0,0.0
2008,7,22,UK,5041,blouses,P083,brown,3,en face,28.87,1,1,1,32.57
2008,6,16,UK,3806,sale,P241,green,3,en face,53.06,1,4,0,0.0
2008,4,7,Germany,885,blouses,P123,green,6,profile,136.24,2,4,0,0.0
2008,7,26,India,2655,sale,P199,red,2,en face,178.12,2,3,0,0.0
2008,5,27,Germany,5922,trousers,P199,navy blue,2,profile,145.56,2,3,0,0.0
2008,5,13,Italy,6188,trousers,P227,green,3,en face,60.27,1,1,0,0.0
2008,5,11,Germany,8086,blouses,P036,white,3,profile,182.6,2,1,0,0.0
2008,7,11,Germany,6743,trousers,P109,green,4,en face,28.63,1,4,0,0.0
2008,8,27,Italy,7627,trousers,P222,pink,3,profile,48.97,1,5,0,0.0
2008,4,8,UK,5681,trousers,P108,brown,1,profile,138.74,2,2,0,0.0
2008,8,16,Sweden,7008,blouses,P230,beige,2,en face,73.67,1,4,0,0.0
2008,8,16,India,9687,skirts,P045,green,3,profile,167.68,2,1,1,397.49
2008,7,11,UK,2203,blouses,P156,brown,4,en face,134.69,2,5,0,0.0
2008,8,23,Germany,6108,sale,P111,beige,4,en face,138.75,2,3,0,0.0
2008,8,6,Sweden,6418,sale,P178,gray,4,profile,168.27,2,3,0,0.0
2008,5,7,USA,1263,blouses,P228,beige,4,en face,123.07,2,4,0,0.0
2008,6,8,USA,8380,skirts,P115,green,3,profile,19.7,1,3,0,0.0
2008,7,25,Italy,976,trousers,P060,gray,6,profile,115.99,2,4,0,0.0
2008,7,23,Sweden,5832,trousers,P271,violet,5,profile,179.08,2,1,1,226.42
2008,5,28,Sweden,4926,sale,P154,pink,6,profile,60.82,1,3,0,0.0
2008,8,18,India,942,skirts,P032,beige,5,profile,154.93,2,4,1,321.18
2008,8,22,Australia,4724,blouses,P058,burgundy,3,en face,53.77,1,1,0,0.0
2008,6,15,France,2388,trousers,P166,blue,6,profile,58.31,1,2,0,0.0
2008,6,6,Sweden,9729,trousers,P057,black,5,en face,22.96,1,1,1,28.69
2008,5,7,Australia,5022,sale,P002,olive,3,profile,36.37,1,3,0,0.0
2008,4,15,France,4392,sale,P265,blue,2,en face,146.16,2,4,0,0.0
2008,6,3,Sweden,5149,sale,P250,green,5,en face,22.34,1,2,0,0.0
2008,4,20,Germany,3222,trousers,P213,brown,2,en face,65.0,1,1,0,0.0
2008,4,24,France,3883,trousers,P063,red,2,en face,163.9,2,2,0,0.0
2008,5,19,India,9439,blouses,P247,pink,2,profile,20.68,1,1,0,0.0
2008,7,20,Germany,6625,trousers,P171,blue,4,en face,198.15,2,4,0,0.0
2008,8,2,France,5919,trousers,P079,burgundy,4,en face,164.51,2,1,0,0.0
2008,4,20,Italy,2790,blouses,P111,white,5,profile,69.98,1,3,0,0.0
2008,6,7,USA,945,blouses,P015,brown,4,profile,83.08,1,5,0,0.0
2008,8,5,Australia,8909,sale,P099,blue,6,profile,25.89,1,5,0,0.0
2008,8,19,Germany,1858,skirts,P256,violet,2,profile,160.48,2,2,0,0.0
2008,6,15,USA,9081,blouses,P248,navy blue,6,en face,105.53,2,2,0,0.0
2008,7,23,France,4109,blouses,P286,red,2,profile,60.06,1,4,0,0.0
2008,7,10,Italy,8514,sale,P202,burgundy,1,en face,75.41,1,1,0,0.0
2008,8,27,Italy,3256,sale,P015,burgundy,1,profile,57.72,1,2,0,0.0
2008,7,22,Germany,2691,blouses,P021,black,1,profile,98.25,1,3,0,0.0
2008,6,2,Australia,9513,blouses,P222,violet,2,profile,77.67,1,1,1,139.21
2008,5,10,UK,6962,blouses,P296,white,6,profile,130.54,2,1,0,0.0
2008,5,25,France,1320,skirts,P188,gray,6,en face,125.34,2,3,0,0.0
2008,4,2,Sweden,8883,blouses,P035,blue,1,en face,38.64,1,1,0,0.0
2008,5,23,Australia,9881,skirts,P276,burgundy,4,en face,28.68,1,2,0,0.0
2008,5,16,France,5163,blouses,P130,violet,5,en face,122.39,2,4,0,0.0
2008,4,7,France,5830,blouses,P066,olive,1,profile,171.66,2,3,0,0.0
2008,6,25,Australia,7954,skirts,P134,green,6,profile,19.15,1,4,0,0.0
2008,5,9,Sweden,5959,skirts,P219,red,4,en face,81.35,1,5,0,0.0
2008,5,23,Sweden,9272,skirts,P218,gray,5,en face,14.81,1,3,0,0.0
2008,4,7,Germany,3476,sale,P154,black,2,profile,153.23,2,3,0,0.0
2008,5,24,Italy,3506,blouses,P108,violet,3,en face,54.06,1,2,0,0.0
2008,6,7,UK,4750,trousers,P299,red,2,en face,124.97,2,2,0,0.0
2008,5,17,UK,2478,trousers,P289,navy blue,1,profile,71.09,1,2,0,0.0
2008,4,23,Italy,9491,trousers,P031,brown,4,profile,31.74,1,4,1,39.05
2008,8,21,Germany,6616,sale,P223,gray,2,profile,98.81,1,1,0,0.0
2008,6,22,France,7414,trousers,P129,navy blue,5,profile,177.73,2,5,0,0.0
2008,4,20,USA,7587,sale,P191,white,4,profile,28.9,1,4,0,0.0
2008,5,5,India,5345,skirts,P060,blue,5,en face,19.1,1,2,0,0.0
2008,8,18,Sweden,9864,sale,P144,beige,6,profile,149.83,2,5,0,0.0
2008,6,26,Australia,7112,blouses,P055,navy blue,5,en face,162.26,2,4,0,0.0
2008,4,18,Australia,1875,sale,P213,navy blue,5,profile,115.99,2,5,1,119.92
2008,7,16,Italy,8517,sale,P162,green,6,en face,139.13,2,2,0,0.0
2008,7,3,Germany,5271,trousers,P044,navy blue,4,profile,175.91,2,5,0,0.0
2008,6,20,France,5097,blouses,P263,white,5,en face,97.95,1,2,1,148.59
2008,4,15,Australia,2905,skirts,P106,beige,5,en face,109.43,2,2,0,0.0
2008,5,9,Italy,571,sale,P114,white,5,profile,49.05,1,3,0,0.0
2008,4,20,Germany,1449,trousers,P295,gray,6,profile,157.98,2,3,0,0.0
2008,7,17,India,5965,trousers,P112,white,1,profile,133.04,2,5,0,0.0
2008,7,11,Germany,6243,blouses,P018,red,3,profile,86.24,1,1,0,0.0
2008,6,15,Germany,6348,sale,P238,red,5,en face,129.67,2,3,0,0.0
2008,7,18,Australia,7875,trousers,P210,blue,2,en face,172.47,2,5,0,0.0
2008,7,28,India,9817,trousers,P127,black,3,en face,168.73,2,5,0,0.0
2008,6,25,Australia,3227,sale,P104,olive,2,en face,183.83,2,2,0,0.0
2008,4,28,UK,9745,trousers,P272,brown,4,profile,145.71,2,3,0,0.0
2008,6,1,France,3979,skirts,P032,beige,1,profile,124.51,2,3,0,0.0
2008,4,8,Sweden,4384,skirts,P085,violet,4,en face,62.71,1,4,0,0.0
2008,7,5,France,7857,skirts,P033,burgundy,4,en face,25.35,1,5,1,37.87
2008,6,15,Australia,3540,trousers,P087,olive,5,en face,48.71,1,4,0,0.0
2008,5,8,Australia,5683,trousers,P086,beige,2,profile,159.15,2,3,0,0.0
2008,5,3,Sweden,2828,skirts,P023,beige,5,en face,169.24,2,5,0,0.0
2008,8,4,Italy,7659,skirts,P002,beige,6,profile,41.82,1,2,0,0.0
2008,7,10,Australia,4997,skirts,P079,olive,2,profile,24.57,1,5,0,0.0
2008,7,11,France,1339,trousers,P222,blue,5,profile,196.29,2,1,0,0.0
2008,4,3,Germany,3263,sale,P247,blue,1,profile,129.09,2,4,0,0.0
2008,8,15,Australia,6387,skirts,P296,red,3,en face,178.36,2,3,0,0.0
2008,4,20,USA,7952,blouses,P227,gray,6,en face,146.31,2,2,0,0.0
2008,5,21,Sweden,651,skirts,P254,gray,3,profile,161.76,2,1,1,248.22
2008,8,28,Australia,2903,sale,P291,green,6,profile,173.65,2,3,0,0.0
2008,5,19,France,2259,skirts,P061,beige,6,en face,184.47,2,5,0,0.0
2008,5,27,USA,7403,skirts,P165,green,2,profile,88.83,1,4,0,0.0
2008,6,2,Australia,3522,sale,P273,olive,1,en face,150.46,2,3,0,0.0
2008,6,15,Australia,2731,sale,P098,olive,6,profile,75.6,1,2,0,0.0
2008,8,27,Italy,5497,blouses,P280,white,6,profile,18.39,1,1,0,0.0
2008,5,13,USA,4479,sale,P142,black,1,en face,123.4,2,1,0,0.0
2008,5,13,Australia,1597,sale,P095,red,5,profile,80.53,1,4,0,0.0
2008,4,5,France,7067,trousers,P106,violet,1,en face,171.33,2,2,0,0.0
2008,7,14,France,2585,trousers,P204,brown,6,en face,180.02,2,1,0,0.0
2008,5,1,France,5442,sale,P089,white,3,en face,170.57,2,1,0,0.0
2008,7,17,Sweden,3197,sale,P155,brown,3,profile,151.77,2,5,0,0.0
2008,8,12,Germany,8524,trousers,P026,brown,6,profile,27.02,1,4,0,0.0
2008,5,24,Australia,7683,trousers,P134,white,5,en face,121.38,2,5,0,0.0
2008,4,18,USA,5377,skirts,P036,beige,3,profile,151.54,2,1,0,0.0
2008,6,22,Australia,1259,sale,P032,pink,3,profile,157.73,2,1,1,305.11
2008,7,11,Australia,5278,sale,P227,gray,1,profile,83.03,1,4,0,0.0
2008,6,20,USA,992,trousers,P225,pink,4,en face,30.03,1,4,1,68.9
2008,6,28,Italy,3505,sale,P281,blue,2,en face,14.75,1,5,0,0.0
2008,6,18,Germany,114,trousers,P261,white,4,profile,145.14,2,2,0,0.0
2008,7,7,Germany,920,skirts,P026,red,3,en face,35.61,1,3,0,0.0
2008,7,4,India,2510,sale,P222,white,2,profile,18.87,1,1,0,0.0
2008,4,18,Italy,9405,sale,P045,red,6,en face,136.15,2,2,1,136.8
2008,5,20,Sweden,166,trousers,P256,black,6,en face,177.54,2,2,1,304.16
2008,4,9,UK,5264,trousers,P019,brown,6,en face,124.71,2,3,1,204.88
2008,7,16,France,4604,trousers,P166,burgundy,3,profile,72.91,1,5,0,0.0
2008,4,16,Australia,950,trousers,P079,red,4,profile,63.45,1,4,0,0.0
2008,5,22,UK,4595,sale,P044,blue,1,en face,157.54,2,2,0,0.0
2008,4,20,Australia,5728,blouses,P278,navy blue,6,profile,172.14,2,3,0,0.0
2008,7,13,Italy,3771,blouses,P132,green,6,profile,19.92,1,3,0,0.0
2008,8,27,Sweden,2507,trousers,P231,black,5,en face,67.62,1,2,0,0.0
2008,6,14,Sweden,5108,blouses,P160,beige,5,profile,13.82,1,5,0,0.0
2008,6,2,Australia,2851,sale,P188,burgundy,3,profile,31.67,1,1,0,0.0
2008,7,15,India,6486,blouses,P099,black,5,en face,185.02,2,3,0,0.0
2008,4,27,UK,5363,skirts,P266,violet,1,en face,129.67,2,2,0,0.0
2008,8,13,USA,7443,skirts,P235,gray,5,profile,30.25,1,1,0,0.0
2008,6,20,India,4447,skirts,P283,navy blue,2,en face,100.63,1,2,0,0.0
2008,6,10,Australia,4461,sale,P161,burgundy,2,profile,58.86,1,5,0,0.0
2008,4,2,Italy,9514,trousers,P211,brown,3,en face,154.25,2,4,0,0.0
2008,5,25,UK,2506,sale,P256,black,3,en face,183.69,2,2,0,0.0
2008,6,25,France,1115,skirts,P173,green,1,profile,164.91,2,1,1,351.59
2008,5,21,Sweden,8398,skirts,P044,beige,1,profile,67.88,1,2,0,0.0
2008,7,4,Germany,299,trousers,P296,violet,4,en face,128.55,2,2,0,0.0
2008,6,25,Italy,1676,blouses,P049,burgundy,2,profile,27.49,1,1,0,0.0
2008,8,9,India,3348,trousers,P207,blue,6,profile,38.72,1,4,0,0.0
2008,6,26,France,2736,sale,P184,olive,4,profile,56.76,1,5,0,0.0
2008,7,1,India,7820,sale,P045,gray,6,en face,68.95,1,3,0,0.0
2008,4,22,Germany,4989,skirts,P033,black,6,profile,198.77,2,5,1,316.25
2008,5,8,UK,9895,blouses,P236,pink,2,en face,65.07,1,1,0,0.0
2008,7,27,Italy,5818,skirts,P188,black,5,profile,38.02,1,2,0,0.0
2008,6,13,UK,4326,skirts,P022,white,1,profile,99.86,1,2,0,0.0
2008,7,12,France,6720,trousers,P032,beige,4,en face,94.1,1,3,0,0.0
2008,6,28,Italy,8787,skirts,P182,black,4,en face,132.52,2,5,1,213.07
2008,4,18,UK,4551,trousers,P041,brown,4,profile,110.09,2,2,0,0.0
2008,5,3,Germany,8573,trousers,P006,black,5,en face,22.82,1,3,0,0.0
2008,8,4,Australia,7848,sale,P075,violet,4,en face,102.11,1,1,0,0.0
2008,7,7,USA,2104,trousers,P115,violet,3,en face,31.88,1,4,0,0.0
2008,5,15,Australia,5814,trousers,P189,burgundy,1,en face,37.34,1,1,0,0.0
2008,4,20,India,9105,sale,P113,black,6,profile,184.06,2,5,0,0.0
2008,7,17,India,7454,sale,P101,gray,5,en face,188.19,2,3,0,0.0
2008,7,28,Australia,1838,sale,P078,pink,3,en face,41.68,1,3,0,0.0
2008,6,22,France,7903,trousers,P014,black,5,en face,134.16,2,4,0,0.0
2008,4,14,France,8319,trousers,P169,blue,4,profile,115.49,2,5,0,0.0
2008,4,10,France,8724,sale,P187,beige,1,en face,87.39,1,1,0,0.0
2008,4,20,USA,608,trousers,P249,burgundy,5,en face,54.78,1,5,0,0.0
2008,5,26,Italy,8375,skirts,P220,green,6,profile,154.95,2,5,0,0.0
2008,5,5,France,1094,sale,P090,beige,6,en face,91.77,1,4,0,0.0
2008,5,17,Sweden,6388,sale,P148,gray,1,en face,133.4,2,2,0,0.0
2008,5,13,USA,6506,trousers,P149,navy blue,6,profile,120.68,2,3,0,0.0
2008,4,10,India,8965,blouses,P167,pink,1,en face,100.4,1,2,0,0.0
2008,4,25,France,4488,skirts,P286,violet,2,profile,36.47,1,5,1,47.84
2008,6,22,France,161,sale,P050,violet,2,profile,148.73,2,5,0,0.0
2008,4,9,India,204,blouses,P111,brown,1,en face,172.26,2,5,0,0.0
2008,6,2,UK,7041,trousers,P057,brown,4,en face,161.7,2,4,0,0.0
2008,4,23,USA,5894,trousers,P098,burgundy,3,en face,168.21,2,4,0,0.0
2008,8,10,USA,4934,sale,P230,green,5,profile,141.87,2,5,0,0.0
2008,5,13,Italy,2935,sale,P107,violet,3,profile,73.7,1,3,0,0.0
2008,6,25,Sweden,7323,skirts,P231,brown,4,profile,15.16,1,2,0,0.0
2008,8,22,India,2436,sale,P195,brown,5,profile,64.5,1,5,0,0.0
2008,6,4,Italy,1231,trousers,P082,green,4,en face,145.23,2,2,0,0.0
2008,4,16,UK,8676,sale,P280,green,2,en face,123.91,2,1,0,0.0
2008,4,8,USA,3047,skirts,P140,black,4,en face,33.53,1,3,0,0.0
2008,8,2,Australia,9655,sale,P152,pink,2,en face,187.94,2,5,0,0.0
2008,4,2,USA,8420,sale,P198,blue,2,profile,125.94,2,1,0,0.0
2008,8,15,Australia,7667,blouses,P295,olive,1,en face,126.9,2,4,0,0.0
2008,6,13,Italy,6408,skirts,P283,green,3,en face,27.44,1,4,0,0.0
2008,6,6,Italy,4252,blouses,P223,red,5,profile,78.56,1,1,0,0.0
2008,7,19,India,5578,skirts,P253,red,4,en face,174.76,2,3,1,306.42
2008,4,4,USA,3294,trousers,P062,burgundy,4,en face,128.9,2,5,0,0.0
2008,4,18,France,4035,blouses,P154,white,3,en face,91.41,1,5,0,0.0
2008,6,10,Germany,8113,skirts,P210,navy blue,2,profile,54.82,1,3,0,0.0
2008,7,12,Sweden,4291,trousers,P153,brown,1,profile,108.32,2,2,0,0.0
2008,4,28,France,4335,blouses,P034,burgundy,1,en face,57.84,1,5,0,0.0
2008,6,4,Australia,5932,trousers,P093,olive,5,profile,107.58,2,3,0,0.0
2008,6,12,Germany,3878,trousers,P274,black,6,en face,92.04,1,2,0,0.0
2008,8,27,India,5429,trousers,P231,beige,6,en face,52.48,1,2,1,85.86
2008,4,25,USA,4754,trousers,P229,black,6,profile,187.38,2,2,1,547.24
2008,6,27,Sweden,4887,trousers,P083,pink,6,profile,43.66,1,5,0,0.0
2008,7,22,Italy,858,blouses,P026,beige,1,profile,51.66,1,3,0,0.0
2008,7,14,France,8234,blouses,P044,gray,4,profile,166.22,2,4,0,0.0
2008,4,17,Italy,8376,skirts,P264,beige,6,profile,181.36,2,5,0,0.0
2008,6,20,Italy,2562,blouses,P039,pink,2,profile,33.71,1,1,0,0.0
2008,7,28,Sweden,3802,sale,P283,brown,6,profile,151.51,2,5,0,0.0
2008,6,1,Sweden,2641,blouses,P001,red,4,profile,124.38,2,5,0,0.0
2008,5,13,Australia,9664,skirts,P119,green,6,profile,31.83,1,3,0,0.0
2008,5,15,USA,4491,skirts,P159,blue,2,profile,174.39,2,5,0,0.0
2008,4,7,Australia,2348,sale,P170,pink,1,en face,118.97,2,1,0,0.0
2008,5,26,Sweden,650,blouses,P195,white,3,profile,49.96,1,2,0,0.0
2008,4,3,Germany,2782,blouses,P102,beige,2,en face,16.79,1,2,0,0.0
2008,6,19,UK,5653,trousers,P174,pink,4,en face,132.95,2,2,0,0.0
2008,6,14,Australia,8544,blouses,P052,green,6,profile,105.87,2,1,0,0.0
2008,4,9,Italy,8678,blouses,P070,white,4,profile,43.88,1,2,0,0.0
2008,8,24,India,6434,blouses,P069,black,2,en face,103.47,1,3,0,0.0
2008,6,21,USA,616,trousers,P170,red,4,en face,22.8,1,1,0,0.0
2008,7,15,Australia,8449,blouses,P125,pink,4,en face,18.57,1,4,0,0.0
2008,8,22,UK,2576,skirts,P086,pink,1,en face,32.07,1,5,0,0.0
2008,8,16,Italy,54,blouses,P241,violet,1,en face,106.98,2,1,0,0.0
2008,7,25,India,3341,blouses,P023,beige,1,en face,58.66,1,2,1,151.75
2008,5,17,Germany,7038,skirts,P030,pink,6,en face,108.11,2,1,0,0.0
2008,6,23,UK,1706,trousers,P038,blue,5,profile,97.5,1,5,0,0.0
2008,6,2,India,9061,sale,P193,olive,3,en face,148.98,2,5,0,0.0
2008,4,16,Germany,9353,skirts,P106,olive,3,en face,175.5,2,3,0,0.0
2008,5,16,Australia,1494,skirts,P053,olive,1,profile,168.49,2,5,0,0.0
2008,7,15,USA,9964,blouses,P038,black,6,profile,109.79,2,5,0,0.0
2008,5,11,Germany,5633,skirts,P173,burgundy,2,profile,84.06,1,1,0,0.0
2008,8,21,Sweden,804,sale,P261,green,4,en face,37.47,1,3,1,45.46
2008,8,17,India,4954,blouses,P077,beige,4,en face,72.56,1,5,0,0.0
2008,5,20,UK,6934,blouses,P005,beige,1,en face,127.2,2,1,1,251.28
2008,7,5,Germany,7105,skirts,P025,burgundy,5,en face,77.7,1,4,0,0.0
2008,5,21,Germany,991,blouses,P028,brown,2,en face,69.26,1,2,0,0.0
2008,7,26,Sweden,2775,sale,P230,blue,6,profile,20.44,1,4,0,0.0
2008,4,14,Germany,7471,skirts,P035,white,6,en face,34.87,1,3,0,0.0
2008,8,10,UK,6420,sale,P257,gray,3,en face,45.4,1,5,0,0.0
2008,6,20,USA,3514,blouses,P271,beige,3,profile,88.36,1,2,0,0.0
2008,5,27,UK,5479,sale,P151,violet,5,en face,38.3,1,4,0,0.0
2008,8,26,Germany,8401,blouses,P283,navy blue,6,profile,152.89,2,2,1,314.24
2008,4,13,USA,220,sale,P219,green,5,en face,46.75,1,2,0,0.0
2008,6,18,Germany,6970,skirts,P061,burgundy,5,en face,111.73,2,4,0,0.0
2008,6,22,Italy,1289,blouses,P105,blue,6,en face,71.52,1,4,0,0.0
2008,4,23,Sweden,3164,skirts,P100,burgundy,4,en face,53.94,1,5,0,0.0
2008,7,19,Sweden,4679,blouses,P288,violet,1,en face,193.24,2,2,0,0.0
2008,6,10,Sweden,2619,skirts,P069,white,1,en face,73.05,1,4,0,0.0
2008,7,11,India,3613,skirts,P226,white,4,en face,70.24,1,5,0,0.0
2008,5,22,France,44,skirts,P122,navy blue,6,profile,64.75,1,3,0,0.0
2008,5,5,Australia,8095,trousers,P260,brown,3,en face,126.23,2,5,0,0.0
2008,8,14,Italy,8373,trousers,P155,black,2,en face,158.11,2,3,0,0.0
2008,6,14,Sweden,3793,skirts,P068,red,5,profile,144.28,2,2,0,0.0
2008,7,17,Germany,3572,sale,P130,green,6,en face,125.9,2,5,0,0.0
2008,5,28,France,9981,sale,P100,navy blue,2,en face,75.85,1,4,0,0.0
2008,6,22,France,1504,blouses,P122,violet,1,en face,54.74,1,5,0,0.0
2008,5,4,UK,5557,sale,P183,pink,6,en face,29.25,1,1,0,0.0
2008,8,17,India,9831,skirts,P115,violet,5,profile,172.79,2,5,0,0.0
2008,7,17,Italy,3440,blouses,P152,burgundy,2,en face,187.47,2,1,0,0.0
2008,5,18,Sweden,1893,sale,P150,red,6,en face,186.41,2,5,0,0.0
2008,6,20,France,9324,sale,P263,red,4,en face,24.1,1,1,0,0.0
2008,6,28,Australia,5256,skirts,P026,brown,2,en face,109.04,2,2,0,0.0
2008,7,19,India,1956,sale,P139,blue,6,en face,54.7,1,1,1,67.59
2008,7,19,Australia,5168,trousers,P233,violet,3,en face,153.56,2,5,0,0.0
2008,4,16,Australia,4815,trousers,P179,navy blue,2,en face,132.9,2,4,0,0.0
2008,8,16,Italy,6265,blouses,P267,brown,3,en face,10.77,1,4,0,0.0
2008,7,10,France,1506,sale,P125,black,1,profile,129.33,2,3,0,0.0
2008,6,19,USA,671,sale,P179,beige,3,en face,87.19,1,2,1,227.93
2008,5,8,Germany,8908,sale,P294,green,3,profile,158.33,2,2,0,0.0
2008,7,23,Italy,7056,trousers,P106,gray,5,en face,52.86,1,2,0,0.0
2008,4,5,Germany,898,blouses,P228,pink,3,profile,152.48,2,2,0,0.0
2008,6,13,Germany,6179,skirts,P007,navy blue,6,profile,116.9,2,1,0,0.0
2008,8,15,Germany,2667,skirts,P229,olive,2,profile,93.06,1,4,0,0.0
2008,5,28,USA,3194,trousers,P011,beige,6,profile,128.08,2,1,0,0.0
2008,8,23,UK,2891,blouses,P284,brown,5,profile,24.05,1,3,0,0.0
2008,4,17,Germany,7774,sale,P117,navy blue,2,en face,14.42,1,3,0,0.0
2008,5,4,Italy,2622,sale,P248,red,2,en face,42.6,1,2,0,0.0
2008,8,20,Germany,6009,sale,P274,burgundy,5,profile,11.47,1,2,0,0.0
2008,7,3,India,5957,skirts,P273,white,1,profile,190.22,2,3,0,0.0
2008,6,4,Australia,3,skirts,P044,red,1,profile,113.9,2,4,0,0.0
2008,8,16,France,2371,skirts,P058,brown,1,profile,112.43,2,5,0,0.0
2008,4,19,Italy,7915,sale,P086,black,6,en face,198.93,2,2,0,0.0
2008,7,16,UK,1770,blouses,P068,violet,2,en face,77.66,1,3,0,0.0
2008,5,5,UK,8507,skirts,P264,navy blue,4,profile,112.92,2,5,0,0.0
2008,6,26,Italy,6026,trousers,P131,navy blue,2,en face,121.08,2,4,0,0.0
2008,5,24,UK,532,skirts,P091,brown,4,profile,113.92,2,4,0,0.0
2008,8,8,Germany,8725,skirts,P284,navy blue,4,en face,22.11,1,3,0,0.0
2008,8,28,Italy,8650,blouses,P023,beige,2,profile,171.81,2,3,0,0.0
2008,6,24,UK,7874,skirts,P107,pink,5,profile,43.13,1,3,0,0.0
2008,7,7,Italy,8891,trousers,P044,red,4,profile,59.74,1,1,0,0.0
2008,4,11,Sweden,3121,skirts,P024,olive,3,en face,114.76,2,2,0,0.0
2008,5,14,Italy,9023,trousers,P259,white,5,profile,176.92,2,5,0,0.0
2008,8,13,Australia,732,trousers,P064,red,4,profile,163.24,2,1,0,0.0
2008,7,28,Australia,3407,blouses,P052,brown,1,profile,100.34,1,2,0,0.0
2008,7,8,France,2340,skirts,P007,pink,2,profile,25.18,1,4,0,0.0
2008,8,19,Australia,5968,trousers,P183,olive,3,en face,106.86,1,5,0,0.0
2008,8,18,France,6581,skirts,P257,burgundy,4,en face,44.26,1,1,0,0.0
2008,6,28,UK,2566,sale,P174,olive,5,en face,96.06,1,5,0,0.0
2008,5,24,USA,7727,skirts,P100,burgundy,6,en face,67.5,1,3,0,0.0
2008,8,17,India,7821,blouses,P249,beige,3,profile,10.89,1,1,0,0.0
2008,4,23,Sweden,6714,blouses,P132,pink,5,profile,148.51,2,3,0,0.0
2008,6,9,India,6996,blouses,P024,beige,4,profile,18.35,1,2,0,0.0
2008,8,28,India,6943,blouses,P119,blue,5,en face,111.97,2,2,0,0.0
2008,5,4,Germany,7795,skirts,P237,black,3,profile,199.21,2,5,0,0.0
2008,6,14,Australia,8976,skirts,P145,navy blue,5,en face,120.57,2,2,0,0.0
2008,8,28,Sweden,1256,blouses,P159,green,5,profile,163.99,2,2,0,0.0
2008,5,14,USA,2105,sale,P241,white,5,en face,113.42,2,2,0,0.0
2008,4,14,USA,6735,trousers,P085,violet,5,en face,42.16,1,5,0,0.0
2008,8,7,India,9779,sale,P233,gray,4,profile,164.42,2,4,0,0.0
2008,8,17,USA,6225,trousers,P249,blue,2,en face,50.23,1,3,0,0.0
2008,4,22,India,9151,blouses,P079,burgundy,1,profile,95.29,1,5,0,0.0
2008,5,27,Italy,4995,skirts,P286,blue,4,en face,169.34,2,5,0,0.0
2008,7,12,Italy,8970,trousers,P134,burgundy,5,en face,68.99,1,2,0,0.0
2008,8,18,USA,6840,blouses,P227,gray,5,profile,70.38,1,3,0,0.0
2008,5,16,France,5058,sale,P045,beige,5,en face,118.55,2,3,0,0.0
2008,6,20,Germany,5847,skirts,P012,beige,3,profile,88.83,1,4,0,0.0
2008,5,25,France,4435,sale,P118,red,1,en face,48.71,1,2,0,0.0
2008,7,13,Sweden,3485,sale,P168,black,6,en face,102.77,1,4,0,0.0
2008,6,27,Germany,9494,trousers,P206,olive,6,en face,59.81,1,1,0,0.0
2008,6,4,India,5319,skirts,P232,black,1,en face,89.43,1,2,0,0.0
2008,4,6,Italy,3817,trousers,P258,violet,1,en face,151.74,2,1,0,0.0
2008,4,2,Italy,5730,skirts,P247,blue,4,en face,117.59,2,5,0,0.0
2008,7,11,Australia,8904,blouses,P276,pink,5,profile,138.57,2,2,0,0.0
2008,5,18,India,7841,sale,P256,red,3,en face,59.54,1,1,0,0.0
2008,4,27,Sweden,9890,trousers,P142,black,6,en face,42.16,1,3,0,0.0
2008,4,9,UK,1622,sale,P280,white,4,profile,38.58,1,1,0,0.0
2008,4,6,UK,9424,blouses,P063,olive,5,en face,149.31,2,5,0,0.0
2008,5,25,Germany,6308,sale,P160,burgundy,5,profile,108.78,2,2,0,0.0
2008,4,24,UK,9305,sale,P018,green,2,en face,143.94,2,2,0,0.0
2008,7,23,Italy,8903,blouses,P076,gray,4,profile,191.06,2,3,0,0.0
2008,7,17,Sweden,1097,skirts,P059,brown,5,profile,147.68,2,3,0,0.0
2008,8,11,Italy,8058,skirts,P230,olive,3,en face,160.37,2,4,0,0.0
2008,5,2,India,9482,trousers,P213,green,1,profile,155.44,2,4,0,0.0
2008,7,8,Italy,2464,skirts,P016,black,5,en face,58.13,1,5,1,94.96
2008,7,4,Australia,8290,sale,P243,pink,6,profile,181.97,2,4,0,0.0
2008,8,21,Australia,1789,blouses,P288,red,1,en face,57.16,1,5,0,0.0
2008,4,21,France,251,trousers,P075,burgundy,1,profile,147.32,2,4,0,0.0
2008,6,22,Germany,9927,blouses,P287,olive,1,en face,65.33,1,4,0,0.0
2008,8,4,Sweden,6192,trousers,P051,violet,2,en face,63.75,1,1,0,0.0
2008,5,15,France,9651,sale,P128,beige,6,profile,156.83,2,3,0,0.0
2008,7,2,Italy,193,blouses,P167,violet,2,profile,125.26,2,5,0,0.0
2008,4,9,USA,821,blouses,P201,violet,1,en face,138.88,2,2,0,0.0
2008,7,28,India,9628,skirts,P019,green,6,profile,172.83,2,5,1,464.17
2008,7,22,USA,5715,trousers,P279,violet,3,profile,184.87,2,5,0,0.0
2008,8,2,Sweden,7196,trousers,P008,black,6,profile,133.07,2,5,0,0.0
2008,8,18,France,5716,trousers,P160,violet,5,profile,151.21,2,1,0,0.0
2008,6,25,Australia,4401,sale,P052,beige,2,en face,134.64,2,4,0,0.0
2008,7,8,USA,9291,trousers,P067,gray,5,en face,170.52,2,3,0,0.0
2008,5,23,UK,5389,sale,P082,brown,2,en face,149.29,2,5,0,0.0
2008,8,17,France,4167,blouses,P064,gray,3,en face,53.0,1,3,0,0.0
2008,6,8,USA,4952,sale,P253,navy blue,4,profile,115.02,2,2,0,0.0
2008,4,2,Italy,2688,blouses,P283,white,6,profile,135.58,2,3,0,0.0
2008,7,9,Italy,4391,trousers,P053,violet,3,en face,72.36,1,4,0,0.0
2008,7,21,France,5861,skirts,P064,violet,3,en face,143.72,2,1,0,0.0
2008,6,18,Italy,5982,sale,P064,black,3,profile,180.08,2,1,1,276.0
2008,6,16,Italy,4928,blouses,P087,beige,1,en face,125.49,2,1,0,0.0
2008,7,19,Italy,6736,sale,P295,brown,2,en face,120.72,2,1,0,0.0
2008,6,27,Australia,2608,blouses,P206,black,1,en face,102.13,1,2,1,260.43
2008,5,19,Australia,7467,blouses,P071,navy blue,5,profile,105.84,2,4,0,0.0
2008,8,8,USA,239,blouses,P178,gray,4,en face,195.53,2,3,0,0.0
2008,5,25,USA,4016,skirts,P020,violet,4,profile,158.12,2,3,0,0.0
2008,7,16,Sweden,9263,sale,P003,beige,3,profile,148.85,2,4,0,0.0
2008,8,6,India,2978,sale,P227,beige,6,profile,142.17,2,4,0,0.0
2008,6,5,Australia,5713,sale,P257,beige,3,en face,31.39,1,4,0,0.0
2008,4,16,UK,9857,trousers,P104,olive,1,profile,179.97,2,4,0,0.0
2008,5,21,Sweden,5474,blouses,P102,pink,3,en face,123.46,2,3,0,0.0
2008,6,10,France,946,trousers,P115,white,3,en face,36.78,1,5,0,0.0
2008,6,2,Germany,8252,skirts,P228,white,4,profile,96.97,1,4,0,0.0
2008,7,25,Italy,7682,skirts,P262,pink,2,profile,139.04,2,4,0,0.0
2008,5,16,UK,5098,skirts,P171,navy blue,1,en face,148.42,2,3,0,0.0
2008,7,10,India,6806,skirts,P073,pink,6,en face,13.35,1,5,0,0.0
2008,4,25,Sweden,5804,sale,P120,brown,6,profile,28.62,1,3,0,0.0
2008,8,4,Italy,3553,skirts,P174,brown,1,en face,184.73,2,5,0,0.0
2008,4,2,Italy,9970,trousers,P017,olive,2,profile,42.74,1,3,0,0.0
2008,8,25,Sweden,3361,skirts,P271,gray,5,en face,17.16,1,2,0,0.0
2008,6,5,Italy,8250,sale,P169,green,6,profile,173.09,2,5,0,0.0
2008,4,26,Sweden,2411,trousers,P193,olive,5,en face,133.57,2,1,0,0.0
2008,8,15,Australia,4508,sale,P155,gray,2,profile,132.69,2,2,0,0.0
2008,4,22,Sweden,8463,blouses,P111,violet,2,profile,118.24,2,4,0,0.0
2008,6,10,Sweden,3983,sale,P124,pink,3,en face,134.54,2,1,0,0.0
2008,7,25,France,147,sale,P194,gray,5,en face,122.64,2,3,0,0.0
2008,7,17,USA,6649,trousers,P018,navy blue,6,en face,17.81,1,2,1,26.82
2008,6,24,Italy,2295,sale,P100,burgundy,5,en face,27.04,1,2,0,0.0
2008,4,15,Germany,2254,blouses,P214,pink,3,en face,153.0,2,1,0,0.0
2008,8,2,India,3612,skirts,P098,olive,4,profile,93.15,1,5,0,0.0
2008,4,7,Italy,5354,blouses,P053,gray,6,en face,102.35,1,2,0,0.0
2008,7,21,UK,1737,blouses,P094,black,5,profile,181.03,2,5,0,0.0
2008,8,22,USA,7916,sale,P160,black,2,en face,97.56,1,2,0,0.0
2008,6,19,Italy,7660,trousers,P121,burgundy,5,profile,188.94,2,4,0,0.0
2008,4,19,USA,115,blouses,P199,beige,3,profile,73.91,1,4,0,0.0
2008,5,9,Italy,8861,skirts,P172,blue,6,profile,144.87,2,1,0,0.0
2008,4,14,Australia,5650,skirts,P134,beige,5,en face,97.52,1,2,0,0.0
2008,7,11,Australia,9845,sale,P278,olive,5,en face,197.9,2,5,0,0.0
2008,4,17,Australia,499,skirts,P253,beige,5,en face,24.76,1,5,1,58.24
2008,7,25,UK,7823,blouses,P225,olive,4,en face,165.86,2,5,0,0.0
2008,6,17,France,721,trousers,P192,navy blue,1,en face,76.67,1,2,0,0.0
2008,6,5,USA,7259,sale,P282,red,6,profile,135.69,2,2,0,0.0
2008,6,26,UK,8844,blouses,P260,blue,5,en face,73.29,1,1,0,0.0
2008,8,23,Australia,5731,blouses,P173,green,2,en face,59.1,1,1,0,0.0
2008,4,11,Sweden,3090,blouses,P285,burgundy,1,profile,173.24,2,1,0,0.0
2008,4,13,Australia,7227,trousers,P217,green,2,profile,169.46,2,3,0,0.0
2008,7,1,Australia,7307,blouses,P254,brown,1,profile,153.11,2,2,0,0.0
2008,8,6,USA,6509,sale,P189,olive,3,en face,120.21,2,4,0,0.0
2008,8,3,Sweden,597,blouses,P096,gray,6,en face,148.19,2,1,0,0.0
2008,6,12,UK,9093,trousers,P254,violet,3,en face,150.16,2,4,0,0.0
2008,6,2,Australia,6096,blouses,P052,black,4,profile,163.22,2,1,0,0.0
2008,8,18,Australia,6054,trousers,P181,navy blue,5,en face,138.12,2,3,0,0.0
2008,5,24,Italy,5165,trousers,P128,violet,4,profile,177.78,2,2,0,0.0
2008,7,23,India,1648,trousers,P279,white,1,profile,124.04,2,3,0,0.0
2008,6,9,Australia,8168,blouses,P058,gray,3,profile,81.16,1,5,0,0.0
2008,4,11,Australia,6921,trousers,P136,green,6,profile,40.44,1,2,0,0.0
2008,4,17,Germany,2701,skirts,P272,black,6,en face,173.6,2,2,0,0.0
2008,4,8,Italy,8204,trousers,P073,green,6,profile,111.64,2,1,0,0.0
2008,7,14,India,1701,sale,P025,blue,2,en face,184.82,2,3,0,0.0
2008,4,21,Sweden,8944,sale,P070,green,6,en face,108.34,2,1,0,0.0
2008,7,4,Australia,5405,skirts,P250,pink,2,en face,11.45,1,3,0,0.0
2008,5,23,UK,7220,trousers,P105,red,6,en face,94.89,1,1,0,0.0
2008,7,28,Germany,7503,blouses,P290,gray,2,en face,93.71,1,4,0,0.0
2008,7,17,Italy,2943,skirts,P061,blue,4,en face,103.22,1,3,0,0.0
2008,8,26,France,6302,skirts,P292,green,1,en face,163.91,2,1,0,0.0
2008,4,22,Sweden,87,blouses,P116,pink,5,en face,193.66,2,5,0,0.0
2008,7,4,UK,2309,blouses,P188,white,4,en face,169.11,2,5,0,0.0
2008,8,15,Australia,2678,skirts,P245,brown,2,profile,39.93,1,4,0,0.0
2008,4,23,France,8217,sale,P215,olive,6,en face,92.35,1,4,0,0.0
2008,6,9,Germany,7730,skirts,P212,green,6,profile,177.36,2,3,0,0.0
2008,8,9,Australia,2595,trousers,P180,red,5,en face,170.41,2,4,0,0.0
2008,8,14,Italy,5885,skirts,P226,beige,1,en face,42.85,1,3,0,0.0
2008,4,21,India,1030,sale,P101,blue,2,profile,67.39,1,5,0,0.0
2008,7,28,Italy,137,blouses,P102,violet,3,profile,127.79,2,3,0,0.0
2008,7,25,Germany,6832,blouses,P130,green,3,profile,139.53,2,5,0,0.0
2008,5,19,USA,7815,blouses,P279,black,5,profile,38.95,1,3,0,0.0
2008,8,18,Italy,2855,blouses,P077,red,5,profile,11.64,1,2,0,0.0
2008,5,13,USA,4410,blouses,P234,navy blue,1,profile,46.04,1,1,0,0.0
2008,5,20,Germany,1201,blouses,P120,navy blue,3,profile,67.9,1,1,0,0.0
2008,7,5,USA,4718,sale,P013,beige,5,en face,121.16,2,4,0,0.0
2008,7,1,USA,9518,blouses,P016,gray,3,en face,189.76,2,5,0,0.0
2008,8,25,Germany,6595,trousers,P007,gray,5,en face,187.03,2,5,0,0.0
2008,6,8,Australia,567,blouses,P026,beige,3,profile,148.79,2,2,0,0.0
2008,5,6,Australia,7329,trousers,P111,green,4,en face,149.02,2,4,1,262.7
2008,8,27,France,5431,blouses,P225,red,5,profile,63.84,1,4,0,0.0
2008,4,18,France,3928,trousers,P094,burgundy,5,en face,71.1,1,2,0,0.0
2008,6,6,India,6056,sale,P129,brown,3,en face,123.04,2,3,0,0.0
2008,5,7,India,7590,blouses,P104,burgundy,1,profile,165.2,2,1,0,0.0
2008,8,2,USA,7123,trousers,P088,brown,3,profile,199.47,2,5,0,0.0
2008,6,22,India,6573,skirts,P052,violet,2,profile,25.31,1,3,0,0.0
2008,8,2,Australia,6536,sale,P212,burgundy,4,profile,186.43,2,5,0,0.0
2008,8,18,Sweden,8914,skirts,P224,beige,1,profile,182.2,2,5,0,0.0
2008,4,27,USA,8276,sale,P091,beige,3,en face,135.66,2,2,0,0.0
2008,4,16,USA,2331,trousers,P008,brown,1,en face,98.01,1,2,0,0.0
2008,7,13,Italy,3516,skirts,P164,olive,6,profile,191.72,2,2,0,0.0
2008,7,6,Italy,2188,trousers,P082,pink,3,profile,140.66,2,3,0,0.0
2008,6,10,Sweden,196,sale,P035,pink,4,en face,15.97,1,5,0,0.0
2008,6,19,Australia,7258,sale,P059,brown,4,profile,78.92,1,3,0,0.0
2008,7,20,France,5667,sale,P135,pink,6,en face,95.57,1,3,0,0.0
2008,6,6,Australia,5060,trousers,P052,gray,2,profile,166.65,2,5,0,0.0
2008,7,11,UK,803,sale,P092,gray,1,en face,116.21,2,5,0,0.0
2008,7,25,Germany,8849,skirts,P005,blue,5,profile,19.25,1,5,1,19.67
2008,8,9,India,9929,sale,P227,blue,4,profile,38.6,1,2,1,52.0
2008,7,2,France,2069,sale,P149,beige,4,profile,150.86,2,1,0,0.0
2008,7,2,France,9083,skirts,P045,white,3,profile,122.69,2,1,0,0.0
2008,4,27,UK,8745,trousers,P126,olive,6,profile,156.77,2,5,0,0.0
2008,8,12,USA,645,sale,P250,burgundy,2,profile,196.71,2,4,0,0.0
2008,7,16,Germany,9375,blouses,P138,violet,6,en face,155.69,2,4,0,0.0
2008,6,15,Italy,5104,blouses,P287,gray,2,profile,71.66,1,5,0,0.0
2008,4,24,France,5461,trousers,P127,pink,3,en face,78.15,1,4,1,125.39
2008,7,16,India,1638,trousers,P061,blue,3,profile,157.21,2,5,0,0.0
2008,5,3,Italy,121,blouses,P234,green,6,profile,53.24,1,5,0,0.0
2008,5,4,France,2982,blouses,P057,blue,1,profile,60.69,1,3,0,0.0
2008,7,14,India,5070,trousers,P130,gray,1,profile,22.31,1,5,0,0.0
2008,7,9,Australia,3075,blouses,P180,red,4,profile,61.32,1,4,0,0.0
2008,8,12,UK,8928,blouses,P186,gray,6,en face,166.59,2,3,0,0.0
2008,5,12,Italy,3279,trousers,P002,white,6,profile,10.2,1,5,0,0.0
2008,4,9,USA,2136,blouses,P123,beige,3,profile,84.69,1,5,0,0.0
2008,5,9,Australia,8942,trousers,P142,navy blue,6,en face,94.93,1,1,0,0.0
2008,5,12,India,4971,sale,P082,blue,6,profile,179.47,2,5,0,0.0
2008,4,21,Sweden,6196,blouses,P031,green,6,profile,184.33,2,3,1,472.87
2008,6,15,Australia,135,skirts,P293,green,2,profile,35.62,1,5,0,0.0
2008,7,8,Germany,7732,trousers,P063,white,2,en face,163.43,2,1,0,0.0
2008,8,20,USA,5325,sale,P074,red,2,en face,70.47,1,3,0,0.0
2008,8,1,Germany,9641,skirts,P188,brown,6,profile,133.7,2,3,0,0.0
2008,6,26,Germany,6161,skirts,P297,olive,4,en face,165.35,2,1,0,0.0
2008,5,16,Italy,2560,skirts,P189,pink,1,en face,191.95,2,3,0,0.0
2008,8,10,Australia,63,trousers,P005,olive,2,en face,141.86,2,1,0,0.0
2008,8,3,UK,1359,trousers,P161,burgundy,3,en face,45.48,1,4,0,0.0
2008,6,20,India,6726,blouses,P199,beige,1,profile,114.6,2,4,1,213.67
2008,7,15,UK,2468,blouses,P036,violet,4,profile,177.5,2,4,0,0.0
2008,8,25,Germany,680,skirts,P163,pink,5,en face,150.43,2,1,0,0.0
2008,5,22,UK,6798,sale,P240,burgundy,6,profile,91.26,1,2,0,0.0
2008,8,4,Australia,742,sale,P079,gray,2,en face,31.96,1,1,0,0.0
2008,6,23,Italy,5308,skirts,P129,violet,2,profile,179.12,2,4,0,0.0
2008,5,20,UK,7628,sale,P047,gray,4,profile,130.68,2,4,0,0.0
2008,6,27,Sweden,3642,blouses,P223,brown,3,en face,137.27,2,4,0,0.0
2008,8,15,France,445,skirts,P113,brown,6,en face,23.58,1,4,0,0.0
2008,7,1,Germany,8141,blouses,P273,red,5,en face,75.37,1,3,0,0.0
2008,8,23,Australia,3259,blouses,P114,beige,3,en face,74.78,1,2,1,195.11
2008,6,18,UK,4664,trousers,P004,black,6,en face,52.05,1,3,0,0.0
2008,4,22,Italy,1874,blouses,P082,violet,5,en face,162.67,2,4,0,0.0
2008,5,3,Sweden,6367,trousers,P021,black,3,en face,68.86,1,5,0,0.0
2008,5,18,UK,2597,trousers,P188,gray,2,profile,40.61,1,2,0,0.0
2008,6,2,Australia,1718,trousers,P059,burgundy,2,profile,69.14,1,2,0,0.0
2008,4,19,France,2913,sale,P213,gray,5,en face,33.65,1,2,0,0.0
2008,4,22,Australia,2844,skirts,P261,burgundy,2,profile,110.43,2,3,0,0.0
2008,6,20,Sweden,4028,trousers,P259,violet,6,en face,110.74,2,5,0,0.0
2008,8,15,Italy,5489,blouses,P249,violet,1,profile,30.92,1,1,0,0.0
2008,6,17,USA,8635,sale,P124,violet,3,profile,59.96,1,4,0,0.0
2008,8,13,India,8038,trousers,P187,black,1,profile,40.31,1,3,0,0.0
2008,6,23,Australia,9233,trousers,P037,black,6,profile,11.59,1,2,1,31.24
2008,5,28,India,490,blouses,P027,blue,6,en face,92.64,1,1,0,0.0
2008,4,4,USA,494,skirts,P236,beige,5,profile,80.41,1,4,1,113.88
2008,8,9,Sweden,691,trousers,P288,brown,4,en face,19.01,1,2,0,0.0
2008,6,24,Germany,3822,blouses,P244,pink,6,profile,97.04,1,5,0,0.0
2008,8,25,Italy,603,sale,P192,black,6,en face,147.87,2,4,0,0.0
2008,5,16,France,1912,trousers,P119,red,2,en face,146.16,2,2,0,0.0
2008,6,13,France,1015,skirts,P123,blue,2,profile,136.11,2,4,0,0.0
2008,6,28,USA,6157,sale,P168,olive,6,profile,178.17,2,5,0,0.0
2008,7,13,Sweden,1994,sale,P174,brown,5,en face,77.6,1,2,0,0.0
2008,7,11,USA,5770,sale,P088,black,5,profile,76.66,1,2,0,0.0
2008,7,20,Italy,3758,sale,P141,violet,2,en face,196.91,2,3,0,0.0
2008,6,20,Australia,2367,trousers,P040,pink,1,en face,184.81,2,2,0,0.0
2008,6,28,India,5284,sale,P011,beige,5,profile,175.79,2,4,0,0.0
2008,5,27,USA,4371,blouses,P278,green,2,en face,150.14,2,3,0,0.0
2008,7,9,Italy,6884,blouses,P139,olive,3,profile,40.05,1,1,0,0.0
2008,7,2,Germany,7012,trousers,P075,violet,6,profile,126.39,2,2,0,0.0
2008,6,15,Germany,1362,sale,P073,violet,5,profile,114.98,2,3,0,0.0
2008,6,21,Sweden,8462,sale,P141,white,6,en face,102.98,1,1,0,0.0
2008,5,17,France,1527,skirts,P262,olive,3,en face,102.59,1,4,0,0.0
2008,7,12,India,1328,trousers,P121,navy blue,6,profile,133.2,2,5,0,0.0
2008,5,14,Italy,8508,trousers,P164,brown,1,en face,95.99,1,1,0,0.0
2008,4,4,Sweden,9032,trousers,P066,pink,2,en face,68.32,1,1,0,0.0
2008,6,12,Germany,1552,trousers,P223,violet,6,profile,16.19,1,2,0,0.0
2008,8,1,France,7770,sale,P107,navy blue,3,en face,180.35,2,2,1,520.55
2008,7,27,Italy,9909,trousers,P151,navy blue,5,en face,59.29,1,1,0,0.0
2008,4,28,USA,1338,trousers,P240,blue,6,profile,116.02,2,5,0,0.0
2008,5,18,Australia,3902,blouses,P012,black,4,en face,88.87,1,2,0,0.0
2008,7,12,UK,3011,skirts,P281,beige,6,en face,122.36,2,2,1,179.55
2008,4,23,Australia,5042,trousers,P154,pink,3,profile,132.52,2,5,0,0.0
2008,6,2,Italy,8826,skirts,P151,beige,2,profile,101.54,1,4,0,0.0
2008,4,23,USA,2251,sale,P059,green,1,en face,107.78,2,1,0,0.0
2008,8,8,Italy,6534,blouses,P054,pink,5,profile,59.05,1,3,0,0.0
2008,4,5,USA,5040,skirts,P046,olive,1,profile,90.57,1,5,0,0.0
2008,7,17,Australia,2347,blouses,P297,beige,1,en face,184.12,2,4,0,0.0
2008,4,18,Australia,9283,blouses,P155,navy blue,2,profile,69.87,1,1,0,0.0
2008,8,26,Sweden,5486,trousers,P163,red,5,profile,56.66,1,4,0,0.0
2008,6,18,UK,2785,sale,P008,green,2,en face,177.14,2,5,0,0.0
2008,5,22,India,5120,sale,P223,green,2,en face,101.45,1,2,0,0.0
2008,6,23,Germany,7551,sale,P240,brown,1,en face,64.06,1,5,0,0.0
2008,5,1,France,5556,skirts,P050,brown,6,en face,35.07,1,2,0,0.0
2008,8,2,Italy,5600,trousers,P104,burgundy,4,profile,164.99,2,5,0,0.0
2008,7,5,France,7631,skirts,P029,violet,5,profile,84.73,1,5,0,0.0
2008,4,12,Sweden,151,sale,P179,gray,3,profile,141.9,2,2,0,0.0
2008,4,1,USA,2805,skirts,P157,blue,2,profile,188.97,2,2,0,0.0
2008,5,22,USA,5875,sale,P043,red,4,profile,181.68,2,1,0,0.0
2008,8,18,India,2087,skirts,P134,burgundy,1,profile,98.34,1,3,0,0.0
2008,5,20,Sweden,3752,sale,P199,blue,3,en face,186.51,2,2,0,0.0
2008,5,23,Germany,5613,sale,P292,violet,2,en face,35.17,1,5,1,55.01
2008,5,27,UK,2260,sale,P061,black,4,en face,152.56,2,1,0,0.0
2008,6,7,UK,4018,sale,P210,olive,5,en face,69.32,1,5,0,0.0
2008,5,22,Italy,6114,trousers,P155,pink,5,en face,60.98,1,3,0,0.0
2008,7,15,Italy,6059,skirts,P109,blue,1,profile,20.61,1,4,0,0.0
2008,8,8,India,2425,trousers,P067,beige,1,en face,82.28,1,4,1,142.28
2008,4,6,France,8035,sale,P166,blue,1,profile,165.12,2,5,0,0.0
2008,7,15,Germany,3857,blouses,P042,white,4,en face,153.79,2,3,1,165.0
2008,6,14,India,860,trousers,P079,brown,5,profile,166.23,2,5,0,0.0
2008,6,3,UK,8171,trousers,P134,red,1,en face,160.27,2,2,0,0.0
2008,4,4,France,7592,blouses,P141,olive,6,en face,194.57,2,3,0,0.0
2008,7,28,Sweden,8098,sale,P067,violet,6,en face,104.73,1,4,0,0.0
2008,6,22,Germany,7321,sale,P156,navy blue,2,profile,71.45,1,1,0,0.0
2008,6,18,UK,8564,trousers,P017,green,6,profile,170.1,2,3,0,0.0
2008,5,22,Italy,4740,sale,P006,black,1,profile,125.66,2,1,0,0.0
2008,5,11,Sweden,8595,blouses,P227,black,1,profile,182.51,2,2,0,0.0
2008,4,10,France,4463,sale,P024,burgundy,2,profile,72.54,1,3,0,0.0
2008,4,20,Germany,5529,blouses,P090,pink,6,en face,21.72,1,3,0,0.0
2008,8,12,India,1365,blouses,P240,black,5,profile,79.88,1,2,1,207.97
2008,7,17,USA,1780,blouses,P123,navy blue,2,profile,157.33,2,3,0,0.0
2008,6,9,Australia,9222,skirts,P207,olive,1,en face,149.48,2,1,1,199.59
2008,5,23,India,4786,trousers,P072,white,4,en face,173.28,2,2,0,0.0
2008,8,25,UK,6335,sale,P287,green,4,profile,66.84,1,1,0,0.0
2008,7,17,UK,1819,trousers,P038,black,1,en face,21.37,1,5,0,0.0
2008,7,10,USA,7800,sale,P128,burgundy,2,profile,68.97,1,2,0,0.0
2008,5,1,Sweden,4938,blouses,P288,white,1,profile,119.15,2,5,0,0.0
2008,7,15,UK,2705,sale,P173,gray,4,en face,102.23,1,4,0,0.0
2008,5,11,France,5286,trousers,P224,beige,4,profile,163.25,2,1,0,0.0
2008,5,7,Germany,176,skirts,P223,olive,2,en face,30.86,1,5,0,0.0
2008,8,18,USA,7482,blouses,P260,green,3,profile,129.63,2,3,1,300.12
2008,8,3,UK,2094,skirts,P109,blue,6,en face,78.72,1,2,0,0.0
2008,8,12,UK,8751,trousers,P013,red,4,en face,13.27,1,2,0,0.0
2008,4,22,Germany,3492,trousers,P068,blue,2,profile,188.45,2,4,0,0.0
2008,4,15,Sweden,1921,sale,P279,beige,6,profile,63.38,1,2,0,0.0
2008,8,13,Germany,83,trousers,P291,blue,3,profile,28.55,1,2,0,0.0
2008,4,15,Italy,817,blouses,P217,beige,6,profile,13.4,1,5,0,0.0
2008,7,9,India,8602,blouses,P197,olive,4,en face,55.4,1,5,0,0.0
2008,4,9,Sweden,7355,skirts,P261,burgundy,5,en face,87.17,1,2,0,0.0
2008,5,23,USA,4397,skirts,P056,white,4,en face,19.57,1,5,0,0.0
2008,4,1,Germany,9182,sale,P236,olive,3,en face,136.63,2,5,1,363.51
2008,5,5,UK,5569,skirts,P209,beige,1,en face,45.02,1,3,0,0.0
2008,7,26,UK,284,skirts,P029,pink,4,profile,24.64,1,4,0,0.0
2008,5,17,India,4121,blouses,P250,olive,1,en face,160.6,2,3,0,0.0
2008,4,6,Germany,7481,sale,P018,green,5,en face,32.68,1,5,0,0.0
2008,4,25,Sweden,610,skirts,P017,pink,4,profile,118.65,2,5,0,0.0
2008,6,22,France,2916,skirts,P211,brown,5,profile,20.44,1,3,0,0.0
2008,6,23,India,1814,skirts,P256,gray,2,en face,33.32,1,1,0,0.0
2008,5,27,Germany,1272,blouses,P053,red,3,en face,173.0,2,3,0,0.0
2008,4,14,Italy,5925,trousers,P062,violet,3,profile,34.62,1,4,0,0.0
2008,7,8,USA,9596,skirts,P254,red,6,en face,65.76,1,4,0,0.0
2008,4,28,Australia,2995,skirts,P280,blue,5,en face,184.91,2,1,0,0.0
2008,4,22,Sweden,7110,trousers,P039,green,1,en face,149.03,2,2,0,0.0
2008,4,17,UK,8614,sale,P059,violet,4,profile,122.26,2,4,0,0.0
2008,8,17,India,7357,sale,P022,red,5,en face,56.72,1,1,0,0.0
2008,7,28,Germany,2643,sale,P026,gray,2,profile,30.15,1,4,0,0.0
2008,7,16,USA,6554,skirts,P227,brown,1,en face,49.29,1,1,1,72.51
2008,5,7,France,4509,sale,P230,white,4,profile,132.14,2,5,0,0.0
2008,5,16,France,2306,sale,P174,brown,3,en face,186.6,2,5,0,0.0
2008,4,26,Germany,6503,blouses,P263,brown,6,en face,119.19,2,1,0,0.0
2008,8,4,France,6261,blouses,P103,red,1,profile,94.97,1,3,0,0.0
2008,8,6,Sweden,4196,trousers,P067,green,5,en face,197.76,2,1,0,0.0
2008,5,13,India,5563,skirts,P011,red,3,en face,168.25,2,3,0,0.0
2008,6,25,Australia,4841,blouses,P182,green,5,profile,30.58,1,3,0,0.0
2008,7,20,Italy,4656,skirts,P295,black,1,en face,48.9,1,5,0,0.0
2008,6,3,UK,8148,skirts,P295,olive,1,profile,118.7,2,3,0,0.0
2008,6,26,France,4169,blouses,P070,violet,6,en face,154.45,2,2,0,0.0
2008,5,24,USA,3850,trousers,P287,pink,4,profile,157.91,2,2,0,0.0
2008,8,28,Italy,9848,skirts,P259,black,4,profile,138.79,2,1,0,0.0
2008,5,8,Germany,8402,blouses,P070,navy blue,3,en face,61.98,1,4,0,0.0
2008,4,21,Germany,5254,blouses,P146,gray,4,profile,66.01,1,4,0,0.0
2008,7,20,USA,7885,trousers,P203,beige,2,profile,166.26,2,5,0,0.0
2008,5,4,India,5534,blouses,P135,pink,3,en face,145.88,2,4,0,0.0
2008,6,4,UK,2415,sale,P234,brown,3,profile,85.55,1,1,0,0.0
2008,5,20,India,3555,sale,P073,white,1,profile,172.28,2,3,0,0.0
2008,4,18,Germany,4692,blouses,P123,red,5,profile,141.89,2,4,0,0.0
2008,7,21,UK,4499,blouses,P031,black,5,en face,128.89,2,4,0,0.0
2008,7,1,France,2196,trousers,P028,burgundy,4,en face,176.73,2,5,0,0.0
2008,8,21,UK,5046,blouses,P117,green,6,profile,15.49,1,1,0,0.0
2008,5,25,Sweden,2601,blouses,P206,black,6,en face,83.39,1,3,0,0.0
2008,7,18,Australia,1519,skirts,P249,gray,6,en face,121.7,2,2,0,0.0
2008,8,26,India,4765,sale,P237,gray,5,profile,197.32,2,5,0,0.0
2008,8,28,Germany,4315,sale,P093,brown,1,en face,168.53,2,3,0,0.0
2008,4,13,Italy,3367,blouses,P272,white,5,profile,148.24,2,3,0,0.0
2008,5,9,Germany,6066,blouses,P178,olive,4,en face,124.89,2,5,0,0.0
2008,7,23,Italy,6583,sale,P260,brown,2,en face,111.79,2,5,0,0.0
2008,7,13,India,2634,sale,P136,white,3,profile,73.9,1,2,0,0.0
2008,5,9,UK,7338,trousers,P107,burgundy,5,profile,108.78,2,2,0,0.0
2008,8,15,Sweden,5634,sale,P096,pink,4,en face,136.05,2,1,0,0.0
2008,7,16,Germany,9169,skirts,P060,blue,5,en face,112.16,2,1,0,0.0
2008,8,6,Germany,8790,blouses,P126,violet,4,profile,152.62,2,2,0,0.0
2008,7,12,Italy,2435,blouses,P149,green,6,profile,180.07,2,4,0,0.0
2008,8,15,Germany,8278,sale,P003,red,3,profile,88.67,1,3,0,0.0
2008,4,24,Sweden,6759,skirts,P247,pink,2,profile,134.49,2,5,0,0.0
2008,5,20,UK,6612,trousers,P182,white,3,en face,161.2,2,3,0,0.0
2008,4,8,UK,4521,sale,P290,black,5,en face,180.09,2,1,0,0.0
2008,8,6,India,5588,skirts,P054,white,6,en face,101.54,1,3,0,0.0
2008,8,2,Italy,3546,sale,P284,pink,4,profile,150.48,2,5,1,154.22
2008,5,4,Germany,5966,trousers,P149,burgundy,4,en face,133.64,2,5,0,0.0
2008,5,14,India,5993,trousers,P002,violet,3,en face,43.64,1,3,0,0.0
2008,8,15,UK,8806,trousers,P057,red,4,en face,64.37,1,1,0,0.0
2008,6,5,France,5532,trousers,P063,burgundy,3,en face,191.09,2,2,1,324.1
2008,5,8,USA,5445,trousers,P196,burgundy,1,en face,124.9,2,4,0,0.0
2008,8,9,Australia,518,skirts,P278,green,6,profile,17.17,1,5,0,0.0
2008,5,17,Australia,6111,sale,P175,black,6,en face,35.93,1,4,0,0.0
2008,5,16,USA,6865,blouses,P083,white,4,en face,135.3,2,3,1,197.65
2008,7,12,Italy,7961,trousers,P058,violet,5,profile,178.3,2,5,0,0.0
2008,6,23,Italy,1416,blouses,P164,beige,5,profile,175.24,2,4,0,0.0
2008,7,9,USA,4665,sale,P090,blue,6,en face,141.31,2,1,0,0.0
2008,5,11,Sweden,4457,sale,P163,black,4,profile,145.83,2,3,0,0.0
2008,4,3,USA,2762,skirts,P232,blue,6,en face,103.96,1,4,0,0.0
2008,8,3,UK,4856,trousers,P159,beige,6,en face,10.27,1,4,0,0.0
2008,7,12,Italy,128,skirts,P270,violet,5,en face,23.89,1,5,0,0.0
2008,5,16,Australia,3475,trousers,P250,green,6,en face,46.6,1,3,0,0.0
2008,4,16,UK,7970,skirts,P112,violet,4,profile,134.31,2,5,0,0.0
2008,7,2,Italy,4311,sale,P161,green,6,en face,185.66,2,3,0,0.0
2008,5,17,India,2439,blouses,P170,navy blue,2,en face,19.49,1,2,0,0.0
2008,4,18,India,3766,sale,P055,navy blue,5,profile,188.91,2,2,0,0.0
2008,8,1,India,6877,sale,P020,red,2,profile,189.5,2,1,0,0.0
2008,5,16,Australia,5897,trousers,P288,red,1,en face,192.32,2,4,0,0.0
2008,8,7,USA,5841,trousers,P028,pink,6,profile,96.34,1,4,0,0.0
2008,4,26,Australia,8843,sale,P092,gray,5,en face,52.01,1,1,0,0.0
2008,8,7,Australia,9771,skirts,P269,olive,4,profile,172.41,2,2,0,0.0
2008,8,8,Sweden,1474,sale,P221,gray,5,en face,170.26,2,2,1,294.71
2008,4,24,Italy,4822,trousers,P214,pink,2,profile,41.16,1,4,0,0.0
2008,6,4,Germany,6916,trousers,P186,brown,2,profile,20.47,1,2,0,0.0
2008,4,19,UK,3561,sale,P252,violet,3,en face,71.69,1,2,1,122.09
2008,7,20,Germany,3952,sale,P220,blue,5,profile,61.19,1,1,0,0.0
2008,7,9,Italy,50,sale,P070,gray,4,profile,103.18,1,2,0,0.0
2008,7,9,USA,5438,skirts,P210,beige,5,en face,194.46,2,1,0,0.0
2008,5,6,Germany,9898,sale,P027,brown,6,en face,126.78,2,5,0,0.0
2008,8,13,Sweden,888,skirts,P091,burgundy,4,profile,64.91,1,2,0,0.0
2008,7,1,India,2617,blouses,P216,olive,5,en face,146.98,2,4,0,0.0
2008,5,16,Italy,517,blouses,P179,olive,2,profile,49.35,1,2,0,0.0
2008,8,11,UK,3169,sale,P043,brown,6,en face,106.54,2,3,0,0.0
2008,5,2,Sweden,2950,sale,P204,violet,5,en face,151.05,2,1,0,0.0
2008,6,14,Australia,1425,blouses,P185,green,2,en face,147.28,2,5,1,215.91
2008,8,15,Australia,140,blouses,P028,violet,6,profile,102.93,1,4,0,0.0
2008,7,17,France,1925,blouses,P234,navy blue,3,profile,52.79,1,1,0,0.0
2008,8,16,Germany,2379,blouses,P287,violet,5,profile,186.21,2,4,0,0.0
2008,5,5,France,3198,skirts,P206,olive,3,en face,119.25,2,2,1,172.96
2008,4,19,USA,5132,skirts,P185,red,1,profile,36.11,1,5,0,0.0
2008,8,12,USA,113,skirts,P101,black,5,en face,177.58,2,4,0,0.0
2008,7,20,France,4560,blouses,P137,navy blue,5,en face,117.27,2,1,0,0.0
2008,8,13,India,4596,blouses,P207,white,2,en face,142.21,2,5,0,0.0
2008,8,14,Germany,7998,sale,P089,navy blue,3,en face,167.9,2,4,0,0.0
2008,8,4,Australia,3251,trousers,P199,burgundy,4,profile,151.67,2,4,0,0.0
2008,8,20,Sweden,4691,sale,P136,violet,1,en face,67.44,1,2,0,0.0
2008,5,26,USA,8116,skirts,P188,green,1,en face,42.32,1,4,0,0.0
2008,7,16,UK,7768,trousers,P044,beige,4,profile,162.58,2,2,0,0.0
2008,5,21,India,4547,skirts,P139,pink,4,profile,188.21,2,1,0,0.0
2008,5,18,Germany,7085,skirts,P044,burgundy,6,profile,158.24,2,5,0,0.0
2008,7,26,Italy,3278,blouses,P233,blue,1,en face,73.4,1,4,0,0.0
2008,4,12,Australia,7543,blouses,P102,burgundy,6,en face,91.3,1,1,0,0.0
2008,6,11,Sweden,6594,trousers,P167,gray,3,profile,124.44,2,2,0,0.0
2008,8,26,Italy,4069,sale,P155,navy blue,2,profile,18.21,1,1,0,0.0
2008,8,9,UK,4409,blouses,P154,gray,3,profile,121.78,2,3,0,0.0
2008,7,27,Sweden,8645,blouses,P012,black,6,en face,93.55,1,3,0,0.0
2008,6,27,Sweden,8589,skirts,P172,green,4,en face,199.27,2,1,0,0.0
2008,7,4,India,7385,trousers,P117,beige,2,profile,175.08,2,5,0,0.0
2008,5,6,Australia,3223,skirts,P295,violet,5,profile,38.07,1,3,0,0.0
2008,6,18,Australia,8211,sale,P296,violet,2,en face,143.68,2,5,0,0.0
2008,7,27,India,452,skirts,P008,black,6,profile,139.95,2,3,0,0.0
2008,7,10,Sweden,3732,sale,P296,black,4,profile,74.63,1,1,0,0.0
2008,8,24,Australia,8954,trousers,P233,white,1,profile,37.7,1,3,0,0.0
2008,8,11,Germany,4987,sale,P055,beige,2,profile,12.93,1,3,0,0.0
2008,4,27,Australia,3664,skirts,P216,beige,1,profile,31.54,1,3,0,0.0
2008,6,4,Germany,2764,sale,P142,blue,1,profile,43.22,1,3,0,0.0
2008,4,2,UK,659,skirts,P191,navy blue,6,en face,114.83,2,5,0,0.0
2008,6,7,USA,7679,blouses,P227,blue,4,profile,72.85,1,4,0,0.0
2008,5,7,Italy,7677,skirts,P283,burgundy,1,en face,149.62,2,4,0,0.0
2008,8,16,Italy,4621,sale,P193,navy blue,3,en face,71.2,1,3,0,0.0
2008,6,24,France,1000,blouses,P007,black,4,profile,138.87,2,5,0,0.0
2008,5,17,Italy,390,blouses,P130,burgundy,1,profile,111.98,2,5,1,292.79
2008,8,9,India,3408,skirts,P116,navy blue,5,profile,13.03,1,5,0,0.0
2008,5,16,UK,1477,blouses,P095,olive,4,en face,113.77,2,2,0,0.0
2008,4,28,India,2241,blouses,P103,white,6,en face,136.38,2,1,0,0.0
2008,7,15,Australia,2387,trousers,P109,burgundy,1,profile,134.9,2,3,0,0.0
2008,8,5,UK,9140,skirts,P241,pink,2,profile,173.91,2,2,0,0.0
2008,7,2,USA,993,blouses,P051,beige,2,en face,152.07,2,1,0,0.0
2008,8,22,UK,4998,sale,P092,burgundy,3,en face,144.85,2,1,0,0.0
2008,7,15,France,3923,sale,P184,black,5,en face,21.22,1,5,0,0.0
2008,4,28,USA,2973,trousers,P078,blue,1,profile,105.83,1,3,0,0.0
2008,6,26,Australia,3387,skirts,P152,brown,3,profile,44.44,1,4,0,0.0
2008,8,4,India,7886,blouses,P095,pink,6,profile,146.64,2,2,0,0.0
2008,4,15,Germany,8813,sale,P243,violet,4,profile,63.69,1,1,0,0.0
2008,5,10,Germany,4770,sale,P211,violet,3,profile,10.9,1,4,0,0.0
2008,5,12,Sweden,1294,trousers,P129,pink,5,en face,115.64,2,2,0,0.0
2008,4,14,UK,1825,sale,P013,red,3,en face,60.79,1,3,0,0.0
2008,4,7,Sweden,2874,trousers,P030,white,2,en face,43.78,1,5,0,0.0
2008,6,1,Sweden,4174,trousers,P231,brown,4,en face,161.47,2,4,0,0.0
2008,8,17,Germany,2536,trousers,P046,burgundy,6,en face,132.53,2,5,0,0.0
2008,4,24,Sweden,9133,sale,P062,white,4,profile,40.17,1,5,0,0.0
2008,8,15,Sweden,1908,trousers,P175,green,3,en face,85.87,1,3,0,0.0
2008,7,9,USA,43,blouses,P233,blue,2,profile,179.39,2,2,0,0.0
2008,7,2,Germany,9492,sale,P290,white,5,profile,69.51,1,2,0,0.0
2008,7,21,USA,369,blouses,P205,navy blue,1,profile,105.3,2,2,0,0.0
2008,5,19,Germany,1152,trousers,P256,red,3,en face,179.86,2,2,0,0.0
2008,4,10,India,7753,trousers,P161,olive,4,profile,161.31,2,2,0,0.0
2008,4,3,UK,6359,trousers,P104,black,6,profile,62.56,1,4,1,138.09
2008,4,17,USA,5913,sale,P213,olive,6,en face,55.67,1,3,0,0.0
2008,4,26,Australia,6508,trousers,P081,olive,2,en face,54.85,1,3,0,0.0
2008,5,19,Australia,7526,trousers,P019,violet,3,en face,132.66,2,1,0,0.0
2008,4,22,UK,4161,sale,P173,violet,3,en face,23.44,1,4,0,0.0
2008,7,18,Sweden,4288,trousers,P179,white,3,profile,100.49,1,2,0,0.0
2008,7,10,France,7776,trousers,P288,white,1,en face,195.1,2,5,0,0.0
2008,8,13,UK,6715,trousers,P223,red,1,en face,113.52,2,3,0,0.0
2008,7,27,Italy,175,trousers,P124,burgundy,3,profile,137.41,2,2,0,0.0
2008,4,14,UK,1904,skirts,P096,beige,2,profile,25.12,1,1,0,0.0
2008,5,3,UK,1100,sale,P221,pink,1,en face,156.85,2,4,0,0.0
2008,4,18,USA,8115,sale,P203,gray,1,en face,53.11,1,1,0,0.0
2008,6,13,USA,3409,skirts,P047,olive,4,en face,12.06,1,1,0,0.0
2008,6,10,Australia,1539,trousers,P208,olive,4,en face,136.27,2,2,0,0.0
2008,6,4,France,2293,trousers,P256,red,1,profile,14.82,1,2,0,0.0
2008,5,12,France,9301,blouses,P182,black,4,en face,106.85,2,4,0,0.0
2008,6,19,Italy,1364,blouses,P198,black,2,en face,119.34,2,2,0,0.0
2008,5,27,Germany,7189,sale,P205,olive,5,profile,16.48,1,1,0,0.0
2008,8,21,India,6628,skirts,P272,brown,4,en face,88.9,1,5,0,0.0
2008,8,10,France,5261,blouses,P059,black,2,en face,166.02,2,4,0,0.0
2008,8,25,France,6816,blouses,P037,violet,4,en face,96.78,1,2,0,0.0
2008,6,27,Italy,9462,skirts,P292,brown,3,en face,151.48,2,5,0,0.0
2008,8,16,Germany,681,blouses,P026,burgundy,3,profile,160.3,2,4,0,0.0
2008,7,28,France,9316,trousers,P260,white,5,profile,33.3,1,3,1,91.88
2008,4,11,India,9299,sale,P298,gray,1,profile,109.97,2,1,0,0.0
2008,6,14,Sweden,3665,blouses,P265,navy blue,2,profile,142.19,2,5,0,0.0
2008,6,16,USA,1662,trousers,P148,red,4,profile,141.23,2,3,0,0.0
2008,8,16,UK,509,blouses,P166,white,3,profile,62.02,1,2,0,0.0
2008,7,4,USA,167,blouses,P200,brown,3,en face,96.12,1,3,0,0.0
2008,6,12,Sweden,5498,blouses,P238,white,1,en face,174.49,2,5,0,0.0
2008,4,25,India,8300,blouses,P244,gray,6,profile,183.12,2,5,0,0.0
2008,5,20,Germany,1007,blouses,P140,brown,6,en face,61.1,1,2,0,0.0
2008,7,2,India,9740,sale,P295,navy blue,6,en face,39.72,1,5,0,0.0
2008,6,7,Australia,1915,trousers,P176,gray,6,en face,128.37,2,5,0,0.0
2008,5,18,Germany,3495,blouses,P093,navy blue,6,en face,41.82,1,1,0,0.0
2008,6,18,UK,9634,blouses,P299,gray,3,en face,64.32,1,3,0,0.0
2008,4,16,Italy,9751,blouses,P107,red,6,en face,194.68,2,1,0,0.0
2008,8,16,Germany,6445,blouses,P189,navy blue,4,en face,115.48,2,5,0,0.0
2008,4,26,Australia,4991,sale,P219,blue,2,en face,170.89,2,1,0,0.0
2008,7,10,Australia,2537,blouses,P095,green,2,en face,84.75,1,1,0,0.0
2008,6,23,Australia,1105,blouses,P032,blue,6,en face,77.08,1,1,0,0.0
2008,5,7,USA,3876,skirts,P049,olive,1,en face,189.03,2,5,0,0.0
2008,6,7,Italy,7524,skirts,P075,green,2,en face,91.38,1,4,0,0.0
2008,7,22,France,1753,blouses,P081,brown,1,profile,89.11,1,2,0,0.0
2008,8,22,Germany,5311,sale,P002,brown,3,en face,88.15,1,4,0,0.0
2008,7,27,Italy,7297,trousers,P190,olive,1,en face,187.85,2,2,0,0.0
2008,4,17,France,2917,sale,P132,brown,4,en face,162.77,2,5,0,0.0
2008,5,15,Germany,8975,trousers,P060,brown,6,en face,70.08,1,4,0,0.0
2008,7,19,Sweden,5755,trousers,P134,pink,5,profile,84.56,1,5,0,0.0
2008,4,28,Australia,153,blouses,P163,violet,2,en face,59.68,1,2,0,0.0
2008,5,24,UK,7691,sale,P208,black,3,profile,172.58,2,4,0,0.0
2008,6,26,Australia,5680,trousers,P182,pink,1,profile,62.76,1,1,1,109.0
2008,4,8,UK,3908,trousers,P012,red,1,en face,96.26,1,3,1,99.35
2008,8,3,France,9136,trousers,P180,green,1,en face,98.19,1,5,0,0.0
2008,5,13,Germany,2553,skirts,P295,pink,4,en face,123.36,2,1,0,0.0
2008,5,22,Germany,2774,blouses,P028,red,5,en face,12.51,1,3,0,0.0
2008,6,1,Italy,6099,blouses,P165,olive,4,en face,10.52,1,2,0,0.0
2008,6,19,Germany,3552,trousers,P044,burgundy,4,profile,63.32,1,5,0,0.0
2008,5,7,USA,3723,blouses,P072,pink,4,profile,171.83,2,3,0,0.0
2008,8,9,UK,9871,trousers,P105,blue,4,profile,123.52,2,3,0,0.0
2008,7,22,India,521,blouses,P072,burgundy,5,en face,155.64,2,1,0,0.0
2008,7,28,Germany,8034,trousers,P029,olive,5,profile,43.34,1,1,0,0.0
2008,6,6,UK,4539,trousers,P185,pink,5,en face,115.01,2,2,0,0.0
2008,7,16,Italy,6779,trousers,P197,black,3,en face,184.07,2,5,0,0.0
2008,5,1,Australia,1823,sale,P016,beige,1,profile,131.1,2,1,0,0.0
2008,4,1,Germany,4087,trousers,P189,white,5,en face,83.57,1,4,0,0.0
2008,4,28,France,6149,trousers,P102,olive,5,profile,16.7,1,1,0,0.0
2008,4,13,India,8743,skirts,P197,olive,2,en face,20.85,1,4,0,0.0
2008,4,16,USA,9473,skirts,P179,green,6,en face,187.14,2,1,0,0.0
2008,6,25,India,7742,blouses,P293,green,2,en face,148.41,2,3,0,0.0
2008,8,17,UK,310,skirts,P038,beige,1,profile,174.5,2,4,1,452.77
2008,6,20,Australia,7721,trousers,P057,white,4,profile,108.78,2,4,0,0.0
2008,4,3,Sweden,8223,sale,P187,burgundy,4,en face,195.43,2,5,0,0.0
2008,6,15,Sweden,8657,skirts,P094,gray,4,profile,148.94,2,1,0,0.0
2008,7,19,Italy,3600,skirts,P282,violet,5,profile,49.94,1,3,0,0.0
2008,8,26,Sweden,3623,skirts,P220,green,5,profile,153.87,2,4,0,0.0
2008,6,13,Sweden,3812,trousers,P115,red,3,en face,88.35,1,1,0,0.0
2008,4,25,UK,3451,sale,P096,brown,3,profile,98.64,1,5,0,0.0
2008,8,3,UK,4592,trousers,P024,gray,5,en face,182.73,2,5,0,0.0
2008,6,4,USA,206,skirts,P288,black,1,en face,175.64,2,3,0,0.0
2008,5,19,Sweden,9841,trousers,P185,red,1,en face,81.33,1,3,0,0.0
2008,5,1,Italy,1136,sale,P166,navy blue,5,en face,165.81,2,5,1,468.88
2008,4,25,Australia,9385,skirts,P256,white,5,profile,78.0,1,5,0,0.0
2008,6,13,India,2750,skirts,P120,white,6,profile,21.92,1,1,0,0.0
2008,8,11,Italy,3614,trousers,P222,olive,1,en face,129.63,2,5,0,0.0
2008,7,10,Sweden,306,skirts,P108,olive,6,en face,76.16,1,2,0,0.0
2008,5,7,Australia,1850,sale,P261,olive,3,profile,185.5,2,1,0,0.0
2008,5,12,India,7670,trousers,P033,burgundy,6,en face,158.74,2,1,0,0.0
2008,4,13,Italy,1989,sale,P230,pink,5,profile,96.21,1,2,0,0.0
2008,7,10,Germany,3241,trousers,P115,red,1,en face,69.97,1,3,0,0.0
2008,6,17,Germany,2799,blouses,P127,blue,1,en face,106.17,2,5,1,202.4
2008,4,6,Australia,4516,trousers,P169,navy blue,6,en face,12.23,1,4,0,0.0
2008,4,15,Australia,5631,skirts,P129,pink,5,en face,75.37,1,2,0,0.0
2008,6,28,UK,9373,trousers,P021,blue,6,en face,40.68,1,2,1,44.92
2008,6,4,USA,3110,skirts,P114,pink,2,profile,85.96,1,2,0,0.0
2008,4,26,India,4940,blouses,P167,beige,6,en face,33.16,1,5,0,0.0
2008,8,1,USA,4060,sale,P142,olive,2,profile,157.95,2,3,0,0.0
2008,5,17,Australia,1988,blouses,P060,gray,3,en face,178.76,2,2,0,0.0
2008,4,21,Australia,7158,skirts,P241,violet,4,en face,88.42,1,1,0,0.0
2008,5,20,India,8875,skirts,P188,black,1,profile,97.08,1,2,1,193.53
2008,4,21,Sweden,6614,skirts,P292,burgundy,3,profile,121.54,2,3,0,0.0
2008,7,17,Sweden,384,sale,P083,brown,1,en face,134.44,2,4,1,165.14
2008,8,18,USA,5635,trousers,P052,pink,6,en face,29.13,1,2,1,64.5
2008,8,19,Sweden,4308,sale,P104,navy blue,3,profile,166.01,2,1,0,0.0
2008,4,7,India,3389,trousers,P030,white,6,profile,43.28,1,5,0,0.0
2008,7,25,France,3157,trousers,P232,black,2,profile,19.26,1,1,0,0.0
2008,5,27,Sweden,9996,blouses,P055,white,5,en face,89.98,1,3,0,0.0
2008,6,10,India,2728,skirts,P016,pink,2,en face,68.34,1,5,0,0.0
2008,8,21,Sweden,6334,sale,P070,violet,4,en face,99.26,1,2,0,0.0
2008,4,19,Sweden,9900,blouses,P039,blue,6,profile,126.59,2,2,0,0.0
2008,7,12,Italy,8752,blouses,P228,black,4,en face,100.5,1,1,0,0.0
2008,6,10,France,8303,sale,P081,burgundy,5,en face,155.13,2,1,1,302.0
2008,5,13,UK,6038,sale,P239,pink,4,profile,76.03,1,1,0,0.0
2008,4,14,Australia,3833,trousers,P099,red,4,profile,119.85,2,3,0,0.0
2008,5,21,Italy,8918,sale,P266,violet,2,en face,140.15,2,1,0,0.0
2008,7,27,Australia,4777,blouses,P197,pink,4,en face,15.7,1,4,0,0.0
2008,8,16,France,4277,skirts,P120,violet,1,en face,56.7,1,4,0,0.0
2008,6,26,France,254,skirts,P260,olive,3,en face,138.59,2,2,0,0.0
2008,4,24,Germany,7896,trousers,P101,violet,1,profile,192.05,2,5,0,0.0
2008,4,22,Germany,9591,sale,P072,gray,3,en face,52.54,1,4,0,0.0
2008,6,7,Germany,7289,blouses,P230,green,6,en face,79.68,1,4,0,0.0
2008,6,9,India,279,skirts,P194,gray,1,en face,186.82,2,4,0,0.0
2008,4,14,Sweden,3253,skirts,P091,beige,1,en face,108.97,2,1,0,0.0
2008,7,9,UK,2481,skirts,P133,blue,1,profile,66.21,1,5,1,175.65
2008,7,12,France,290,blouses,P169,navy blue,4,en face,108.56,2,5,0,0.0
2008,5,3,India,6087,sale,P124,black,3,profile,171.32,2,1,0,0.0
2008,5,17,Italy,3076,skirts,P121,black,1,en face,19.73,1,1,0,0.0
2008,5,23,France,8124,blouses,P041,gray,3,profile,148.06,2,1,0,0.0
2008,5,17,India,7599,sale,P287,burgundy,5,profile,149.05,2,2,0,0.0
2008,5,11,USA,6404,blouses,P026,blue,3,en face,54.97,1,1,0,0.0
2008,7,8,USA,5090,trousers,P189,red,3,profile,166.06,2,2,0,0.0
2008,4,20,UK,7284,sale,P095,blue,4,en face,79.88,1,1,0,0.0
2008,6,27,India,9718,skirts,P195,brown,5,en face,119.71,2,2,0,0.0
2008,5,2,France,8403,trousers,P253,olive,2,en face,13.19,1,3,1,23.68
2008,4,22,USA,6122,sale,P220,beige,1,profile,46.47,1,2,0,0.0
2008,6,28,India,7755,blouses,P229,violet,2,profile,29.02,1,4,0,0.0
2008,6,25,UK,271,skirts,P069,pink,1,profile,25.22,1,4,0,0.0
2008,8,17,USA,6010,sale,P021,burgundy,3,en face,90.41,1,2,0,0.0
2008,7,19,Australia,4571,skirts,P254,red,2,profile,161.36,2,1,0,0.0
2008,5,21,India,9117,blouses,P029,brown,6,en face,120.67,2,4,0,0.0
2008,4,28,UK,9804,blouses,P172,navy blue,6,profile,186.43,2,1,0,0.0
2008,4,21,Sweden,2972,skirts,P168,olive,5,en face,127.18,2,4,0,0.0
2008,8,15,Germany,6194,trousers,P019,red,4,profile,173.03,2,3,0,0.0
2008,8,16,Australia,8769,trousers,P064,burgundy,2,profile,134.17,2,5,0,0.0
2008,6,8,Australia,4208,trousers,P179,blue,2,en face,182.16,2,2,0,0.0
2008,7,2,Germany,3219,sale,P055,burgundy,1,en face,86.67,1,4,0,0.0
2008,4,7,UK,1392,trousers,P238,blue,5,en face,40.85,1,3,0,0.0
2008,5,6,India,3976,skirts,P166,white,5,profile,33.84,1,2,0,0.0
2008,6,11,Australia,4317,skirts,P226,burgundy,3,profile,179.86,2,4,0,0.0
2008,8,15,Sweden,7960,blouses,P198,violet,3,profile,108.32,2,2,0,0.0
2008,6,21,UK,7345,skirts,P119,beige,4,profile,95.16,1,4,0,0.0
2008,4,13,UK,7449,skirts,P298,blue,4,en face,75.61,1,2,0,0.0
2008,8,4,Australia,84,trousers,P215,green,1,en face,73.24,1,1,0,0.0
2008,7,16,India,874,sale,P111,beige,1,en face,105.05,1,3,1,222.98
2008,6,22,Italy,9606,trousers,P191,olive,3,profile,174.05,2,2,0,0.0
2008,6,10,Australia,7636,trousers,P071,red,3,en face,52.06,1,4,0,0.0
2008,8,11,Germany,4558,trousers,P112,olive,3,profile,85.76,1,1,0,0.0
2008,5,24,UK,4501,blouses,P153,pink,5,profile,86.91,1,2,0,0.0
2008,8,26,Australia,4648,skirts,P202,green,5,profile,146.94,2,2,0,0.0
2008,7,28,USA,2039,trousers,P109,navy blue,3,en face,10.49,1,5,0,0.0
2008,7,7,France,9695,trousers,P068,burgundy,4,en face,186.0,2,4,0,0.0
2008,4,17,Australia,6910,skirts,P030,burgundy,5,profile,86.93,1,3,0,0.0
2008,7,19,Italy,2451,blouses,P042,blue,3,profile,62.59,1,3,1,169.25
2008,4,16,Sweden,3955,sale,P220,pink,2,profile,176.62,2,3,0,0.0
2008,4,3,Italy,2330,skirts,P134,green,6,en face,57.99,1,3,0,0.0
2008,5,13,Italy,9125,trousers,P081,burgundy,2,en face,14.99,1,1,0,0.0
2008,6,11,Australia,7045,trousers,P237,beige,6,profile,73.33,1,5,0,0.0
2008,7,11,Australia,5043,blouses,P282,green,5,en face,157.17,2,4,0,0.0
2008,5,22,Germany,9365,blouses,P139,olive,5,profile,65.28,1,5,0,0.0
2008,5,5,India,4747,sale,P247,pink,6,en face,125.56,2,3,0,0.0
2008,6,4,France,9368,trousers,P021,white,3,profile,179.76,2,2,0,0.0
2008,7,9,India,9403,sale,P096,white,3,en face,156.79,2,4,0,0.0
2008,5,17,France,6492,sale,P027,gray,2,en face,80.17,1,2,1,116.76
2008,6,13,UK,6638,skirts,P237,blue,5,profile,118.5,2,5,0,0.0
2008,8,9,Sweden,7226,trousers,P230,black,2,en face,132.12,2,1,0,0.0
2008,7,14,France,2402,skirts,P062,navy blue,1,profile,28.69,1,1,0,0.0
2008,7,12,India,5521,trousers,P282,beige,4,profile,170.63,2,2,0,0.0
2008,6,14,India,1217,blouses,P106,blue,1,profile,159.74,2,5,0,0.0
2008,7,14,Italy,8696,blouses,P011,red,5,en face,14.35,1,5,0,0.0
2008,5,17,Australia,6021,blouses,P288,blue,6,en face,113.53,2,1,0,0.0
2008,7,3,India,6866,sale,P142,green,5,en face,143.2,2,3,1,222.34
2008,4,28,Germany,1065,skirts,P167,olive,6,profile,128.63,2,3,0,0.0
2008,4,13,UK,3787,blouses,P297,navy blue,4,profile,128.38,2,2,0,0.0
2008,8,9,Sweden,4411,trousers,P140,pink,2,en face,118.15,2,4,0,0.0
2008,4,23,Germany,6860,sale,P176,gray,5,en face,170.22,2,2,0,0.0
2008,5,3,Germany,6761,blouses,P261,brown,2,profile,40.49,1,1,1,65.56
2008,7,15,Australia,5524,skirts,P205,gray,3,en face,12.63,1,3,0,0.0
2008,4,17,Germany,5997,sale,P166,blue,3,profile,30.54,1,1,0,0.0
2008,6,9,France,8834,trousers,P293,brown,6,en face,106.06,1,2,0,0.0
2008,8,17,India,5889,sale,P021,brown,6,en face,16.98,1,2,0,0.0
2008,8,16,USA,2162,sale,P126,beige,2,profile,162.86,2,2,0,0.0
2008,6,2,France,3009,skirts,P136,olive,2,profile,75.03,1,5,0,0.0
2008,8,10,Sweden,1106,blouses,P089,red,5,profile,133.18,2,5,0,0.0
2008,8,16,India,6655,trousers,P297,blue,2,profile,133.64,2,5,0,0.0
2008,7,17,India,693,blouses,P033,violet,2,profile,176.48,2,1,0,0.0
2008,7,10,USA,9958,blouses,P136,blue,5,en face,199.53,2,4,0,0.0
2008,4,7,France,4957,blouses,P038,gray,3,profile,161.98,2,5,0,0.0
2008,7,25,UK,6598,skirts,P090,white,5,profile,197.57,2,1,0,0.0
2008,5,17,Australia,8481,trousers,P187,violet,5,profile,128.07,2,1,0,0.0
2008,4,24,Germany,4370,trousers,P282,black,5,en face,96.58,1,3,0,0.0
2008,8,23,Germany,2766,blouses,P296,blue,1,profile,32.07,1,4,0,0.0
2008,7,16,USA,3930,sale,P021,violet,2,profile,115.67,2,4,0,0.0
2008,4,28,France,7135,sale,P212,green,5,en face,49.06,1,2,0,0.0
2008,8,12,Australia,8736,skirts,P198,brown,5,profile,13.21,1,1,0,0.0
2008,7,1,India,7531,skirts,P221,green,5,en face,116.68,2,1,0,0.0
2008,5,3,Australia,7529,skirts,P143,gray,6,en face,152.77,2,5,0,0.0
2008,7,14,Australia,629,sale,P144,green,5,en face,189.94,2,4,0,0.0
2008,5,18,UK,2452,skirts,P041,violet,6,profile,136.76,2,5,0,0.0
2008,7,27,India,6240,skirts,P293,black,1,profile,180.97,2,3,0,0.0
2008,8,3,Germany,7013,sale,P172,beige,3,en face,147.03,2,2,1,269.03
2008,4,4,USA,3825,blouses,P257,violet,4,en face,100.27,1,3,0,0.0
2008,7,27,Italy,8978,sale,P066,brown,3,profile,176.29,2,2,0,0.0
2008,5,18,Sweden,2653,sale,P146,gray,5,en face,194.86,2,3,0,0.0
2008,8,25,Sweden,9108,blouses,P250,violet,2,en face,75.2,1,5,1,115.9
2008,4,17,Germany,3744,sale,P210,gray,3,en face,100.4,1,2,0,0.0
2008,4,9,Germany,2177,sale,P195,beige,2,en face,81.84,1,4,0,0.0
2008,7,3,France,9907,skirts,P249,red,1,profile,187.45,2,3,0,0.0
2008,8,16,Italy,9264,blouses,P187,beige,6,profile,116.92,2,3,0,0.0
2008,4,18,UK,3319,sale,P170,white,5,profile,42.93,1,3,0,0.0
2008,7,3,Australia,6344,skirts,P213,olive,6,en face,113.95,2,2,1,168.06
2008,5,1,UK,2788,skirts,P001,beige,2,en face,134.16,2,3,0,0.0
2008,7,20,Italy,4106,sale,P216,beige,5,en face,61.28,1,1,0,0.0
2008,6,19,Germany,6356,sale,P147,olive,6,profile,145.76,2,5,1,248.9
2008,7,23,Sweden,1677,sale,P285,olive,4,profile,136.24,2,2,0,0.0
2008,4,19,UK,3948,sale,P073,olive,3,en face,131.01,2,4,0,0.0
2008,5,27,France,4445,sale,P295,beige,4,en face,195.94,2,1,0,0.0
2008,5,19,Sweden,2937,trousers,P124,olive,5,profile,58.63,1,4,0,0.0
2008,7,18,UK,9006,skirts,P008,navy blue,6,en face,193.48,2,5,0,0.0
2008,7,20,USA,7767,trousers,P072,red,1,profile,43.15,1,2,0,0.0
2008,7,28,Sweden,5723,sale,P187,burgundy,3,profile,185.13,2,3,1,507.16
2008,7,5,India,7442,blouses,P183,violet,4,profile,119.66,2,3,0,0.0
2008,4,22,Sweden,2504,blouses,P097,black,1,en face,117.03,2,5,1,274.14
2008,7,14,Germany,8483,sale,P298,brown,1,en face,152.38,2,4,0,0.0
2008,6,22,Italy,2370,trousers,P091,white,1,en face,27.54,1,5,0,0.0
2008,6,22,USA,4968,trousers,P168,pink,6,profile,138.25,2,1,0,0.0
2008,4,19,Germany,5884,trousers,P036,pink,4,profile,51.35,1,4,1,73.08
2008,5,3,France,2218,blouses,P231,navy blue,3,en face,65.45,1,2,1,121.04
2008,7,6,Australia,5848,blouses,P184,brown,6,en face,55.52,1,4,0,0.0
2008,8,10,Australia,2219,sale,P198,white,6,en face,83.1,1,2,0,0.0
2008,5,7,Australia,3327,trousers,P187,green,1,profile,53.67,1,5,0,0.0
2008,7,4,Sweden,6734,trousers,P272,olive,2,en face,32.16,1,4,0,0.0
2008,8,5,India,3584,blouses,P136,navy blue,5,profile,178.48,2,3,0,0.0
2008,4,21,Australia,9825,trousers,P158,beige,2,profile,154.6,2,1,0,0.0
2008,4,21,USA,3620,trousers,P119,black,1,profile,26.46,1,5,0,0.0
2008,5,7,USA,7708,sale,P179,brown,5,profile,43.07,1,4,0,0.0
2008,5,4,Italy,6433,blouses,P264,gray,2,en face,98.22,1,1,0,0.0
2008,5,6,UK,3116,trousers,P293,navy blue,4,en face,10.49,1,4,0,0.0
2008,4,12,Italy,86,blouses,P184,pink,6,profile,61.59,1,5,0,0.0
2008,5,15,France,5974,trousers,P118,black,2,profile,136.98,2,5,0,0.0
2008,8,27,France,2802,blouses,P127,burgundy,3,en face,121.12,2,2,1,246.15
2008,6,25,France,3672,trousers,P109,black,5,en face,153.02,2,3,0,0.0
2008,6,7,Sweden,3668,blouses,P210,black,1,profile,94.92,1,4,0,0.0
2008,6,23,Italy,9795,blouses,P058,pink,3,profile,186.96,2,2,0,0.0
2008,7,18,Sweden,5159,blouses,P026,violet,3,en face,143.85,2,2,0,0.0
2008,5,21,Germany,5726,skirts,P043,red,1,en face,96.35,1,1,0,0.0
2008,4,8,USA,4591,trousers,P112,red,5,en face,171.99,2,2,0,0.0
2008,6,13,UK,2020,sale,P103,green,3,en face,143.98,2,5,0,0.0
2008,5,5,USA,7832,blouses,P138,brown,2,profile,60.49,1,1,1,80.37
2008,5,4,UK,2526,trousers,P266,brown,1,en face,87.52,1,4,0,0.0
2008,6,25,Italy,8287,trousers,P174,burgundy,5,profile,91.65,1,1,0,0.0
2008,8,20,Germany,9207,blouses,P212,violet,4,en face,125.18,2,3,0,0.0
2008,8,1,UK,3213,skirts,P223,blue,4,profile,76.39,1,2,0,0.0
2008,6,20,USA,520,blouses,P073,burgundy,3,profile,139.77,2,2,0,0.0
2008,7,17,India,5367,sale,P119,red,5,profile,80.85,1,1,0,0.0
2008,5,6,France,6763,skirts,P211,blue,5,en face,48.34,1,3,0,0.0
2008,4,17,Germany,2896,blouses,P121,olive,3,en face,167.42,2,3,0,0.0
2008,6,19,Italy,245,skirts,P041,beige,3,profile,127.54,2,3,1,274.17
2008,6,16,India,5931,blouses,P083,violet,5,en face,19.53,1,3,0,0.0
2008,5,15,Sweden,4715,trousers,P090,violet,5,en face,20.92,1,3,0,0.0
2008,4,9,Sweden,9568,trousers,P161,pink,5,en face,130.01,2,5,0,0.0
2008,4,20,Italy,3426,blouses,P248,green,3,profile,147.36,2,1,0,0.0
2008,6,19,Germany,6932,blouses,P117,pink,3,en face,159.17,2,5,0,0.0
2008,6,25,USA,6721,skirts,P049,black,2,en face,118.81,2,5,0,0.0
2008,5,8,India,7411,blouses,P297,brown,5,en face,139.22,2,2,0,0.0
2008,5,28,Australia,6178,trousers,P126,beige,1,profile,127.62,2,2,0,0.0
2008,7,19,Germany,7251,skirts,P244,pink,6,profile,109.81,2,4,0,0.0
2008,8,8,Sweden,5510,blouses,P031,blue,6,profile,115.28,2,5,0,0.0
2008,6,16,UK,2002,skirts,P142,navy blue,4,profile,95.66,1,2,0,0.0
2008,5,15,UK,886,skirts,P096,olive,3,profile,151.89,2,3,0,0.0
2008,7,23,France,870,sale,P017,navy blue,6,profile,186.03,2,2,0,0.0
2008,8,12,Sweden,9689,sale,P095,navy blue,2,en face,117.8,2,1,0,0.0
2008,8,24,Germany,5721,trousers,P253,blue,4,profile,50.94,1,4,0,0.0
2008,7,8,UK,357,sale,P184,olive,6,en face,47.52,1,2,0,0.0
2008,4,9,France,9908,trousers,P284,red,5,en face,86.22,1,2,0,0.0
2008,6,16,Germany,5452,blouses,P067,blue,4,profile,15.77,1,5,0,0.0
2008,5,25,Germany,8194,trousers,P232,pink,2,en face,116.08,2,3,0,0.0
2008,5,10,Sweden,6439,sale,P108,black,3,en face,195.34,2,4,0,0.0
2008,8,25,Australia,7705,sale,P075,violet,6,profile,194.98,2,3,1,544.11
2008,5,17,France,1276,skirts,P059,brown,5,en face,123.49,2,2,0,0.0
2008,6,23,Australia,1891,trousers,P152,pink,2,en face,104.0,1,1,0,0.0
2008,7,19,Italy,8687,sale,P109,brown,3,profile,36.45,1,4,0,0.0
2008,6,12,Italy,6569,sale,P274,navy blue,5,en face,76.57,1,4,0,0.0
2008,8,26,UK,9624,trousers,P230,pink,5,profile,92.86,1,2,0,0.0
2008,5,3,France,3564,skirts,P116,black,4,profile,47.56,1,5,0,0.0
2008,5,14,USA,5788,sale,P085,olive,4,en face,150.8,2,1,0,0.0
2008,7,1,India,4959,sale,P086,olive,4,profile,187.15,2,4,1,289.39
2008,7,13,USA,1547,skirts,P139,gray,5,en face,73.21,1,1,0,0.0
2008,5,19,USA,2381,blouses,P158,red,3,profile,193.83,2,4,0,0.0
2008,4,23,France,3824,trousers,P197,gray,6,profile,40.85,1,5,0,0.0
2008,8,9,Sweden,3233,sale,P195,red,3,profile,59.29,1,5,0,0.0
2008,4,14,USA,8400,trousers,P291,navy blue,1,profile,142.36,2,3,0,0.0
2008,5,20,India,3307,sale,P005,green,1,profile,20.69,1,4,0,0.0
2008,7,20,Italy,493,skirts,P242,red,3,en face,41.73,1,2,0,0.0
2008,7,19,USA,3500,skirts,P033,red,1,en face,86.0,1,1,0,0.0
2008,8,7,UK,6665,blouses,P293,blue,6,profile,104.86,1,2,0,0.0
2008,7,20,India,1117,blouses,P147,green,4,en face,31.17,1,2,0,0.0
2008,8,17,UK,5638,trousers,P021,beige,6,en face,107.0,1,4,0,0.0
2008,4,23,Australia,8775,trousers,P092,gray,4,profile,116.4,2,1,0,0.0
2008,8,4,France,6147,sale,P228,beige,3,profile,171.13,2,1,0,0.0
2008,8,1,Italy,9868,sale,P230,gray,1,profile,139.69,2,4,0,0.0
2008,6,23,Sweden,8776,skirts,P123,brown,2,profile,56.16,1,5,0,0.0
2008,8,20,Sweden,6708,skirts,P010,olive,2,profile,187.77,2,2,0,0.0
2008,4,3,Germany,9949,blouses,P251,beige,3,en face,43.57,1,5,0,0.0
2008,7,16,USA,7966,blouses,P279,beige,5,profile,20.84,1,2,0,0.0
2008,5,26,Italy,3646,skirts,P173,brown,3,profile,71.59,1,3,0,0.0
2008,8,25,Sweden,2501,blouses,P222,white,5,profile,48.6,1,3,0,0.0
2008,6,7,Sweden,5678,sale,P100,navy blue,1,en face,186.81,2,4,0,0.0
2008,6,6,Sweden,5242,skirts,P049,pink,5,en face,150.05,2,1,0,0.0
2008,7,9,USA,6519,trousers,P234,burgundy,3,en face,114.69,2,1,0,0.0
2008,4,18,Germany,2784,trousers,P069,brown,4,en face,92.52,1,1,0,0.0
2008,4,9,Germany,6159,blouses,P261,green,2,profile,190.79,2,4,0,0.0
2008,5,11,Germany,3810,sale,P245,olive,6,profile,110.7,2,5,0,0.0
2008,5,6,USA,9429,trousers,P252,navy blue,6,profile,164.47,2,1,0,0.0
2008,8,17,Sweden,9525,blouses,P245,green,6,profile,155.47,2,3,0,0.0
2008,6,14,UK,8600,trousers,P251,white,6,profile,189.34,2,2,0,0.0
2008,7,4,India,1697,sale,P050,blue,1,en face,181.72,2,3,0,0.0
2008,5,16,UK,5686,sale,P044,pink,5,profile,36.19,1,4,0,0.0
2008,7,11,Germany,8368,blouses,P252,navy blue,3,en face,79.84,1,2,0,0.0
2008,5,27,Australia,5940,trousers,P262,pink,3,en face,168.11,2,3,0,0.0
2008,4,5,Germany,2053,blouses,P118,white,5,en face,45.94,1,5,0,0.0
2008,8,12,UK,1777,skirts,P246,red,3,profile,70.27,1,5,0,0.0
2008,6,23,USA,6561,sale,P015,black,1,en face,45.4,1,5,0,0.0
2008,6,17,Germany,3314,trousers,P066,pink,5,en face,131.51,2,5,0,0.0
2008,8,24,USA,4782,blouses,P244,blue,5,profile,175.6,2,5,0,0.0
2008,6,12,USA,8539,skirts,P268,green,6,profile,190.53,2,2,0,0.0
2008,6,20,UK,6782,sale,P192,brown,1,en face,136.26,2,5,0,0.0
2008,4,15,Australia,1593,sale,P223,brown,1,profile,12.08,1,2,0,0.0
2008,5,10,India,1724,blouses,P228,gray,4,en face,190.51,2,3,0,0.0
2008,6,16,France,216,trousers,P019,burgundy,4,profile,199.79,2,1,0,0.0
2008,7,15,France,6327,blouses,P199,navy blue,5,en face,102.85,1,3,0,0.0
2008,5,14,Australia,8257,blouses,P108,green,1,en face,132.92,2,5,0,0.0
2008,4,18,Italy,491,sale,P281,black,4,profile,41.41,1,5,1,82.75
2008,4,22,UK,9134,trousers,P020,olive,5,profile,17.42,1,3,0,0.0
2008,7,20,Sweden,3484,sale,P018,navy blue,3,en face,35.05,1,2,0,0.0
2008,8,2,Italy,5103,sale,P148,olive,1,profile,27.16,1,3,0,0.0
2008,7,19,Sweden,5188,trousers,P061,red,2,profile,197.23,2,1,0,0.0
2008,5,8,USA,3432,skirts,P084,red,5,en face,56.78,1,5,0,0.0
2008,6,9,India,9199,skirts,P080,blue,1,en face,185.29,2,5,0,0.0
2008,7,19,France,7711,sale,P204,olive,5,en face,59.75,1,5,0,0.0
2008,6,28,Italy,5514,trousers,P067,white,2,profile,105.86,1,5,0,0.0
2008,6,21,Australia,26,blouses,P125,gray,1,en face,131.23,2,2,0,0.0
2008,8,9,India,3513,blouses,P099,blue,4,en face,72.4,1,5,0,0.0
2008,8,3,India,2410,trousers,P176,pink,1,en face,92.66,1,2,0,0.0
2008,7,22,Australia,3271,sale,P174,white,6,profile,109.04,2,4,0,0.0
2008,6,23,Italy,5210,trousers,P268,gray,3,en face,182.98,2,1,0,0.0
2008,6,14,UK,8712,trousers,P076,navy blue,5,en face,89.87,1,4,0,0.0
2008,7,14,USA,1553,skirts,P044,gray,1,profile,184.75,2,3,0,0.0
2008,5,9,France,9198,trousers,P176,gray,2,en face,156.04,2,5,0,0.0
2008,7,14,India,8622,blouses,P084,burgundy,2,en face,25.41,1,2,0,0.0
2008,4,9,USA,3872,blouses,P276,blue,6,profile,131.82,2,2,0,0.0
2008,4,13,Australia,3403,blouses,P194,gray,5,en face,176.03,2,2,0,0.0
2008,7,3,India,4530,trousers,P266,burgundy,1,en face,164.73,2,2,1,246.76
2008,6,3,Germany,980,skirts,P259,gray,4,profile,11.57,1,3,0,0.0
2008,7,15,India,2656,sale,P071,black,2,en face,37.98,1,3,0,0.0
2008,5,24,Germany,1848,blouses,P124,olive,6,profile,153.76,2,2,1,288.83
2008,6,12,USA,7965,blouses,P006,olive,3,en face,24.71,1,4,0,0.0
2008,5,11,USA,8241,skirts,P231,burgundy,2,profile,90.61,1,5,0,0.0
2008,5,5,Italy,7146,trousers,P025,red,5,en face,158.58,2,3,0,0.0
2008,8,14,Australia,7300,sale,P174,red,4,profile,78.73,1,5,0,0.0
2008,8,25,UK,5722,sale,P040,violet,5,en face,167.16,2,4,0,0.0
2008,6,5,Sweden,516,blouses,P052,violet,2,profile,98.51,1,2,0,0.0
2008,6,13,UK,8746,sale,P266,brown,4,en face,32.29,1,4,0,0.0
2008,5,19,Australia,8298,sale,P225,white,6,en face,91.15,1,1,0,0.0
2008,4,21,UK,1103,skirts,P272,olive,2,en face,134.03,2,3,0,0.0
2008,5,18,India,3277,sale,P186,white,2,profile,70.31,1,3,0,0.0
2008,6,9,Italy,7218,trousers,P168,red,1,profile,166.36,2,5,0,0.0
2008,5,5,France,7390,skirts,P236,beige,3,profile,173.45,2,5,0,0.0
2008,7,7,UK,9078,trousers,P044,black,3,profile,97.97,1,3,0,0.0
2008,4,16,Sweden,8338,trousers,P235,white,6,en face,186.59,2,3,0,0.0
2008,4,1,France,3997,trousers,P246,burgundy,6,en face,194.23,2,2,0,0.0
2008,7,15,Sweden,195,skirts,P029,violet,2,profile,66.03,1,4,0,0.0
2008,7,24,Australia,4712,sale,P163,navy blue,2,profile,77.32,1,2,0,0.0
2008,6,16,Sweden,644,trousers,P227,violet,4,en face,173.71,2,5,0,0.0
2008,5,15,France,9090,trousers,P094,violet,1,en face,192.21,2,5,0,0.0
2008,4,15,UK,3286,blouses,P010,gray,5,profile,57.71,1,5,0,0.0
2008,6,19,France,3117,sale,P158,olive,3,profile,15.89,1,3,0,0.0
2008,5,25,France,6477,trousers,P138,beige,5,profile,61.64,1,3,0,0.0
2008,8,28,Germany,3576,trousers,P169,blue,1,profile,58.96,1,1,0,0.0
2008,4,26,Australia,9024,blouses,P257,black,1,en face,121.64,2,2,0,0.0
2008,8,9,Australia,4321,trousers,P242,beige,3,en face,110.74,2,5,0,0.0
2008,5,26,Sweden,9993,trousers,P048,navy blue,3,profile,131.37,2,5,0,0.0
2008,6,27,Germany,2208,blouses,P057,violet,2,en face,137.27,2,2,0,0.0
2008,8,23,India,4553,blouses,P279,olive,5,profile,45.14,1,3,0,0.0
2008,6,21,USA,7317,blouses,P072,navy blue,1,profile,193.92,2,5,0,0.0
2008,8,4,UK,3719,blouses,P096,white,5,en face,89.16,1,1,0,0.0
2008,8,21,USA,973,blouses,P064,blue,4,profile,27.43,1,5,0,0.0
2008,6,7,UK,4580,sale,P059,blue,6,en face,33.44,1,4,0,0.0
2008,5,12,France,720,sale,P064,violet,6,profile,43.83,1,4,0,0.0
2008,8,7,India,9018,blouses,P204,blue,4,profile,47.27,1,4,0,0.0
2008,7,7,USA,6156,skirts,P161,black,6,en face,83.91,1,4,0,0.0
2008,4,9,USA,9431,blouses,P110,brown,3,en face,50.34,1,3,0,0.0
2008,4,6,France,3897,trousers,P132,violet,1,en face,160.05,2,4,0,0.0
2008,4,26,UK,2804,sale,P203,pink,3,profile,49.43,1,4,0,0.0
2008,6,7,Italy,2567,sale,P196,violet,1,profile,130.25,2,5,0,0.0
2008,7,25,France,4026,sale,P275,pink,5,profile,90.11,1,5,1,120.26
2008,5,4,Italy,6199,skirts,P289,beige,5,en face,122.51,2,1,1,315.8
2008,7,3,India,33,sale,P288,beige,2,en face,191.09,2,4,0,0.0
2008,7,3,France,8308,sale,P170,blue,1,profile,192.7,2,5,0,0.0
2008,8,13,USA,8832,skirts,P184,beige,6,en face,98.88,1,4,0,0.0
2008,5,10,France,9819,sale,P107,green,1,en face,98.31,1,2,0,0.0
2008,5,3,USA,4064,sale,P025,navy blue,2,profile,88.56,1,5,0,0.0
2008,5,11,USA,8949,blouses,P134,navy blue,1,en face,25.1,1,5,0,0.0
2008,4,25,India,5541,skirts,P164,blue,4,profile,146.86,2,5,0,0.0
2008,8,28,India,1698,skirts,P037,brown,3,en face,33.1,1,4,0,0.0
2008,8,18,Italy,2793,sale,P123,green,6,en face,93.07,1,4,0,0.0
2008,8,6,Sweden,2223,trousers,P193,pink,3,profile,32.64,1,5,0,0.0
2008,6,13,Australia,5819,blouses,P019,violet,5,profile,67.59,1,2,0,0.0
2008,8,11,Sweden,9663,blouses,P164,brown,5,en face,174.03,2,3,0,0.0
2008,8,17,Germany,3765,blouses,P142,navy blue,1,profile,21.44,1,4,0,0.0
2008,7,28,Italy,3867,trousers,P246,navy blue,5,profile,153.84,2,2,0,0.0
2008,8,25,Sweden,6422,sale,P215,navy blue,2,en face,69.14,1,5,0,0.0
2008,6,6,Sweden,9400,trousers,P104,gray,6,profile,190.36,2,3,0,0.0
2008,7,13,Sweden,8939,blouses,P087,blue,6,en face,149.97,2,5,0,0.0
2008,8,6,Italy,6672,trousers,P090,black,3,profile,194.09,2,5,0,0.0
2008,4,19,Italy,7979,skirts,P109,red,2,en face,199.1,2,2,0,0.0
2008,7,1,France,3759,trousers,P013,violet,6,profile,65.82,1,1,0,0.0
2008,5,11,Sweden,9775,trousers,P118,pink,2,profile,63.16,1,1,0,0.0
2008,7,5,India,3228,blouses,P105,blue,1,profile,83.46,1,2,0,0.0
2008,5,11,Italy,7803,blouses,P102,beige,3,profile,12.05,1,2,0,0.0
2008,4,4,Germany,3924,skirts,P281,brown,6,en face,184.38,2,3,0,0.0
2008,4,11,Australia,3905,trousers,P091,white,1,en face,106.55,1,5,0,0.0
2008,4,5,France,2278,sale,P002,white,3,profile,154.85,2,2,0,0.0
2008,5,5,France,6811,trousers,P065,brown,1,en face,33.63,1,4,0,0.0
2008,8,1,Italy,1402,trousers,P131,blue,3,en face,66.12,1,1,1,123.6
2008,8,16,Germany,740,sale,P054,violet,4,profile,61.49,1,2,1,126.94
2008,5,17,Germany,4267,sale,P239,pink,2,profile,124.05,2,5,0,0.0
2008,6,2,France,9862,blouses,P096,burgundy,6,en face,185.02,2,1,0,0.0
2008,6,8,USA,7353,skirts,P289,brown,5,en face,158.68,2,3,0,0.0
2008,7,9,USA,7519,skirts,P046,gray,6,profile,70.54,1,3,0,0.0
2008,5,20,UK,3852,trousers,P074,blue,5,en face,27.75,1,4,0,0.0
2008,8,2,Germany,8632,skirts,P143,blue,5,en face,146.91,2,5,0,0.0
2008,5,13,India,2662,blouses,P019,navy blue,5,en face,76.23,1,3,0,0.0
2008,6,14,Italy,6505,sale,P249,violet,1,en face,123.02,2,1,0,0.0
2008,5,2,Germany,9800,blouses,P111,black,1,profile,159.31,2,5,0,0.0
2008,4,6,UK,675,blouses,P146,red,5,en face,182.35,2,2,0,0.0
2008,8,19,Sweden,7106,sale,P103,beige,6,profile,56.99,1,3,0,0.0
2008,7,26,France,6361,sale,P138,pink,6,en face,56.49,1,3,0,0.0
2008,6,5,USA,3842,trousers,P056,olive,4,profile,152.12,2,3,1,233.71
2008,7,6,India,1816,trousers,P231,black,5,en face,167.75,2,4,1,493.13
2008,7,17,France,9490,blouses,P245,brown,6,en face,150.76,2,2,0,0.0
2008,5,26,USA,9839,skirts,P096,green,3,en face,115.64,2,2,0,0.0
2008,6,10,Sweden,9202,skirts,P275,green,3,en face,94.19,1,4,0,0.0
2008,4,22,France,4654,trousers,P131,pink,3,en face,82.42,1,2,0,0.0
2008,8,13,USA,8693,skirts,P261,gray,6,en face,42.41,1,1,0,0.0
2008,6,13,Germany,2101,skirts,P097,olive,3,profile,21.1,1,4,0,0.0
2008,7,6,Germany,7712,blouses,P283,red,3,profile,56.76,1,4,0,0.0
2008,8,14,Italy,1674,skirts,P220,black,2,profile,141.23,2,4,0,0.0
2008,7,21,Italy,2102,sale,P186,green,4,profile,196.24,2,5,0,0.0
2008,7,23,Italy,4214,sale,P154,pink,1,profile,99.46,1,4,0,0.0
2008,6,25,Germany,6959,trousers,P148,black,2,en face,121.87,2,1,0,0.0
2008,8,17,Italy,1549,blouses,P083,burgundy,4,profile,34.99,1,2,0,0.0
2008,5,21,France,9551,trousers,P249,violet,6,en face,20.49,1,1,0,0.0
2008,7,26,Germany,3324,sale,P269,white,3,profile,188.25,2,3,0,0.0
2008,6,12,Italy,9584,skirts,P025,red,3,profile,116.35,2,5,0,0.0
2008,6,26,Germany,356,sale,P020,burgundy,4,en face,125.21,2,4,0,0.0
2008,7,17,India,5185,sale,P048,navy blue,6,profile,179.73,2,2,1,518.95
2008,7,12,UK,1462,blouses,P149,black,4,profile,78.39,1,2,0,0.0
2008,6,12,India,7625,trousers,P056,pink,3,profile,160.97,2,1,0,0.0
2008,7,13,Germany,9386,sale,P145,beige,4,profile,171.91,2,3,1,224.05
2008,5,9,Sweden,3221,blouses,P296,black,2,profile,110.61,2,3,1,190.54
2008,4,21,Australia,940,sale,P070,navy blue,1,en face,124.26,2,2,0,0.0
2008,4,21,UK,5148,skirts,P095,red,1,profile,37.54,1,5,0,0.0
2008,4,17,Germany,5924,sale,P232,beige,2,profile,192.64,2,3,0,0.0
2008,5,27,USA,7884,blouses,P105,navy blue,1,en face,113.43,2,2,0,0.0
2008,7,1,Italy,1752,blouses,P294,pink,4,en face,192.42,2,3,0,0.0
2008,8,20,India,9469,trousers,P290,violet,2,en face,69.72,1,5,0,0.0
2008,6,3,Germany,7598,trousers,P020,violet,5,profile,85.94,1,3,1,184.75
2008,6,12,Australia,1773,sale,P063,beige,4,en face,24.1,1,4,0,0.0
2008,5,2,Sweden,1197,sale,P289,black,2,en face,30.77,1,4,0,0.0
2008,5,9,UK,1879,blouses,P084,blue,5,en face,90.12,1,3,0,0.0
2008,6,14,Germany,2669,blouses,P298,pink,2,en face,97.89,1,1,0,0.0
2008,7,6,Italy,3172,blouses,P186,beige,5,en face,80.28,1,3,0,0.0
2008,4,13,USA,2017,blouses,P122,burgundy,3,profile,157.52,2,1,1,269.59
2008,8,24,USA,2006,skirts,P150,beige,6,profile,162.09,2,5,0,0.0
2008,7,22,USA,8273,sale,P193,blue,3,profile,61.58,1,4,0,0.0
2008,5,9,Germany,3894,skirts,P053,olive,6,en face,109.79,2,1,0,0.0
2008,8,28,France,9992,blouses,P030,black,1,profile,193.52,2,5,0,0.0
2008,5,25,USA,3238,trousers,P297,burgundy,4,profile,14.85,1,3,1,36.01
2008,6,8,USA,4425,skirts,P261,beige,2,profile,109.0,2,1,0,0.0
2008,7,18,UK,4745,trousers,P225,beige,2,profile,137.98,2,5,0,0.0
2008,8,5,USA,2079,blouses,P263,blue,2,en face,86.16,1,4,0,0.0
2008,7,12,Italy,5220,sale,P119,white,6,en face,116.58,2,4,0,0.0
2008,8,16,Germany,397,sale,P203,navy blue,2,profile,178.65,2,5,0,0.0
2008,6,10,Germany,2789,blouses,P007,pink,3,en face,64.76,1,4,1,181.18
2008,7,22,Italy,8878,blouses,P103,gray,4,profile,65.85,1,3,0,0.0
2008,7,18,Italy,8639,trousers,P254,red,6,profile,19.05,1,3,0,0.0
2008,6,10,Sweden,4073,trousers,P014,red,3,profile,197.97,2,4,0,0.0
2008,6,19,Italy,5575,trousers,P272,olive,3,profile,88.89,1,4,0,0.0
2008,6,24,Italy,8370,skirts,P242,red,3,en face,175.5,2,2,0,0.0
2008,6,28,India,9508,blouses,P294,white,4,en face,107.03,2,1,0,0.0
2008,5,15,Italy,5356,sale,P298,beige,5,profile,56.28,1,5,0,0.0
2008,8,23,India,7234,sale,P228,burgundy,1,en face,134.08,2,2,0,0.0
2008,7,18,Germany,9484,trousers,P113,black,3,profile,94.43,1,5,0,0.0
2008,6,6,India,6821,blouses,P251,olive,3,en face,135.05,2,2,0,0.0
2008,8,13,Sweden,1520,blouses,P115,green,2,en face,177.9,2,3,0,0.0
2008,5,21,USA,8197,blouses,P252,olive,3,en face,112.71,2,2,0,0.0
2008,4,17,Sweden,1379,sale,P169,pink,3,en face,124.66,2,5,0,0.0
2008,5,14,Australia,5673,trousers,P066,navy blue,2,profile,160.87,2,3,0,0.0
2008,8,15,India,1024,skirts,P224,black,3,en face,143.11,2,3,0,0.0
2008,4,14,Sweden,2588,trousers,P055,pink,5,profile,190.72,2,3,0,0.0
2008,8,4,Australia,7043,blouses,P056,beige,2,en face,42.85,1,2,0,0.0
2008,6,21,USA,5622,sale,P164,pink,2,en face,126.58,2,2,1,194.71
2008,8,22,Germany,7638,skirts,P242,violet,1,en face,145.55,2,4,0,0.0
2008,7,7,USA,5009,skirts,P061,violet,6,en face,145.73,2,4,0,0.0
2008,4,13,Sweden,2858,sale,P246,navy blue,5,profile,191.17,2,2,0,0.0
2008,7,6,France,8255,trousers,P285,red,4,en face,119.04,2,1,0,0.0
2008,6,18,Sweden,5772,sale,P143,beige,2,en face,163.44,2,5,1,287.72
2008,6,14,Australia,5843,skirts,P108,navy blue,2,en face,114.22,2,2,0,0.0
2008,5,13,France,8028,blouses,P195,blue,2,en face,69.23,1,4,0,0.0
2008,4,23,India,5833,sale,P060,gray,3,en face,130.83,2,1,0,0.0
2008,7,25,USA,1630,skirts,P074,navy blue,3,en face,100.65,1,2,0,0.0
2008,8,2,Italy,4889,blouses,P039,pink,6,profile,160.14,2,5,0,0.0
2008,6,11,France,4527,skirts,P076,burgundy,5,en face,12.8,1,5,0,0.0
2008,5,6,Sweden,3524,sale,P276,navy blue,1,en face,147.71,2,5,0,0.0
2008,8,17,Australia,5905,trousers,P154,red,4,profile,58.19,1,1,0,0.0
2008,5,8,USA,7782,trousers,P208,olive,3,profile,31.29,1,3,0,0.0
2008,4,17,USA,3608,blouses,P237,gray,1,en face,96.69,1,2,0,0.0
2008,7,13,UK,9419,trousers,P134,white,6,profile,94.49,1,1,0,0.0
2008,6,18,India,5221,skirts,P047,violet,4,profile,195.34,2,4,0,0.0
2008,4,26,USA,235,blouses,P082,brown,6,en face,64.55,1,3,1,145.04
2008,8,15,France,7756,skirts,P182,burgundy,1,profile,150.64,2,2,0,0.0
2008,7,18,France,3797,skirts,P272,white,1,profile,33.23,1,4,0,0.0
2008,4,23,Australia,4119,sale,P201,pink,3,profile,190.68,2,4,0,0.0
2008,5,7,France,6319,skirts,P244,burgundy,2,profile,11.31,1,1,0,0.0
2008,8,11,UK,5002,trousers,P235,beige,5,profile,71.06,1,5,0,0.0
2008,4,8,France,3801,sale,P076,olive,6,en face,117.96,2,4,0,0.0
2008,7,12,UK,7810,skirts,P086,red,5,en face,161.85,2,3,0,0.0
2008,6,21,India,3900,skirts,P064,navy blue,4,en face,177.09,2,2,0,0.0
2008,7,12,India,5025,skirts,P139,white,5,en face,149.74,2,4,0,0.0
2008,5,13,Sweden,1949,blouses,P115,pink,3,en face,175.43,2,2,1,452.98
2008,5,25,USA,6362,skirts,P036,gray,3,en face,35.16,1,5,0,0.0
2008,5,18,Italy,471,blouses,P258,red,1,profile,199.68,2,5,0,0.0
2008,7,15,USA,9945,sale,P151,beige,1,en face,102.74,1,5,0,0.0
2008,4,2,Italy,3493,sale,P020,navy blue,3,profile,152.58,2,1,0,0.0
2008,4,14,USA,6092,sale,P041,black,4,en face,39.62,1,4,0,0.0
2008,6,16,USA,2672,skirts,P209,blue,5,profile,90.11,1,4,0,0.0
2008,6,24,Sweden,9801,blouses,P023,brown,2,en face,154.54,2,1,0,0.0
2008,7,11,Australia,2225,sale,P070,black,3,profile,185.23,2,2,0,0.0
2008,4,8,Germany,1107,sale,P019,burgundy,4,profile,165.06,2,4,0,0.0
2008,4,8,Australia,2189,sale,P004,olive,4,en face,98.42,1,5,0,0.0
2008,8,21,UK,819,skirts,P257,black,6,profile,43.27,1,3,0,0.0
2008,4,21,UK,5572,skirts,P042,brown,2,en face,135.17,2,4,0,0.0
2008,4,27,France,4524,blouses,P279,red,1,profile,96.41,1,3,0,0.0
2008,8,9,UK,5794,sale,P110,green,1,profile,46.34,1,1,0,0.0
2008,7,2,Sweden,9382,trousers,P279,brown,3,en face,114.61,2,5,0,0.0
2008,6,17,Italy,8781,sale,P107,white,2,en face,172.98,2,2,0,0.0
2008,6,19,USA,7460,trousers,P115,black,4,en face,14.88,1,3,0,0.0
2008,4,4,USA,2625,blouses,P231,green,5,profile,158.1,2,4,0,0.0
2008,8,15,USA,7095,skirts,P269,navy blue,6,en face,13.84,1,4,0,0.0
2008,4,11,Australia,9393,skirts,P059,gray,4,profile,125.02,2,2,0,0.0
2008,6,12,Sweden,9917,trousers,P189,olive,1,profile,154.03,2,3,0,0.0
2008,8,26,Italy,9120,skirts,P142,red,4,profile,20.55,1,3,0,0.0
2008,5,13,France,889,skirts,P007,violet,3,profile,140.07,2,2,0,0.0
2008,8,26,India,2438,blouses,P044,green,6,profile,149.06,2,5,0,0.0
2008,5,27,USA,6057,trousers,P039,violet,5,profile,152.19,2,2,0,0.0
2008,4,6,USA,7065,skirts,P122,brown,2,en face,25.61,1,3,0,0.0
2008,4,27,France,818,sale,P231,navy blue,1,en face,193.39,2,1,0,0.0
2008,8,9,USA,8935,sale,P222,black,6,en face,111.32,2,4,0,0.0
2008,4,12,India,3415,blouses,P002,pink,1,profile,149.5,2,1,0,0.0
2008,8,7,UK,6353,sale,P010,burgundy,6,profile,22.31,1,2,0,0.0
2008,4,5,Sweden,2342,blouses,P062,red,1,en face,134.4,2,2,0,0.0
2008,4,10,India,9030,skirts,P041,violet,4,profile,120.78,2,3,0,0.0
2008,6,11,France,3168,blouses,P299,navy blue,2,en face,117.33,2,5,0,0.0
2008,4,20,Germany,1810,skirts,P046,brown,1,profile,119.16,2,5,0,0.0
2008,6,26,Germany,8036,sale,P226,white,5,en face,173.77,2,3,0,0.0
2008,4,1,Australia,1265,blouses,P167,beige,1,profile,170.74,2,1,0,0.0
2008,6,20,USA,5087,trousers,P138,black,1,profile,157.44,2,1,0,0.0
2008,7,6,Italy,9676,trousers,P262,gray,1,en face,50.62,1,3,0,0.0
2008,5,23,Italy,5836,sale,P226,gray,6,profile,183.6,2,5,0,0.0
2008,7,10,Germany,5195,sale,P100,beige,5,en face,107.18,2,1,0,0.0
2008,5,1,USA,4450,sale,P156,red,5,en face,184.21,2,5,0,0.0
2008,4,17,Germany,4946,blouses,P219,gray,4,en face,26.9,1,4,0,0.0
2008,8,23,Sweden,4046,trousers,P121,beige,1,en face,195.45,2,1,1,575.48
2008,8,9,Italy,6504,blouses,P196,gray,1,en face,134.88,2,2,0,0.0
2008,7,16,India,3703,skirts,P119,black,1,profile,161.11,2,4,0,0.0
2008,4,20,Sweden,1036,blouses,P080,black,1,profile,39.4,1,2,0,0.0
2008,6,2,India,9257,blouses,P283,navy blue,4,profile,46.91,1,3,0,0.0
2008,5,2,Italy,5591,trousers,P200,navy blue,3,en face,118.37,2,2,0,0.0
2008,6,10,Germany,1229,trousers,P271,gray,2,en face,23.92,1,2,0,0.0
2008,6,22,USA,10000,blouses,P122,burgundy,5,profile,149.04,2,2,0,0.0
2008,6,1,Italy,6812,sale,P235,red,6,en face,14.06,1,5,0,0.0
2008,5,17,Australia,5142,blouses,P009,navy blue,4,profile,97.16,1,2,0,0.0
2008,7,3,Sweden,53,trousers,P063,burgundy,4,en face,128.3,2,5,0,0.0
2008,7,23,France,9068,skirts,P129,pink,1,profile,18.67,1,1,1,33.66
2008,5,4,USA,8396,blouses,P048,blue,1,en face,81.5,1,4,0,0.0
2008,6,25,Sweden,160,sale,P189,green,3,profile,181.03,2,1,0,0.0
2008,4,20,Australia,7553,sale,P152,white,3,profile,161.15,2,5,0,0.0
2008,4,27,UK,1588,blouses,P268,black,5,en face,119.89,2,3,0,0.0
2008,7,27,France,1590,trousers,P195,white,6,en face,123.93,2,4,0,0.0
2008,5,23,UK,9842,sale,P292,olive,2,en face,46.48,1,3,0,0.0
2008,6,14,Australia,9329,blouses,P062,beige,1,en face,155.67,2,3,0,0.0
2008,8,19,Germany,6931,sale,P072,blue,6,profile,105.44,1,5,1,175.04
2008,7,1,Australia,6597,skirts,P125,navy blue,6,en face,105.56,1,5,0,0.0
2008,6,28,France,6175,sale,P257,white,3,en face,84.3,1,4,0,0.0
2008,4,20,Sweden,8099,blouses,P118,pink,5,en face,180.97,2,3,0,0.0
2008,8,6,Germany,3859,skirts,P041,blue,5,en face,107.64,2,3,0,0.0
2008,8,19,Sweden,9815,sale,P193,olive,4,profile,183.47,2,3,0,0.0
2008,5,15,USA,6692,sale,P230,gray,3,profile,121.56,2,4,0,0.0
2008,8,26,UK,2829,blouses,P189,gray,4,en face,196.97,2,5,0,0.0
2008,5,21,UK,437,sale,P202,green,4,en face,18.86,1,4,0,0.0
2008,6,22,Italy,8275,skirts,P247,brown,2,en face,44.11,1,5,0,0.0
2008,5,20,Sweden,8169,trousers,P089,white,6,en face,185.22,2,2,0,0.0
2008,6,19,USA,3879,trousers,P292,black,6,en face,198.12,2,3,0,0.0
2008,7,11,USA,1589,trousers,P155,olive,4,en face,88.49,1,4,0,0.0
2008,4,1,France,2781,skirts,P208,pink,1,profile,116.0,2,5,1,124.98
2008,5,28,Australia,8982,trousers,P071,violet,6,profile,55.5,1,5,0,0.0
2008,5,7,Germany,8562,sale,P147,burgundy,5,profile,22.63,1,2,0,0.0
2008,7,26,UK,5687,skirts,P078,pink,1,en face,109.05,2,5,0,0.0
2008,8,20,India,3966,blouses,P083,navy blue,1,en face,132.1,2,5,0,0.0
2008,7,15,USA,4728,trousers,P076,gray,6,en face,157.83,2,1,0,0.0
2008,8,21,Italy,974,sale,P076,red,2,en face,193.08,2,4,0,0.0
2008,4,19,Germany,1239,skirts,P140,beige,2,profile,133.5,2,2,1,154.45
2008,6,23,Germany,2952,trousers,P282,red,3,en face,73.92,1,2,0,0.0
2008,8,26,Sweden,2343,sale,P086,blue,1,en face,72.33,1,2,0,0.0
2008,7,1,Sweden,6521,sale,P230,red,5,en face,180.77,2,2,0,0.0
2008,8,18,UK,7311,trousers,P178,beige,2,en face,54.21,1,3,0,0.0
2008,8,20,Sweden,6047,sale,P279,brown,6,profile,168.27,2,3,0,0.0
2008,5,4,France,2159,blouses,P086,olive,5,en face,65.39,1,1,0,0.0
2008,5,19,USA,9289,blouses,P178,red,1,en face,161.51,2,5,0,0.0
2008,4,28,Germany,6590,skirts,P218,navy blue,2,profile,101.28,1,2,0,0.0
2008,8,22,Sweden,1498,trousers,P283,violet,1,profile,42.09,1,5,0,0.0
2008,6,28,France,4546,sale,P292,black,3,profile,12.56,1,2,0,0.0
2008,8,8,UK,6466,blouses,P094,burgundy,5,profile,182.35,2,1,0,0.0
2008,5,15,USA,4258,blouses,P255,navy blue,6,profile,116.69,2,4,0,0.0
2008,6,11,Germany,2423,skirts,P163,black,3,profile,166.53,2,3,0,0.0
2008,4,12,Sweden,8565,sale,P197,brown,6,en face,117.91,2,1,0,0.0
2008,8,10,UK,5186,skirts,P150,red,2,profile,55.3,1,1,0,0.0
2008,4,6,Germany,5648,sale,P127,navy blue,3,profile,98.25,1,5,0,0.0
2008,8,19,UK,358,blouses,P050,violet,3,profile,19.72,1,1,0,0.0
2008,4,3,France,5243,trousers,P181,olive,3,en face,106.67,1,4,0,0.0
2008,4,5,Germany,8012,skirts,P024,violet,5,en face,156.08,2,5,0,0.0
2008,7,27,France,9241,sale,P258,burgundy,4,profile,150.24,2,4,0,0.0
2008,4,28,USA,2093,sale,P080,black,4,en face,84.07,1,5,0,0.0
2008,8,6,Germany,5410,sale,P122,gray,4,profile,132.97,2,4,0,0.0
2008,4,7,USA,2016,skirts,P146,gray,4,en face,85.19,1,5,0,0.0
2008,7,8,USA,9060,blouses,P257,brown,3,profile,43.54,1,5,0,0.0
2008,7,2,Italy,4045,blouses,P006,black,1,en face,111.18,2,3,0,0.0
2008,4,2,USA,188,sale,P119,pink,5,profile,173.34,2,3,0,0.0
2008,4,24,Italy,6859,skirts,P284,blue,2,profile,158.53,2,3,0,0.0
2008,7,17,Germany,3656,sale,P040,navy blue,5,profile,73.93,1,2,0,0.0
2008,5,24,India,3427,sale,P053,navy blue,5,profile,115.01,2,4,0,0.0
2008,7,3,USA,7195,skirts,P276,navy blue,4,profile,81.62,1,3,0,0.0
2008,4,27,Italy,1382,trousers,P034,blue,5,profile,144.08,2,5,0,0.0
2008,6,9,USA,7469,trousers,P158,gray,4,profile,98.94,1,3,1,149.22
2008,7,14,Italy,414,sale,P156,violet,3,profile,186.31,2,2,0,0.0
2008,6,3,Germany,5038,sale,P004,gray,1,profile,129.91,2,3,0,0.0
2008,4,16,USA,4898,skirts,P136,beige,3,en face,90.67,1,4,0,0.0
2008,7,23,USA,3337,blouses,P010,burgundy,3,profile,49.35,1,4,0,0.0
2008,5,4,Italy,3607,sale,P213,black,1,en face,181.85,2,4,1,300.43
2008,6,3,UK,3176,trousers,P291,beige,2,en face,156.11,2,3,0,0.0
2008,8,14,India,2242,skirts,P175,olive,1,profile,15.04,1,1,0,0.0
2008,6,8,Australia,9709,sale,P269,burgundy,2,en face,167.41,2,2,0,0.0
2008,7,28,India,7797,trousers,P127,black,3,profile,124.56,2,5,0,0.0
2008,4,11,USA,257,skirts,P094,beige,4,profile,164.23,2,5,0,0.0
2008,4,2,Australia,8621,skirts,P052,red,3,en face,74.16,1,1,0,0.0
2008,5,27,India,201,trousers,P228,gray,2,profile,57.72,1,1,0,0.0
2008,5,22,France,2236,blouses,P005,olive,6,en face,127.74,2,5,0,0.0
2008,7,25,UK,4744,sale,P030,burgundy,4,profile,188.92,2,2,0,0.0
2008,4,25,Germany,1768,skirts,P227,green,4,en face,182.95,2,5,0,0.0
2008,5,1,USA,4237,sale,P110,brown,5,profile,86.0,1,4,0,0.0
2008,6,9,France,6730,blouses,P063,blue,6,en face,115.62,2,3,1,314.39
2008,4,19,UK,8451,blouses,P134,gray,4,en face,25.24,1,3,0,0.0
2008,7,4,France,7278,skirts,P074,navy blue,1,en face,97.77,1,3,0,0.0
2008,4,21,Sweden,1573,blouses,P222,violet,2,profile,115.13,2,3,0,0.0
2008,4,9,UK,25,trousers,P013,green,4,profile,76.44,1,4,0,0.0
2008,4,22,USA,3364,blouses,P083,violet,2,en face,113.04,2,1,0,0.0
2008,7,13,UK,1089,trousers,P110,gray,3,profile,37.06,1,5,0,0.0
2008,5,14,Germany,4675,sale,P160,red,5,profile,148.72,2,5,0,0.0
2008,5,27,France,2695,trousers,P182,green,1,en face,163.25,2,5,0,0.0
2008,7,2,Italy,7583,blouses,P198,navy blue,5,profile,95.85,1,4,0,0.0
2008,4,18,Italy,3399,blouses,P266,pink,4,en face,15.54,1,2,0,0.0
2008,6,17,Australia,3560,sale,P090,olive,1,profile,192.52,2,4,1,395.33
2008,7,14,Italy,9157,sale,P230,beige,3,profile,101.63,1,1,0,0.0
2008,7,24,UK,2842,blouses,P178,blue,2,profile,163.14,2,5,0,0.0
2008,4,12,USA,2312,skirts,P083,green,4,profile,142.26,2,5,0,0.0
2008,8,9,UK,8334,trousers,P121,beige,4,en face,178.38,2,1,0,0.0
2008,6,4,USA,3235,blouses,P160,pink,1,profile,71.41,1,2,0,0.0
2008,6,24,Sweden,4153,blouses,P024,red,5,profile,122.56,2,5,0,0.0
2008,8,3,Germany,1310,skirts,P010,violet,1,profile,101.88,1,1,0,0.0
2008,5,22,USA,696,blouses,P109,blue,2,profile,71.61,1,2,0,0.0
2008,4,15,Sweden,9860,skirts,P120,burgundy,4,en face,29.6,1,4,0,0.0
2008,6,28,Australia,3753,skirts,P178,brown,6,en face,67.08,1,5,0,0.0
2008,7,26,Sweden,6338,skirts,P219,navy blue,6,en face,74.86,1,3,0,0.0
2008,4,26,Australia,1228,skirts,P023,green,6,profile,79.11,1,3,0,0.0
2008,6,15,Germany,2000,trousers,P279,pink,4,profile,36.88,1,4,0,0.0
2008,8,11,Germany,277,sale,P209,black,2,profile,66.75,1,5,0,0.0
2008,4,22,UK,8177,blouses,P211,pink,6,en face,116.76,2,3,0,0.0
2008,8,1,Germany,7665,blouses,P166,green,1,en face,183.64,2,1,0,0.0
2008,6,1,Italy,5930,trousers,P095,red,6,profile,193.63,2,3,0,0.0
2008,7,3,Australia,2954,blouses,P033,gray,5,profile,57.89,1,3,0,0.0
2008,8,27,Italy,3638,blouses,P038,green,2,profile,87.0,1,2,0,0.0
2008,5,6,India,3907,trousers,P029,blue,3,profile,83.72,1,4,0,0.0
2008,8,7,Australia,4779,blouses,P018,red,6,profile,118.87,2,1,0,0.0
2008,8,14,USA,5846,blouses,P247,green,6,en face,182.72,2,3,0,0.0
2008,8,9,India,9699,trousers,P132,olive,2,profile,150.8,2,4,0,0.0
2008,5,3,Australia,4118,trousers,P149,green,2,profile,128.64,2,2,0,0.0
2008,7,12,France,7031,trousers,P073,red,4,en face,140.35,2,3,0,0.0
2008,6,11,France,1138,trousers,P203,black,6,profile,49.66,1,5,0,0.0
2008,6,12,India,2768,trousers,P142,black,4,en face,137.78,2,2,0,0.0
2008,4,4,France,2335,trousers,P008,navy blue,2,profile,45.37,1,3,0,0.0
2008,6,2,USA,7707,sale,P272,brown,3,profile,78.84,1,4,1,154.82
2008,6,11,Italy,943,trousers,P043,beige,5,en face,154.77,2,4,0,0.0
2008,4,21,Australia,7663,skirts,P152,beige,3,profile,28.52,1,4,0,0.0
2008,6,16,UK,2491,trousers,P271,red,1,en face,56.87,1,4,0,0.0
2008,6,8,France,9680,sale,P149,olive,3,en face,43.36,1,3,0,0.0
2008,4,18,India,6291,sale,P033,olive,5,profile,127.5,2,1,0,0.0
2008,4,20,Sweden,4936,blouses,P182,black,5,profile,189.63,2,5,1,548.21
2008,5,16,France,3936,blouses,P083,blue,6,profile,38.15,1,1,0,0.0
2008,5,23,Germany,6957,blouses,P167,burgundy,2,profile,154.82,2,5,0,0.0
2008,6,6,Australia,2385,blouses,P043,beige,6,profile,96.97,1,4,0,0.0
2008,8,10,Italy,116,trousers,P086,gray,2,profile,181.49,2,1,0,0.0
2008,8,16,Germany,1864,blouses,P145,navy blue,1,profile,17.02,1,2,0,0.0
2008,6,2,Italy,9977,trousers,P113,white,3,profile,164.92,2,5,0,0.0
2008,8,23,India,3120,blouses,P062,beige,3,profile,100.91,1,4,0,0.0
2008,7,3,Sweden,4259,sale,P142,beige,4,en face,110.04,2,1,0,0.0
2008,8,10,Australia,6706,trousers,P069,violet,1,profile,126.05,2,3,0,0.0
2008,8,14,Australia,903,blouses,P014,violet,4,en face,131.87,2,2,0,0.0
2008,4,16,France,2820,skirts,P238,gray,5,profile,33.25,1,5,1,91.75
2008,7,9,Germany,3823,sale,P239,pink,4,profile,164.03,2,1,1,301.15
2008,5,24,Australia,8162,trousers,P158,green,4,profile,103.43,1,4,0,0.0
2008,6,27,Germany,6891,sale,P175,olive,3,en face,153.2,2,1,1,202.28
2008,6,3,UK,9091,skirts,P110,olive,1,en face,73.79,1,3,0,0.0
2008,5,24,India,4700,trousers,P299,red,4,profile,72.08,1,3,0,0.0
2008,4,26,Australia,8919,skirts,P189,red,5,en face,179.0,2,3,0,0.0
2008,7,27,Australia,3803,skirts,P019,gray,3,en face,16.21,1,3,0,0.0
2008,5,26,India,6069,sale,P105,navy blue,1,profile,193.81,2,4,1,447.83
2008,6,12,Italy,5811,blouses,P154,red,3,profile,103.43,1,5,0,0.0
2008,8,11,India,3537,trousers,P283,red,3,profile,192.73,2,2,0,0.0
2008,8,9,Italy,3826,trousers,P235,violet,3,en face,166.25,2,3,0,0.0
2008,4,16,India,8643,blouses,P299,white,2,en face,181.62,2,1,0,0.0
2008,8,11,India,8609,skirts,P091,gray,5,en face,122.83,2,2,0,0.0
2008,8,8,Australia,4811,trousers,P069,violet,4,profile,99.96,1,2,0,0.0
2008,6,15,Italy,1947,blouses,P141,navy blue,3,en face,24.86,1,4,0,0.0
2008,5,27,UK,8601,blouses,P084,black,3,en face,85.07,1,1,1,251.1
2008,6,11,Italy,7137,blouses,P139,white,6,profile,31.53,1,5,0,0.0
2008,6,8,India,5336,trousers,P012,navy blue,6,profile,104.2,1,5,0,0.0
2008,4,24,Sweden,3489,trousers,P131,olive,3,profile,94.05,1,1,0,0.0
2008,6,15,Sweden,1611,trousers,P039,olive,3,profile,68.63,1,1,0,0.0
2008,6,17,UK,7462,sale,P215,white,6,profile,105.04,1,1,0,0.0
2008,4,7,Sweden,8474,skirts,P120,navy blue,2,profile,161.33,2,5,0,0.0
2008,6,15,Germany,4678,skirts,P144,red,1,profile,52.14,1,2,0,0.0
2008,4,5,France,4960,skirts,P031,beige,2,en face,166.78,2,5,0,0.0
2008,4,23,Italy,5868,blouses,P093,navy blue,5,en face,194.12,2,3,0,0.0
2008,4,9,France,8764,blouses,P106,beige,6,en face,113.14,2,3,0,0.0
2008,8,15,UK,4762,blouses,P174,navy blue,2,profile,51.69,1,5,0,0.0
2008,7,4,Sweden,2195,trousers,P031,white,3,en face,154.86,2,1,0,0.0
2008,8,18,USA,8004,trousers,P202,brown,6,en face,54.65,1,1,0,0.0
2008,7,4,Sweden,5702,blouses,P053,blue,4,profile,92.75,1,2,0,0.0
2008,7,5,India,5114,sale,P161,brown,5,profile,158.18,2,5,0,0.0
2008,8,4,France,558,skirts,P160,black,6,en face,95.58,1,5,0,0.0
2008,7,3,Australia,8066,trousers,P195,violet,2,profile,118.86,2,1,0,0.0
2008,5,18,UK,5140,sale,P068,pink,5,en face,43.15,1,4,0,0.0
2008,6,3,Germany,1208,trousers,P149,black,4,profile,12.06,1,1,0,0.0
2008,8,24,India,7034,trousers,P152,beige,6,profile,68.44,1,3,0,0.0
2008,5,24,USA,7310,trousers,P280,black,4,en face,132.67,2,3,0,0.0
2008,6,24,USA,1511,trousers,P129,beige,2,en face,118.95,2,4,0,0.0
2008,4,20,India,6770,sale,P205,navy blue,4,en face,100.59,1,4,0,0.0
2008,6,25,Germany,3830,skirts,P290,red,3,profile,12.31,1,5,0,0.0
2008,7,16,Germany,3733,skirts,P130,brown,6,profile,176.86,2,5,0,0.0
2008,4,14,France,7958,blouses,P157,white,1,profile,31.96,1,1,0,0.0
2008,4,8,Germany,3212,blouses,P111,olive,3,en face,85.5,1,1,0,0.0
2008,8,2,UK,3631,blouses,P101,violet,3,profile,146.37,2,1,0,0.0
2008,5,5,India,1709,sale,P181,olive,6,profile,148.41,2,1,0,0.0
2008,8,2,UK,1846,skirts,P153,black,5,profile,76.24,1,1,1,114.58
2008,7,28,UK,267,sale,P063,burgundy,2,profile,114.79,2,3,0,0.0
2008,8,22,Italy,5986,blouses,P006,olive,4,profile,38.85,1,3,0,0.0
2008,8,3,Germany,1141,skirts,P248,burgundy,2,en face,185.65,2,5,0,0.0
2008,6,12,Sweden,3163,sale,P154,brown,1,profile,35.89,1,5,0,0.0
2008,5,21,USA,6208,skirts,P022,burgundy,6,en face,89.71,1,3,0,0.0
2008,8,18,Sweden,2047,skirts,P104,navy blue,2,profile,58.82,1,1,0,0.0
2008,4,2,Sweden,3731,trousers,P023,gray,3,en face,12.43,1,2,0,0.0
2008,7,24,USA,1910,skirts,P269,navy blue,4,profile,20.41,1,4,0,0.0
2008,7,19,Sweden,7308,sale,P145,pink,1,profile,168.53,2,1,0,0.0
2008,6,9,Germany,2661,blouses,P176,black,2,profile,52.34,1,1,1,99.85
2008,4,8,Germany,657,trousers,P150,gray,2,profile,93.68,1,5,0,0.0
2008,8,4,USA,6661,blouses,P089,black,1,profile,74.39,1,3,0,0.0
2008,4,16,Australia,1308,trousers,P042,white,2,profile,141.14,2,5,0,0.0
2008,8,8,Sweden,9430,skirts,P162,red,6,profile,45.05,1,3,0,0.0
2008,7,6,Italy,999,skirts,P024,gray,5,en face,156.83,2,4,0,0.0
2008,6,6,Australia,7433,trousers,P099,navy blue,1,profile,143.3,2,1,0,0.0
2008,7,11,France,2835,blouses,P174,blue,1,profile,139.2,2,1,0,0.0
2008,5,17,UK,9179,trousers,P153,black,5,en face,84.39,1,5,0,0.0
2008,5,2,Italy,5881,blouses,P155,red,1,profile,94.82,1,5,0,0.0
2008,4,10,UK,1238,sale,P010,white,4,en face,109.55,2,2,0,0.0
2008,7,16,Australia,2152,trousers,P146,green,6,profile,120.45,2,2,0,0.0
2008,7,27,Australia,7920,trousers,P289,burgundy,3,profile,188.64,2,4,0,0.0
2008,6,14,UK,9696,skirts,P035,gray,4,en face,193.82,2,1,0,0.0
2008,4,6,India,7190,skirts,P021,violet,3,profile,58.83,1,1,0,0.0
2008,8,8,Germany,8304,trousers,P293,green,6,en face,185.05,2,3,0,0.0
2008,4,28,Sweden,6579,trousers,P149,white,6,profile,60.07,1,4,0,0.0
2008,5,26,Germany,5092,trousers,P163,white,2,en face,50.99,1,2,1,63.39
2008,7,19,Australia,2187,skirts,P019,beige,4,profile,42.25,1,5,0,0.0
2008,6,21,Australia,1135,blouses,P173,red,6,en face,120.8,2,3,0,0.0
2008,8,10,USA,5005,blouses,P140,green,6,en face,102.11,1,5,0,0.0
2008,6,13,Sweden,7975,trousers,P020,gray,4,en face,48.59,1,5,0,0.0
2008,8,12,Italy,1304,skirts,P115,black,5,en face,115.66,2,4,0,0.0
2008,4,22,Australia,8469,sale,P092,black,3,en face,187.62,2,5,0,0.0
2008,4,23,France,1628,trousers,P089,navy blue,4,en face,127.21,2,3,0,0.0
2008,6,6,Germany,9282,blouses,P058,violet,5,en face,138.37,2,4,0,0.0
2008,6,13,Australia,1523,trousers,P028,black,2,en face,190.4,2,4,0,0.0
2008,4,23,Italy,9811,blouses,P230,white,5,en face,73.0,1,4,0,0.0
2008,4,23,Germany,359,sale,P090,red,2,profile,27.26,1,5,0,0.0
2008,5,5,France,139,sale,P086,pink,4,en face,134.75,2,4,1,256.76
2008,4,9,USA,300,trousers,P045,blue,2,en face,100.09,1,1,1,288.31
2008,6,5,USA,1557,sale,P293,navy blue,1,profile,24.99,1,2,0,0.0
2008,5,7,Australia,5100,sale,P049,black,1,profile,98.46,1,3,0,0.0
2008,4,7,France,383,blouses,P142,black,4,en face,199.03,2,3,0,0.0
2008,7,27,UK,8313,trousers,P031,gray,6,profile,143.39,2,4,0,0.0
2008,8,27,Australia,6949,skirts,P144,gray,2,profile,37.56,1,2,0,0.0
2008,8,16,Sweden,4858,skirts,P248,burgundy,6,en face,122.96,2,2,0,0.0
2008,4,2,Sweden,3181,blouses,P082,pink,3,profile,133.88,2,2,1,199.87
2008,8,21,Italy,1440,blouses,P033,white,6,profile,31.38,1,1,0,0.0
2008,8,1,Sweden,7270,blouses,P177,black,6,en face,38.48,1,5,0,0.0
2008,4,19,USA,5674,trousers,P208,green,3,profile,196.5,2,2,0,0.0
2008,5,7,Australia,947,blouses,P020,pink,6,en face,25.14,1,2,0,0.0
2008,6,1,Australia,2391,skirts,P204,pink,2,profile,115.95,2,2,0,0.0
2008,8,3,France,5499,sale,P271,burgundy,2,en face,84.01,1,5,0,0.0
2008,6,11,India,7074,trousers,P262,green,1,en face,158.21,2,4,0,0.0
2008,4,12,Germany,9231,trousers,P125,black,1,en face,59.86,1,5,1,163.4
2008,4,10,USA,2722,trousers,P178,white,5,profile,172.01,2,1,0,0.0
2008,7,2,Italy,1933,sale,P056,navy blue,2,en face,157.96,2,5,0,0.0
2008,7,1,Australia,7424,skirts,P263,red,3,en face,149.15,2,1,0,0.0
2008,4,14,USA,3237,skirts,P044,white,5,en face,140.8,2,2,0,0.0
2008,7,18,France,3141,blouses,P251,red,1,profile,144.31,2,1,0,0.0
2008,7,14,Sweden,4164,blouses,P257,brown,1,en face,139.81,2,3,0,0.0
2008,7,1,USA,8889,blouses,P217,brown,2,profile,40.69,1,2,0,0.0
2008,8,22,USA,3808,trousers,P037,beige,1,profile,71.93,1,4,0,0.0
2008,4,26,Sweden,9480,trousers,P073,olive,4,profile,73.49,1,2,0,0.0
2008,7,13,Italy,6984,sale,P134,white,4,en face,19.47,1,2,0,0.0
2008,4,20,USA,8905,trousers,P234,brown,1,profile,99.3,1,2,0,0.0
2008,4,2,UK,9723,trousers,P106,brown,2,en face,95.94,1,5,0,0.0
2008,7,8,France,4155,skirts,P062,black,5,profile,108.28,2,5,0,0.0
2008,6,26,USA,4173,skirts,P186,olive,3,profile,67.32,1,4,0,0.0
2008,8,5,Australia,797,sale,P120,violet,3,en face,43.44,1,1,1,59.69
2008,5,25,Italy,2417,blouses,P247,burgundy,5,profile,141.92,2,2,0,0.0
2008,4,10,France,7171,blouses,P236,beige,5,profile,174.74,2,2,0,0.0
2008,5,23,UK,6140,blouses,P086,white,2,en face,165.74,2,2,0,0.0
2008,4,14,Australia,786,trousers,P155,green,2,en face,101.51,1,5,0,0.0
2008,6,9,Italy,7068,trousers,P262,gray,4,profile,57.77,1,2,0,0.0
2008,7,9,USA,3159,skirts,P160,olive,2,profile,130.92,2,1,0,0.0
2008,6,15,UK,124,blouses,P190,beige,5,en face,79.71,1,4,0,0.0
2008,5,18,India,9458,sale,P234,green,5,profile,144.87,2,4,0,0.0
2008,8,17,Germany,9247,sale,P011,black,1,profile,106.46,2,3,0,0.0
2008,5,12,Sweden,2173,trousers,P107,gray,2,en face,85.97,1,5,0,0.0
2008,5,22,Australia,2170,skirts,P231,red,1,en face,169.45,2,4,0,0.0
2008,4,17,Sweden,6881,blouses,P071,green,1,en face,134.62,2,1,0,0.0
2008,7,13,Italy,4010,trousers,P032,violet,5,en face,136.1,2,5,0,0.0
2008,6,3,Sweden,9297,trousers,P121,olive,1,profile,75.25,1,3,0,0.0
2008,8,6,India,4341,blouses,P019,green,4,profile,37.42,1,1,0,0.0
2008,7,21,France,911,blouses,P137,burgundy,1,en face,67.85,1,3,0,0.0
2008,8,18,USA,6269,skirts,P078,green,4,en face,46.66,1,4,1,134.62
2008,5,19,India,7772,sale,P002,navy blue,3,profile,43.56,1,3,0,0.0
2008,7,14,Italy,2310,blouses,P007,green,5,profile,199.59,2,5,0,0.0
2008,6,25,Italy,9659,sale,P217,beige,6,profile,103.92,1,1,0,0.0
2008,5,13,India,3635,skirts,P221,pink,5,profile,63.15,1,2,0,0.0
2008,6,4,Sweden,1258,trousers,P161,black,1,en face,120.36,2,3,0,0.0
2008,8,2,Australia,6592,skirts,P063,burgundy,2,en face,26.74,1,2,0,0.0
2008,8,26,Australia,4459,skirts,P178,violet,5,en face,198.89,2,5,0,0.0
2008,5,25,UK,6134,sale,P226,olive,2,en face,118.76,2,4,0,0.0
2008,8,17,Sweden,1179,blouses,P038,gray,2,profile,114.74,2,1,1,295.64
2008,6,27,Australia,4653,skirts,P027,red,5,profile,93.41,1,3,0,0.0
2008,7,1,UK,6219,skirts,P006,olive,6,en face,31.95,1,3,0,0.0
2008,5,1,Italy,3651,sale,P025,black,2,en face,162.31,2,4,0,0.0
2008,6,13,Sweden,443,skirts,P213,olive,5,en face,168.32,2,4,1,490.27
2008,7,21,Italy,3416,blouses,P239,black,6,profile,89.9,1,3,0,0.0
2008,6,22,India,1400,blouses,P154,navy blue,6,profile,175.69,2,5,0,0.0
2008,8,19,UK,1458,blouses,P081,red,1,en face,63.13,1,2,0,0.0
2008,6,1,India,7525,skirts,P058,gray,3,en face,92.58,1,4,0,0.0
2008,7,26,India,5745,sale,P237,burgundy,4,en face,162.61,2,4,0,0.0
2008,8,18,India,1055,sale,P219,olive,5,profile,153.85,2,3,0,0.0
2008,6,13,France,8999,sale,P242,green,6,en face,167.19,2,5,0,0.0
2008,6,19,Germany,3276,blouses,P052,burgundy,6,profile,179.33,2,4,0,0.0
2008,7,18,UK,1464,sale,P281,gray,1,en face,189.16,2,4,1,411.69
2008,6,15,Sweden,3700,trousers,P178,navy blue,3,en face,95.36,1,4,0,0.0
2008,8,10,Australia,3760,blouses,P217,black,5,profile,61.75,1,3,0,0.0
2008,8,22,India,930,sale,P024,pink,1,en face,58.17,1,5,0,0.0
2008,4,2,UK,5512,trousers,P230,gray,1,profile,99.98,1,1,0,0.0
2008,8,14,Sweden,6469,skirts,P139,pink,4,en face,144.19,2,4,0,0.0
2008,7,24,Germany,8413,skirts,P160,burgundy,5,en face,113.87,2,2,0,0.0
2008,5,1,Sweden,1830,sale,P088,beige,2,en face,27.75,1,3,0,0.0
2008,8,23,USA,2929,trousers,P150,red,2,profile,142.56,2,1,0,0.0
2008,8,26,Australia,8296,blouses,P029,green,2,profile,54.84,1,5,0,0.0
2008,5,9,India,6539,blouses,P021,gray,1,en face,120.7,2,4,0,0.0
2008,8,3,India,4222,sale,P292,burgundy,4,en face,66.34,1,5,0,0.0
2008,6,3,India,3547,skirts,P082,violet,1,en face,111.23,2,4,0,0.0
2008,7,21,Germany,5599,blouses,P220,navy blue,5,profile,59.76,1,3,0,0.0
2008,8,26,India,8938,blouses,P097,navy blue,6,profile,94.98,1,1,0,0.0
2008,5,24,Germany,7319,blouses,P215,blue,1,en face,163.51,2,3,1,209.92
2008,8,11,Australia,8351,trousers,P254,blue,3,profile,38.18,1,1,0,0.0
2008,5,12,UK,2012,skirts,P163,blue,6,profile,184.68,2,2,0,0.0
2008,4,20,Australia,914,sale,P252,pink,5,en face,79.8,1,5,0,0.0
2008,7,25,Italy,8249,sale,P252,green,5,profile,37.01,1,5,0,0.0
2008,7,21,UK,7266,sale,P136,beige,5,en face,120.23,2,4,0,0.0
2008,6,13,Australia,3220,sale,P072,red,3,profile,156.2,2,1,0,0.0
2008,5,16,France,2607,blouses,P142,red,4,profile,117.83,2,5,0,0.0
2008,5,4,Sweden,3265,blouses,P296,gray,1,en face,56.34,1,4,0,0.0
2008,4,9,UK,4929,trousers,P018,red,6,en face,85.14,1,4,0,0.0
2008,4,24,Germany,8662,sale,P128,violet,5,profile,78.23,1,3,0,0.0
2008,7,23,India,6565,trousers,P084,olive,3,profile,134.63,2,5,0,0.0
2008,6,3,Australia,8130,trousers,P210,red,1,en face,42.07,1,2,0,0.0
2008,6,4,Germany,7,sale,P221,beige,5,profile,22.41,1,4,0,0.0
2008,6,10,India,2981,trousers,P282,olive,6,profile,198.57,2,2,0,0.0
2008,5,1,UK,6584,skirts,P150,blue,3,en face,145.76,2,1,0,0.0
2008,7,19,UK,3362,trousers,P090,burgundy,6,en face,57.11,1,1,0,0.0
2008,7,16,UK,4775,skirts,P161,olive,2,profile,42.91,1,1,0,0.0
2008,7,18,France,1944,sale,P193,burgundy,5,en face,194.75,2,1,0,0.0
2008,5,8,Italy,7453,blouses,P099,black,2,profile,57.8,1,3,0,0.0
2008,8,13,USA,5500,trousers,P157,burgundy,2,en face,30.92,1,4,0,0.0
2008,5,18,France,1636,blouses,P096,pink,3,en face,140.35,2,4,0,0.0
2008,8,19,France,1142,sale,P154,white,4,profile,184.07,2,3,0,0.0
2008,6,26,Germany,2042,sale,P020,red,4,profile,182.37,2,2,1,426.02
2008,6,8,Sweden,6704,blouses,P285,white,4,profile,29.05,1,5,0,0.0
2008,7,16,UK,7819,sale,P010,black,5,en face,17.74,1,4,1,52.68
2008,8,20,Sweden,2071,trousers,P254,black,4,en face,159.14,2,2,1,265.95
2008,6,14,Germany,3135,sale,P128,white,5,en face,45.07,1,3,1,90.69
2008,8,20,France,5161,sale,P162,brown,1,en face,107.01,2,1,1,277.35
2008,6,12,Sweden,8332,blouses,P145,burgundy,3,en face,119.52,2,2,0,0.0
2008,6,26,Sweden,5276,trousers,P011,beige,6,en face,133.99,2,4,0,0.0
2008,7,5,Italy,2243,skirts,P236,navy blue,4,profile,182.37,2,5,1,470.41
2008,5,2,UK,1475,blouses,P234,violet,2,en face,152.23,2,5,0,0.0
2008,7,24,UK,8591,trousers,P189,brown,4,profile,191.7,2,1,1,215.5
2008,5,16,Sweden,1890,blouses,P117,brown,5,profile,26.57,1,3,1,72.47
2008,6,2,Germany,3436,skirts,P203,burgundy,3,en face,137.8,2,1,0,0.0
2008,7,6,Australia,7594,blouses,P261,black,6,profile,198.45,2,3,0,0.0
2008,7,6,UK,7746,blouses,P140,green,1,profile,38.69,1,1,0,0.0
2008,4,13,India,3706,skirts,P197,blue,6,en face,99.3,1,3,0,0.0
2008,5,10,France,2022,trousers,P022,brown,5,profile,70.76,1,4,0,0.0
2008,8,12,Australia,4021,trousers,P178,violet,6,en face,167.66,2,2,0,0.0
2008,4,4,France,8831,sale,P224,violet,2,profile,111.31,2,1,0,0.0
2008,6,23,Italy,8444,trousers,P100,pink,4,profile,25.6,1,1,1,39.21
2008,4,15,France,3501,trousers,P293,burgundy,2,profile,133.18,2,5,1,309.11
2008,8,28,Italy,2659,sale,P048,gray,4,profile,125.43,2,1,0,0.0
2008,4,2,UK,8457,sale,P003,burgundy,3,profile,73.62,1,4,0,0.0
2008,8,7,Germany,6889,blouses,P018,brown,6,profile,194.16,2,1,0,0.0
2008,5,26,USA,1131,sale,P210,black,2,en face,185.71,2,1,0,0.0
2008,5,3,Sweden,5558,blouses,P026,brown,1,profile,185.59,2,1,0,0.0
2008,6,21,Germany,7359,skirts,P230,pink,2,en face,174.24,2,2,1,227.08
2008,5,25,Italy,1820,sale,P155,blue,5,profile,91.04,1,2,0,0.0
2008,4,14,USA,7539,sale,P236,navy blue,2,profile,25.45,1,2,0,0.0
2008,6,18,Australia,9387,skirts,P184,brown,4,profile,48.37,1,4,1,83.54
2008,6,8,USA,4319,blouses,P195,green,5,en face,50.87,1,5,0,0.0
2008,8,18,France,9605,sale,P048,black,3,profile,19.68,1,5,0,0.0
2008,4,17,India,4145,sale,P039,gray,6,en face,190.42,2,3,0,0.0
2008,4,2,India,4670,sale,P063,navy blue,3,en face,16.55,1,5,0,0.0
2008,4,16,UK,1237,blouses,P209,brown,6,en face,153.43,2,1,0,0.0
2008,5,6,Australia,5477,skirts,P066,olive,3,profile,45.89,1,5,0,0.0
2008,6,11,France,9837,skirts,P144,blue,3,en face,142.69,2,4,0,0.0
2008,4,22,UK,1857,sale,P052,green,6,en face,88.7,1,1,0,0.0
2008,6,8,Italy,2283,blouses,P192,navy blue,4,en face,36.61,1,1,0,0.0
2008,7,22,Sweden,8694,trousers,P053,white,5,profile,178.2,2,4,0,0.0
2008,7,13,UK,9321,trousers,P152,blue,4,profile,96.67,1,2,0,0.0
2008,4,23,Germany,4094,skirts,P176,olive,3,en face,63.09,1,2,0,0.0
2008,7,21,UK,7062,blouses,P203,navy blue,1,en face,188.08,2,1,1,550.65
2008,6,4,UK,5201,skirts,P190,black,3,en face,66.58,1,1,1,87.53
2008,4,8,Australia,6402,trousers,P090,navy blue,6,en face,190.49,2,3,1,404.78
2008,4,17,Italy,9930,trousers,P169,navy blue,1,en face,33.12,1,3,0,0.0
2008,6,25,Australia,3422,skirts,P228,pink,5,en face,97.91,1,1,0,0.0
2008,8,8,India,9270,skirts,P097,black,4,profile,10.53,1,3,0,0.0
2008,5,10,India,387,blouses,P102,gray,4,en face,122.57,2,4,0,0.0
2008,8,10,India,8549,blouses,P276,blue,4,profile,98.36,1,2,1,236.32
2008,8,12,USA,1629,sale,P078,navy blue,6,profile,82.38,1,3,0,0.0
2008,7,7,Sweden,3586,trousers,P205,gray,2,en face,71.35,1,2,0,0.0
2008,6,21,USA,7413,blouses,P274,navy blue,6,en face,146.05,2,4,0,0.0
2008,6,13,India,2715,blouses,P224,red,5,en face,138.97,2,4,0,0.0
2008,5,21,UK,7172,skirts,P168,brown,3,profile,71.49,1,1,0,0.0
2008,5,23,Italy,8436,sale,P252,red,4,en face,56.95,1,1,0,0.0
2008,8,25,France,9322,skirts,P223,green,6,en face,187.59,2,2,0,0.0
2008,5,23,USA,5660,blouses,P105,green,2,profile,68.29,1,2,0,0.0
2008,5,14,Sweden,3190,skirts,P063,pink,5,profile,34.36,1,4,0,0.0
2008,8,20,France,9969,sale,P141,green,5,en face,172.73,2,5,1,458.95
2008,6,25,India,4306,skirts,P191,blue,6,en face,148.03,2,3,0,0.0
2008,5,8,USA,910,skirts,P082,green,1,en face,147.46,2,1,0,0.0
2008,6,7,Australia,5386,blouses,P097,violet,6,en face,150.13,2,1,0,0.0
2008,8,18,USA,1997,sale,P018,pink,6,en face,58.39,1,1,0,0.0
2008,5,22,Italy,1867,trousers,P175,burgundy,2,en face,43.6,1,3,0,0.0
2008,4,10,USA,1843,trousers,P044,gray,4,profile,88.78,1,1,0,0.0
2008,5,21,USA,2498,sale,P240,olive,6,profile,171.23,2,3,0,0.0
2008,6,17,USA,202,skirts,P068,blue,1,en face,92.7,1,4,0,0.0
2008,7,7,Sweden,7906,sale,P245,pink,3,profile,65.57,1,4,0,0.0
2008,5,15,Sweden,7725,blouses,P224,violet,3,en face,180.31,2,2,0,0.0
2008,8,20,Italy,5055,blouses,P198,beige,5,en face,71.45,1,4,0,0.0
2008,6,8,Sweden,5890,skirts,P272,brown,6,en face,17.63,1,4,0,0.0
2008,6,3,UK,4007,trousers,P034,pink,5,profile,130.83,2,1,0,0.0
2008,4,15,France,9902,blouses,P248,green,6,en face,103.3,1,5,0,0.0
2008,5,14,UK,2703,blouses,P218,red,5,profile,122.58,2,2,1,262.92
2008,8,1,France,3450,blouses,P152,pink,2,en face,121.65,2,5,0,0.0
2008,5,4,Germany,332,trousers,P225,black,2,profile,185.21,2,3,0,0.0
2008,8,18,France,7140,blouses,P189,blue,1,en face,187.05,2,3,0,0.0
2008,4,4,UK,8961,sale,P142,black,1,profile,70.66,1,5,0,0.0
2008,7,20,Australia,9820,blouses,P264,navy blue,1,en face,46.83,1,4,0,0.0
2008,6,7,Sweden,7177,blouses,P279,brown,2,en face,134.29,2,2,1,190.11
2008,5,7,Italy,2460,blouses,P050,beige,5,en face,76.72,1,3,0,0.0
2008,8,14,Italy,1775,skirts,P111,gray,4,profile,102.54,1,2,0,0.0
2008,4,18,France,6629,skirts,P026,brown,1,en face,118.48,2,5,0,0.0
2008,7,14,UK,7597,sale,P019,olive,1,en face,134.91,2,4,1,370.59
2008,5,23,USA,7987,sale,P228,navy blue,2,profile,123.13,2,2,0,0.0
2008,8,6,Australia,2687,blouses,P126,burgundy,1,en face,165.86,2,4,0,0.0
2008,4,26,France,9148,sale,P252,brown,6,en face,174.62,2,2,0,0.0
2008,5,4,Sweden,990,blouses,P152,brown,4,en face,164.93,2,5,0,0.0
2008,6,15,Italy,9047,sale,P098,olive,3,en face,87.12,1,5,0,0.0
2008,5,2,Sweden,8349,blouses,P163,violet,1,en face,11.32,1,1,0,0.0
2008,6,18,France,8876,blouses,P026,olive,6,en face,74.4,1,1,0,0.0
2008,5,15,Sweden,8551,sale,P030,red,2,profile,127.13,2,5,0,0.0
2008,6,19,Australia,5807,blouses,P201,violet,4,profile,25.46,1,4,0,0.0
2008,7,12,Germany,8734,trousers,P058,blue,4,en face,168.27,2,4,0,0.0
2008,6,2,Germany,8698,trousers,P280,gray,2,en face,30.24,1,1,0,0.0
2008,5,23,France,6575,trousers,P050,white,4,en face,157.92,2,1,0,0.0
2008,6,8,Sweden,3053,trousers,P266,blue,1,profile,103.24,1,3,0,0.0
2008,5,10,USA,8638,skirts,P093,gray,6,profile,52.56,1,3,0,0.0
2008,8,7,India,5463,blouses,P248,white,4,en face,177.71,2,4,0,0.0
2008,7,2,UK,174,blouses,P272,black,1,profile,46.54,1,5,0,0.0
2008,8,19,Australia,4955,skirts,P073,brown,4,profile,130.89,2,4,0,0.0
2008,6,11,Australia,4616,blouses,P083,brown,1,profile,102.07,1,1,0,0.0
2008,8,9,UK,3322,skirts,P002,pink,1,profile,24.31,1,3,0,0.0
2008,4,3,Sweden,7066,trousers,P016,red,2,en face,92.53,1,3,1,247.39
2008,5,6,Australia,6247,trousers,P184,navy blue,2,profile,33.72,1,1,0,0.0
2008,8,26,India,6746,trousers,P112,beige,3,en face,184.95,2,4,0,0.0
2008,4,1,Germany,3373,skirts,P137,olive,5,profile,122.79,2,1,0,0.0
2008,6,8,Germany,6049,blouses,P142,brown,2,profile,184.75,2,2,0,0.0
2008,6,1,Australia,3312,blouses,P164,black,3,profile,168.65,2,5,0,0.0
2008,8,26,UK,7417,trousers,P102,brown,2,profile,44.14,1,1,0,0.0
2008,5,10,Australia,7294,sale,P231,gray,6,en face,23.16,1,2,0,0.0
2008,5,3,Sweden,7585,skirts,P099,gray,5,profile,100.81,1,1,0,0.0
2008,4,1,Italy,9378,skirts,P088,navy blue,3,en face,63.97,1,3,0,0.0
2008,7,25,Sweden,8812,sale,P209,pink,5,en face,134.21,2,5,0,0.0
2008,7,7,Australia,8161,skirts,P233,olive,6,profile,62.74,1,2,1,83.78
2008,4,27,UK,4680,sale,P153,navy blue,4,profile,162.39,2,3,0,0.0
2008,6,26,India,3404,sale,P035,red,5,en face,68.05,1,1,0,0.0
2008,4,27,Sweden,19,skirts,P238,beige,5,en face,129.27,2,4,0,0.0
2008,7,25,Sweden,3692,trousers,P047,pink,1,en face,97.94,1,5,0,0.0
2008,8,21,Germany,8655,trousers,P210,red,6,profile,144.29,2,2,0,0.0
2008,6,20,France,4097,skirts,P089,brown,5,en face,10.16,1,2,0,0.0
2008,4,8,UK,3629,sale,P291,gray,2,profile,180.73,2,5,0,0.0
2008,5,14,France,8863,blouses,P191,beige,6,profile,188.71,2,4,0,0.0
2008,5,5,Italy,2175,trousers,P221,olive,1,en face,106.79,1,5,0,0.0
2008,6,15,Australia,1357,blouses,P256,black,6,profile,55.1,1,1,0,0.0
2008,7,1,Sweden,5003,blouses,P102,blue,5,en face,42.62,1,5,0,0.0
2008,8,25,Italy,7392,trousers,P243,gray,6,en face,165.57,2,1,1,434.06
2008,8,11,India,6923,trousers,P018,red,2,profile,42.51,1,5,0,0.0
2008,7,7,India,5824,trousers,P272,gray,2,en face,32.38,1,5,0,0.0
2008,4,12,UK,9503,skirts,P274,navy blue,4,en face,146.98,2,1,0,0.0
2008,7,9,India,5671,skirts,P065,green,5,en face,46.2,1,1,0,0.0
2008,8,3,UK,3113,skirts,P105,brown,3,en face,126.77,2,5,0,0.0
2008,4,2,India,183,sale,P076,black,2,en face,187.79,2,1,0,0.0
2008,8,2,India,3643,sale,P087,blue,2,en face,91.43,1,4,1,186.32
2008,6,13,France,8858,trousers,P061,burgundy,2,en face,82.8,1,2,1,229.73
2008,4,5,Italy,1813,skirts,P220,violet,1,profile,73.69,1,5,0,0.0
2008,8,20,USA,7876,sale,P202,white,1,en face,16.38,1,3,0,0.0
2008,7,13,Australia,8498,trousers,P047,brown,2,profile,141.52,2,5,0,0.0
2008,8,17,Sweden,4913,sale,P237,blue,4,profile,131.78,2,3,0,0.0
2008,8,22,Germany,5669,blouses,P001,green,2,profile,134.17,2,4,0,0.0
2008,8,3,Germany,8543,blouses,P197,violet,2,profile,61.63,1,1,0,0.0
2008,6,17,Sweden,1801,skirts,P265,pink,3,en face,102.68,1,2,0,0.0
2008,8,9,France,9252,sale,P009,white,2,en face,23.92,1,2,0,0.0
2008,7,21,UK,2430,sale,P226,red,1,en face,159.56,2,2,0,0.0
2008,6,12,UK,5483,sale,P235,gray,5,en face,21.85,1,1,1,45.88
2008,7,20,Sweden,6762,sale,P045,black,2,en face,61.51,1,3,0,0.0
2008,4,16,India,9840,trousers,P118,gray,5,en face,131.43,2,4,1,135.33
2008,8,6,UK,9636,skirts,P229,olive,5,profile,33.01,1,2,0,0.0
2008,5,20,France,1969,sale,P046,green,6,profile,39.45,1,2,0,0.0
2008,5,25,UK,8340,blouses,P108,navy blue,3,en face,17.84,1,1,0,0.0
2008,4,20,USA,8142,skirts,P253,navy blue,1,en face,181.47,2,4,0,0.0
2008,6,12,Australia,7697,sale,P178,pink,5,en face,47.22,1,5,0,0.0
2008,5,23,USA,7542,skirts,P021,violet,6,en face,84.53,1,3,0,0.0
2008,6,25,Germany,4988,blouses,P064,olive,5,en face,87.44,1,5,0,0.0
2008,8,19,Italy,9757,skirts,P266,brown,6,profile,154.33,2,5,0,0.0
2008,6,6,Australia,4651,sale,P070,white,1,profile,156.49,2,3,0,0.0
2008,8,14,UK,1160,sale,P026,beige,4,en face,142.98,2,3,1,160.65
2008,7,20,India,1214,trousers,P111,gray,6,en face,25.24,1,4,1,64.61
2008,5,3,USA,7337,blouses,P030,red,2,en face,137.03,2,1,0,0.0
2008,6,12,Australia,1326,blouses,P027,green,4,en face,68.89,1,1,0,0.0
2008,4,7,France,7513,sale,P264,beige,5,profile,78.17,1,1,0,0.0
2008,5,16,India,7581,skirts,P180,burgundy,6,en face,125.83,2,2,0,0.0
2008,5,7,India,4797,sale,P171,olive,5,profile,125.11,2,5,0,0.0
2008,5,7,Italy,6797,skirts,P028,burgundy,1,profile,66.75,1,2,0,0.0
2008,7,17,Italy,5809,sale,P003,blue,4,en face,167.51,2,4,0,0.0
2008,5,16,France,5944,blouses,P231,black,2,en face,153.53,2,1,0,0.0
2008,6,24,USA,9284,sale,P113,gray,5,en face,80.09,1,1,0,0.0
2008,8,20,Australia,8145,trousers,P006,gray,6,profile,115.32,2,5,0,0.0
2008,8,1,Italy,1456,sale,P056,burgundy,3,profile,117.97,2,2,0,0.0
2008,4,7,USA,5411,skirts,P239,pink,6,en face,167.13,2,5,0,0.0
2008,4,12,Australia,7130,sale,P248,olive,2,en face,177.48,2,5,0,0.0
2008,7,9,Germany,8893,sale,P126,olive,4,en face,81.32,1,3,0,0.0
2008,6,26,USA,4963,trousers,P230,pink,5,en face,195.52,2,5,0,0.0
2008,8,21,Italy,2801,skirts,P166,pink,6,profile,95.49,1,3,0,0.0
2008,4,26,Germany,1645,blouses,P111,beige,1,profile,140.85,2,5,0,0.0
2008,6,4,France,2141,sale,P208,navy blue,6,en face,116.02,2,4,0,0.0
2008,7,21,Italy,4537,trousers,P209,white,5,profile,149.63,2,5,0,0.0
2008,7,24,Germany,4458,sale,P293,brown,4,en face,182.02,2,5,0,0.0
2008,6,21,Italy,8952,trousers,P017,blue,2,profile,103.51,1,1,0,0.0
2008,7,14,USA,5587,trousers,P216,gray,3,en face,113.6,2,4,1,314.51
2008,5,6,USA,4379,trousers,P057,red,6,en face,75.02,1,5,0,0.0
2008,4,14,Australia,730,sale,P109,violet,6,profile,129.87,2,2,0,0.0
2008,6,4,Australia,4358,sale,P189,green,3,profile,171.52,2,5,0,0.0
2008,8,16,Sweden,7749,sale,P232,violet,3,profile,50.34,1,1,0,0.0
2008,7,17,Australia,6717,blouses,P012,green,2,profile,100.73,1,5,0,0.0
2008,6,15,Italy,1937,blouses,P063,red,1,profile,129.26,2,5,0,0.0
2008,8,2,Sweden,3794,skirts,P034,brown,5,en face,59.65,1,2,0,0.0
2008,8,24,Sweden,3737,trousers,P154,olive,6,profile,27.98,1,4,1,59.36
2008,7,8,UK,2262,skirts,P045,black,6,profile,151.67,2,5,0,0.0
2008,6,27,UK,4006,skirts,P166,blue,2,en face,72.51,1,1,0,0.0
2008,4,15,Germany,1111,sale,P029,beige,4,profile,179.63,2,5,0,0.0
2008,6,16,UK,9029,blouses,P191,burgundy,3,en face,143.77,2,2,0,0.0
2008,6,21,France,5481,trousers,P278,gray,2,profile,130.71,2,1,0,0.0
2008,5,6,Italy,2999,skirts,P067,violet,1,profile,52.2,1,1,0,0.0
2008,6,5,Sweden,2395,skirts,P217,violet,1,en face,77.92,1,5,0,0.0
2008,6,28,Sweden,1186,skirts,P192,green,4,profile,109.43,2,5,0,0.0
2008,4,19,Italy,2008,skirts,P237,blue,4,en face,169.7,2,1,0,0.0
2008,5,28,USA,194,trousers,P165,gray,4,en face,121.65,2,2,0,0.0
2008,6,5,Sweden,5612,skirts,P249,navy blue,6,profile,195.79,2,4,0,0.0
2008,5,7,UK,2902,skirts,P104,violet,5,en face,166.57,2,1,0,0.0
2008,5,12,Germany,579,sale,P297,violet,5,profile,25.11,1,4,0,0.0
2008,4,18,Germany,6220,trousers,P132,navy blue,1,profile,199.22,2,1,0,0.0
2008,6,15,UK,5526,trousers,P127,red,4,en face,177.75,2,4,0,0.0
2008,4,3,India,772,trousers,P170,burgundy,1,en face,17.29,1,1,0,0.0
2008,5,7,USA,7840,skirts,P158,olive,1,profile,189.38,2,2,1,549.91
2008,6,5,India,2396,skirts,P158,olive,5,profile,65.95,1,1,0,0.0
2008,8,7,India,1479,skirts,P243,red,1,en face,119.65,2,1,0,0.0
2008,4,4,India,1847,blouses,P024,red,5,en face,14.0,1,3,0,0.0
2008,8,16,India,9109,skirts,P135,pink,2,profile,187.41,2,2,0,0.0
2008,8,15,France,4275,blouses,P222,white,4,en face,115.0,2,2,0,0.0
2008,6,14,India,3741,skirts,P035,green,3,en face,158.74,2,5,0,0.0
2008,6,15,USA,4601,skirts,P011,green,1,profile,124.6,2,4,0,0.0
2008,5,13,Germany,8088,sale,P087,red,6,profile,47.79,1,5,0,0.0
2008,6,25,India,8711,blouses,P041,brown,5,en face,59.94,1,3,0,0.0
2008,8,23,Sweden,6677,skirts,P267,violet,3,profile,116.59,2,1,0,0.0
2008,4,15,India,6376,sale,P099,burgundy,4,profile,99.08,1,3,0,0.0
2008,8,24,Sweden,8125,skirts,P020,burgundy,6,en face,19.31,1,3,0,0.0
2008,8,26,USA,9539,skirts,P289,gray,6,en face,14.13,1,1,0,0.0
2008,7,27,Italy,4916,blouses,P271,olive,4,profile,98.16,1,3,0,0.0
2008,8,13,Australia,2074,blouses,P203,olive,3,profile,167.86,2,4,0,0.0
2008,7,7,UK,4755,blouses,P002,olive,3,en face,61.71,1,2,0,0.0
2008,8,23,Italy,1897,sale,P250,beige,4,en face,161.3,2,4,0,0.0
2008,4,9,Italy,8553,trousers,P297,green,5,en face,101.63,1,3,0,0.0
2008,7,19,UK,6703,sale,P221,brown,5,profile,169.27,2,5,0,0.0
2008,4,23,Italy,6318,skirts,P006,white,1,en face,29.77,1,4,0,0.0
2008,8,14,Sweden,3660,skirts,P197,green,4,en face,190.34,2,4,0,0.0
2008,7,24,USA,6582,trousers,P184,beige,3,profile,179.91,2,4,0,0.0
2008,5,6,Italy,2380,trousers,P123,blue,3,en face,97.93,1,3,0,0.0
2008,8,20,Sweden,1448,skirts,P182,violet,6,en face,191.76,2,4,0,0.0
2008,6,9,India,343,trousers,P054,white,5,en face,18.44,1,2,0,0.0
2008,7,10,Australia,5128,trousers,P138,red,3,profile,53.58,1,2,0,0.0
2008,8,9,Germany,3137,sale,P199,pink,3,en face,28.04,1,4,0,0.0
2008,6,23,France,2528,blouses,P108,burgundy,5,profile,172.13,2,4,0,0.0
2008,5,12,USA,728,blouses,P258,green,5,en face,89.93,1,5,0,0.0
2008,6,27,France,4578,skirts,P005,navy blue,6,en face,26.72,1,3,0,0.0
2008,8,7,Sweden,977,skirts,P056,olive,2,en face,50.69,1,1,0,0.0
2008,5,3,India,8392,blouses,P264,pink,4,profile,122.32,2,4,0,0.0
2008,8,15,Italy,5444,blouses,P143,olive,6,en face,134.16,2,4,0,0.0
2008,7,4,Australia,9035,sale,P089,green,5,profile,69.42,1,2,0,0.0
2008,8,18,USA,3517,sale,P016,gray,6,en face,186.96,2,2,1,264.63
2008,5,19,Germany,7976,blouses,P117,burgundy,6,en face,117.96,2,4,0,0.0
2008,7,1,Germany,9788,skirts,P023,olive,6,en face,13.45,1,1,0,0.0
2008,6,21,France,3941,blouses,P033,green,3,en face,97.47,1,5,0,0.0
2008,7,11,India,1300,trousers,P085,red,3,profile,189.45,2,5,0,0.0
2008,4,25,USA,9765,blouses,P046,blue,5,profile,39.66,1,4,0,0.0
2008,4,14,Sweden,1349,trousers,P257,red,3,profile,45.58,1,2,0,0.0
2008,8,21,Germany,661,blouses,P073,olive,3,en face,175.9,2,3,0,0.0
2008,8,25,Germany,5887,skirts,P009,olive,5,profile,36.06,1,2,1,62.02
2008,4,7,UK,1493,skirts,P218,brown,5,en face,133.83,2,5,1,339.86
2008,6,22,France,9947,blouses,P149,red,5,profile,36.8,1,1,1,81.19
2008,5,20,Italy,4590,trousers,P129,blue,3,profile,126.62,2,5,0,0.0
2008,4,4,Sweden,8531,trousers,P001,olive,1,en face,11.6,1,2,0,0.0
2008,5,14,France,5155,blouses,P120,navy blue,2,en face,116.79,2,5,0,0.0
2008,5,18,UK,2316,trousers,P087,burgundy,6,en face,184.16,2,3,0,0.0
2008,7,6,India,9615,sale,P035,green,1,en face,113.03,2,2,0,0.0
2008,6,27,Australia,9578,trousers,P230,beige,2,profile,155.85,2,4,0,0.0
2008,5,23,France,7025,blouses,P194,blue,1,en face,144.29,2,4,0,0.0
2008,4,6,Australia,1086,sale,P226,blue,6,en face,43.74,1,4,0,0.0
2008,7,21,Australia,2525,blouses,P056,navy blue,2,en face,74.84,1,3,0,0.0
2008,4,7,Italy,8969,trousers,P084,navy blue,6,en face,86.84,1,3,0,0.0
2008,4,3,Sweden,5375,blouses,P194,pink,3,profile,48.95,1,1,1,124.28
2008,4,12,Australia,3199,skirts,P115,burgundy,6,profile,108.43,2,1,1,121.35
2008,8,26,USA,5752,blouses,P227,red,6,en face,11.71,1,2,0,0.0
2008,5,28,Australia,4009,blouses,P220,olive,5,en face,31.05,1,4,0,0.0
2008,7,5,Italy,5718,sale,P143,white,3,profile,36.55,1,4,0,0.0
2008,7,4,India,6658,skirts,P078,beige,5,profile,108.47,2,4,0,0.0
2008,8,25,Italy,9358,trousers,P073,red,4,en face,37.46,1,4,0,0.0
2008,6,22,France,8791,blouses,P207,pink,6,profile,165.76,2,1,0,0.0
2008,5,25,Sweden,68,blouses,P094,white,4,profile,191.52,2,5,0,0.0
2008,8,15,Australia,7924,sale,P021,red,6,en face,190.77,2,2,0,0.0
2008,7,22,Germany,41,blouses,P106,white,5,en face,148.41,2,2,0,0.0
2008,7,15,India,2270,trousers,P089,green,1,profile,138.94,2,2,0,0.0
2008,4,7,France,2382,blouses,P013,navy blue,2,en face,114.98,2,5,0,0.0
2008,7,12,France,7342,skirts,P072,gray,1,profile,168.93,2,5,0,0.0
2008,6,11,Germany,9962,trousers,P064,white,2,en face,90.42,1,3,0,0.0
2008,6,20,UK,4917,blouses,P044,brown,5,profile,40.07,1,3,0,0.0
2008,7,14,India,5323,trousers,P060,brown,1,profile,81.64,1,3,1,239.87
2008,7,6,USA,5774,blouses,P211,navy blue,2,profile,181.23,2,2,0,0.0
2008,5,22,UK,6233,sale,P001,burgundy,2,profile,20.18,1,3,0,0.0
2008,5,14,Italy,6964,blouses,P042,black,6,profile,43.76,1,5,0,0.0
2008,7,17,India,3448,blouses,P230,olive,6,profile,114.15,2,5,0,0.0
2008,5,8,USA,6817,trousers,P219,brown,6,profile,64.17,1,5,1,153.2
2008,7,18,France,2368,blouses,P203,pink,5,en face,144.0,2,2,1,266.77
2008,8,27,Australia,7982,skirts,P299,gray,6,en face,31.91,1,3,0,0.0
2008,4,26,UK,8167,trousers,P073,beige,5,en face,177.66,2,4,0,0.0
2008,4,16,France,2513,blouses,P244,brown,1,profile,196.41,2,2,0,0.0
2008,5,18,France,9620,blouses,P178,black,4,en face,10.72,1,1,0,0.0
2008,6,2,USA,2724,blouses,P095,violet,4,en face,71.07,1,5,0,0.0
2008,8,22,India,5949,skirts,P209,olive,6,profile,75.23,1,1,0,0.0
2008,5,7,Sweden,9186,skirts,P061,brown,1,profile,100.7,1,1,0,0.0
2008,8,4,USA,9005,trousers,P004,blue,1,en face,150.8,2,2,0,0.0
2008,5,20,Australia,1144,trousers,P221,white,2,profile,133.86,2,2,0,0.0
2008,4,23,India,9737,trousers,P275,green,1,profile,29.57,1,5,0,0.0
2008,8,24,USA,7223,trousers,P235,navy blue,6,profile,187.9,2,3,0,0.0
2008,5,13,India,8293,sale,P063,beige,1,profile,21.47,1,2,1,56.88
2008,8,10,France,9221,sale,P243,violet,4,profile,60.55,1,5,0,0.0
2008,8,11,Australia,4729,blouses,P225,olive,4,profile,186.4,2,1,0,0.0
2008,7,7,Australia,5495,skirts,P228,pink,3,en face,87.13,1,1,1,259.44
2008,7,6,UK,5756,blouses,P186,burgundy,3,profile,72.98,1,5,0,0.0
2008,7,22,India,7563,trousers,P019,beige,1,en face,45.76,1,2,1,115.94
2008,8,15,India,3790,sale,P171,brown,1,en face,93.58,1,5,0,0.0
2008,8,11,USA,2221,blouses,P070,white,3,profile,26.99,1,3,0,0.0
2008,8,18,Germany,5076,blouses,P246,beige,3,en face,44.11,1,3,0,0.0
2008,6,12,Australia,2332,skirts,P028,brown,6,profile,101.49,1,5,0,0.0
2008,6,18,Australia,5395,blouses,P161,red,6,en face,99.78,1,2,0,0.0
2008,4,8,Italy,7440,blouses,P174,burgundy,3,profile,179.15,2,5,0,0.0
2008,7,28,Italy,8068,skirts,P223,burgundy,3,profile,73.52,1,3,0,0.0
2008,5,7,France,7091,blouses,P281,red,4,en face,88.73,1,4,0,0.0
2008,6,22,France,9337,trousers,P212,black,1,profile,51.17,1,2,0,0.0
2008,5,28,India,4089,sale,P255,gray,3,profile,59.28,1,2,0,0.0
2008,4,25,France,1968,blouses,P287,navy blue,1,profile,33.91,1,3,0,0.0
2008,8,15,India,9364,trousers,P284,burgundy,4,en face,158.89,2,1,0,0.0
2008,7,19,France,9797,skirts,P168,black,1,profile,175.36,2,1,0,0.0
2008,6,27,France,6758,trousers,P162,white,5,profile,110.94,2,3,0,0.0
2008,4,15,UK,9587,skirts,P210,violet,2,en face,100.91,1,1,0,0.0
2008,8,2,India,4366,trousers,P232,gray,3,profile,95.97,1,5,1,264.68
2008,7,14,USA,7000,trousers,P069,green,2,en face,106.85,1,1,1,320.47
2008,5,16,Sweden,424,blouses,P154,beige,1,en face,141.3,2,5,0,0.0
2008,5,25,Australia,281,skirts,P177,navy blue,1,profile,196.22,2,5,0,0.0
2008,7,23,UK,1905,sale,P092,blue,3,profile,109.96,2,3,0,0.0
2008,8,18,Italy,596,trousers,P240,white,5,en face,20.01,1,5,0,0.0
2008,8,27,UK,8580,sale,P083,white,2,en face,160.37,2,3,0,0.0
2008,8,8,UK,3918,sale,P057,red,6,profile,102.21,1,5,1,151.72
2008,5,5,Germany,6143,skirts,P238,green,5,profile,135.74,2,2,0,0.0
2008,7,12,Italy,5662,skirts,P127,white,2,profile,106.16,2,5,0,0.0
2008,7,19,India,5779,sale,P050,blue,1,en face,133.04,2,3,0,0.0
2008,5,21,USA,3619,skirts,P224,olive,6,en face,78.09,1,1,1,175.39
2008,4,11,UK,6846,trousers,P098,gray,6,profile,46.2,1,4,0,0.0
2008,6,19,Italy,840,blouses,P273,violet,4,en face,169.5,2,3,0,0.0
2008,6,9,USA,4597,sale,P216,brown,2,en face,51.19,1,3,0,0.0
2008,8,19,UK,7497,blouses,P030,violet,6,profile,189.04,2,4,0,0.0
2008,8,1,Australia,142,skirts,P251,pink,4,en face,23.23,1,3,0,0.0
2008,4,21,UK,2598,skirts,P018,brown,2,profile,39.86,1,5,0,0.0
2008,5,16,Sweden,6702,sale,P275,gray,4,en face,69.74,1,4,0,0.0
2008,8,6,Italy,7757,blouses,P014,navy blue,2,profile,125.87,2,4,0,0.0
2008,5,22,USA,1378,trousers,P194,blue,6,profile,98.42,1,4,0,0.0
2008,5,20,Sweden,3675,sale,P214,pink,5,profile,85.02,1,3,0,0.0
2008,4,18,Sweden,8771,trousers,P232,white,2,en face,133.43,2,4,0,0.0
2008,7,8,Germany,9896,sale,P093,blue,6,profile,130.23,2,3,1,275.19
2008,6,18,UK,6363,trousers,P118,red,5,profile,59.02,1,2,0,0.0
2008,4,12,Italy,4742,blouses,P099,green,6,profile,118.44,2,3,0,0.0
2008,6,24,UK,3809,blouses,P153,olive,3,en face,160.04,2,3,0,0.0
2008,7,28,India,1139,skirts,P011,green,3,profile,173.48,2,1,0,0.0
2008,4,6,India,2258,trousers,P283,burgundy,6,en face,190.47,2,5,0,0.0
2008,6,9,India,7866,sale,P295,burgundy,6,en face,123.55,2,2,0,0.0
2008,4,12,UK,1788,sale,P234,violet,5,profile,64.19,1,1,0,0.0
2008,6,20,India,3939,trousers,P011,green,4,en face,115.13,2,4,0,0.0
2008,5,13,Australia,9317,sale,P228,pink,3,profile,22.93,1,1,0,0.0
2008,4,3,Sweden,4647,skirts,P087,violet,6,profile,131.24,2,3,0,0.0
2008,6,21,Australia,460,skirts,P074,olive,1,en face,33.56,1,2,0,0.0
2008,8,2,Germany,6116,sale,P151,pink,5,en face,105.15,1,2,0,0.0
2008,4,15,India,9543,skirts,P185,olive,4,profile,116.24,2,2,0,0.0
2008,8,12,Italy,949,blouses,P262,burgundy,2,en face,80.79,1,4,1,104.31
2008,7,13,India,3701,sale,P115,black,2,en face,114.19,2,4,0,0.0
2008,5,26,Germany,1337,sale,P251,brown,5,en face,180.53,2,3,0,0.0
2008,6,7,Italy,6371,blouses,P255,red,1,profile,96.06,1,1,0,0.0
2008,6,2,Australia,4629,sale,P081,pink,5,profile,187.64,2,3,0,0.0
2008,5,22,France,6287,blouses,P057,brown,2,profile,58.79,1,1,0,0.0
2008,7,14,Australia,5926,trousers,P042,black,5,en face,172.33,2,1,0,0.0
2008,5,28,Germany,5935,skirts,P085,white,4,en face,169.67,2,1,0,0.0
2008,4,20,UK,6041,sale,P169,beige,5,en face,45.76,1,1,0,0.0
2008,8,7,Sweden,442,trousers,P227,violet,3,en face,70.33,1,3,1,176.05
2008,7,13,UK,6660,blouses,P184,violet,2,profile,163.14,2,1,0,0.0
2008,5,16,France,1603,blouses,P004,burgundy,1,en face,179.85,2,1,0,0.0
2008,5,14,Germany,2239,sale,P238,beige,3,profile,69.72,1,4,0,0.0
2008,8,21,France,640,sale,P112,red,6,en face,92.57,1,5,0,0.0
2008,6,25,UK,9821,trousers,P253,beige,6,profile,91.75,1,5,0,0.0
2008,4,24,India,3831,skirts,P221,gray,1,en face,172.56,2,2,0,0.0
2008,5,26,India,9396,sale,P254,navy blue,6,profile,106.65,2,1,1,270.46
2008,7,8,Sweden,6145,blouses,P182,green,3,profile,162.83,2,5,0,0.0
2008,4,14,Italy,7986,blouses,P071,blue,1,profile,176.4,2,5,0,0.0
2008,4,18,UK,9053,trousers,P298,beige,3,profile,102.16,1,1,0,0.0
2008,5,1,UK,6345,blouses,P048,black,4,en face,45.56,1,1,0,0.0
2008,8,27,USA,2502,trousers,P189,pink,3,profile,179.15,2,3,0,0.0
2008,7,28,USA,1959,trousers,P168,white,3,en face,174.86,2,5,0,0.0
2008,8,4,Australia,1071,blouses,P272,red,2,en face,78.0,1,2,0,0.0
2008,4,6,Germany,156,skirts,P295,red,3,en face,115.23,2,3,0,0.0
2008,6,17,Italy,2296,blouses,P144,beige,4,en face,107.23,2,1,0,0.0
2008,6,5,UK,9802,sale,P233,blue,4,en face,131.31,2,2,0,0.0
2008,8,27,Sweden,4579,trousers,P012,red,4,en face,21.11,1,4,0,0.0
2008,4,27,Germany,1090,sale,P217,burgundy,2,profile,81.41,1,5,0,0.0
2008,5,25,Germany,6050,trousers,P126,blue,4,en face,38.25,1,2,0,0.0
2008,5,21,Sweden,6416,blouses,P010,beige,6,profile,14.81,1,3,0,0.0
2008,8,24,Australia,2941,skirts,P036,violet,2,en face,91.42,1,3,0,0.0
2008,7,12,Australia,724,sale,P142,gray,1,profile,77.32,1,2,0,0.0
2008,6,27,UK,4385,trousers,P120,pink,4,profile,192.09,2,2,0,0.0
2008,5,27,India,931,skirts,P194,white,2,en face,107.62,2,1,0,0.0
2008,8,5,France,2910,sale,P082,burgundy,4,profile,120.69,2,2,0,0.0
2008,5,25,France,7846,trousers,P154,green,2,profile,167.64,2,5,0,0.0
2008,7,27,Australia,6764,trousers,P244,black,5,en face,23.7,1,4,0,0.0
2008,6,15,Australia,8389,trousers,P231,white,4,en face,142.7,2,5,0,0.0
2008,4,3,Sweden,6417,skirts,P243,white,3,en face,46.4,1,5,0,0.0
2008,8,27,France,896,sale,P185,white,1,profile,110.64,2,1,0,0.0
2008,6,18,Australia,3248,sale,P137,olive,5,en face,104.88,1,4,0,0.0
2008,5,5,UK,2327,sale,P287,pink,4,profile,22.63,1,2,0,0.0
2008,8,3,France,7097,trousers,P053,red,1,en face,146.56,2,5,0,0.0
2008,7,13,India,9506,blouses,P002,green,6,en face,89.11,1,2,0,0.0
2008,8,19,Sweden,7582,skirts,P175,green,6,en face,66.04,1,5,0,0.0
2008,5,9,Germany,9743,skirts,P098,brown,3,profile,14.82,1,1,0,0.0
2008,7,22,UK,5039,blouses,P087,violet,4,en face,187.68,2,3,0,0.0
2008,4,23,Australia,6451,blouses,P215,violet,6,profile,164.81,2,2,0,0.0
2008,5,19,USA,4137,trousers,P240,brown,6,profile,174.02,2,5,0,0.0
2008,4,18,France,9249,skirts,P183,violet,1,profile,138.02,2,1,0,0.0
2008,5,23,France,1716,skirts,P043,pink,6,en face,22.5,1,4,0,0.0
2008,7,25,Germany,1699,blouses,P181,beige,4,profile,181.77,2,4,0,0.0
2008,6,19,Australia,9691,trousers,P156,pink,1,en face,53.6,1,3,0,0.0
2008,4,28,India,9550,sale,P196,burgundy,2,profile,29.32,1,4,0,0.0
2008,7,28,USA,9972,blouses,P234,blue,5,en face,182.41,2,3,0,0.0
2008,7,19,France,8225,skirts,P126,burgundy,2,en face,193.67,2,4,0,0.0
2008,5,20,UK,3832,skirts,P187,white,1,profile,60.31,1,1,0,0.0
2008,5,7,USA,6300,blouses,P100,pink,6,en face,104.19,1,2,1,265.08
2008,7,5,Germany,3349,trousers,P274,blue,1,profile,37.92,1,2,0,0.0
2008,7,12,Australia,9519,trousers,P114,white,4,en face,51.0,1,2,0,0.0
2008,6,10,USA,986,skirts,P089,blue,4,profile,49.8,1,3,0,0.0
2008,7,1,France,1822,skirts,P255,beige,6,en face,86.29,1,3,0,0.0
2008,4,13,Australia,4572,sale,P031,burgundy,2,profile,13.68,1,4,0,0.0
2008,4,3,Australia,588,trousers,P096,violet,4,profile,134.14,2,2,0,0.0
2008,5,26,Sweden,9758,blouses,P102,blue,6,profile,135.07,2,2,0,0.0
2008,4,16,Italy,5078,trousers,P071,olive,2,profile,76.81,1,2,0,0.0
2008,6,17,Sweden,7783,skirts,P291,brown,3,profile,161.32,2,3,1,298.07
2008,4,22,Sweden,8324,trousers,P081,pink,3,profile,73.19,1,2,0,0.0
2008,6,9,Italy,9523,trousers,P224,gray,2,profile,137.7,2,1,0,0.0
2008,6,11,USA,9968,sale,P074,navy blue,6,profile,124.18,2,1,0,0.0
2008,5,19,Italy,5484,trousers,P203,beige,1,en face,191.06,2,5,0,0.0
2008,5,1,India,7747,sale,P041,brown,4,en face,65.1,1,4,0,0.0
2008,6,23,Germany,9281,sale,P273,brown,2,en face,99.05,1,3,0,0.0
2008,4,23,India,5515,skirts,P192,brown,5,profile,101.02,1,3,0,0.0
2008,7,7,Germany,9528,blouses,P044,navy blue,1,profile,107.17,2,2,1,126.55
2008,5,11,Italy,8872,blouses,P261,gray,6,en face,25.05,1,3,1,28.05
2008,7,27,Sweden,5554,sale,P189,burgundy,3,en face,179.27,2,1,0,0.0
2008,7,22,Australia,3558,blouses,P210,burgundy,2,profile,51.42,1,4,0,0.0
2008,6,25,Germany,1396,skirts,P011,olive,5,en face,52.18,1,4,0,0.0
2008,7,7,Italy,265,skirts,P234,beige,2,profile,34.17,1,4,0,0.0
2008,8,2,Italy,3548,sale,P007,gray,2,profile,78.26,1,4,0,0.0
2008,7,28,Australia,6845,trousers,P295,pink,2,profile,96.38,1,3,0,0.0
2008,7,9,Germany,7629,sale,P138,green,2,profile,29.47,1,3,0,0.0
2008,7,21,India,6789,trousers,P090,gray,6,en face,194.16,2,4,1,354.37
2008,8,10,Italy,3070,sale,P107,beige,1,en face,34.29,1,2,0,0.0
2008,8,19,UK,5026,sale,P037,violet,1,profile,194.87,2,5,0,0.0
2008,5,17,Sweden,8397,blouses,P096,green,4,en face,165.37,2,5,0,0.0
2008,6,21,USA,3865,trousers,P100,navy blue,1,en face,155.43,2,2,0,0.0
2008,4,8,UK,9073,trousers,P244,navy blue,1,en face,139.97,2,3,0,0.0
2008,7,6,Italy,2401,blouses,P283,blue,6,en face,58.28,1,1,0,0.0
2008,4,15,India,6275,trousers,P203,blue,6,profile,75.08,1,5,0,0.0
2008,4,26,USA,8485,sale,P002,pink,5,profile,164.59,2,2,0,0.0
2008,4,19,Sweden,3712,sale,P299,black,5,en face,118.51,2,2,0,0.0
2008,7,26,India,247,sale,P087,brown,1,en face,38.82,1,3,0,0.0
2008,8,14,France,1595,blouses,P149,black,6,profile,176.23,2,5,0,0.0
2008,5,18,Sweden,9683,sale,P174,red,6,profile,149.13,2,3,0,0.0
2008,5,13,France,1530,trousers,P273,olive,4,profile,189.15,2,4,0,0.0
2008,8,12,UK,8224,sale,P108,navy blue,6,en face,143.8,2,3,0,0.0
2008,8,12,UK,924,skirts,P231,white,5,en face,52.61,1,4,1,139.56
2008,4,12,Germany,7554,trousers,P005,white,1,profile,166.95,2,1,0,0.0
2008,6,11,Sweden,4365,skirts,P103,gray,3,profile,22.79,1,5,0,0.0
2008,4,6,USA,670,blouses,P206,pink,4,profile,14.16,1,3,0,0.0
2008,4,11,Sweden,3605,sale,P057,green,3,en face,106.27,1,2,0,0.0
2008,4,5,UK,5109,trousers,P047,black,1,en face,61.16,1,3,0,0.0
2008,6,28,UK,1911,sale,P035,navy blue,5,profile,157.27,2,5,0,0.0
2008,5,18,Italy,8345,skirts,P032,burgundy,5,en face,184.86,2,5,0,0.0
2008,7,8,India,5249,trousers,P242,beige,3,en face,77.93,1,3,0,0.0
2008,7,11,Australia,7184,trousers,P001,white,4,en face,116.02,2,2,0,0.0
2008,7,8,Italy,3959,blouses,P071,brown,1,en face,166.97,2,5,0,0.0
2008,8,21,Australia,6958,sale,P018,brown,4,en face,63.5,1,5,0,0.0
2008,4,21,Italy,6027,blouses,P039,violet,4,en face,49.34,1,5,0,0.0
2008,5,12,UK,5644,trousers,P027,green,6,en face,189.37,2,5,0,0.0
2008,6,22,India,2697,skirts,P052,brown,3,profile,170.25,2,1,0,0.0
2008,5,13,Australia,2592,trousers,P001,burgundy,1,en face,22.92,1,4,0,0.0
2008,6,15,UK,5907,sale,P169,gray,1,profile,85.48,1,5,0,0.0
2008,7,1,India,1782,sale,P160,red,6,en face,189.89,2,3,0,0.0
2008,8,19,Italy,6510,skirts,P206,blue,1,en face,86.27,1,3,0,0.0
2008,6,20,India,3014,trousers,P043,olive,2,en face,198.2,2,2,0,0.0
2008,6,14,USA,7134,skirts,P160,brown,5,en face,167.77,2,5,0,0.0
2008,4,9,UK,2308,blouses,P061,burgundy,4,profile,182.36,2,1,0,0.0
2008,5,2,USA,7277,sale,P014,gray,1,profile,55.75,1,5,0,0.0
2008,4,5,India,3691,skirts,P188,beige,4,en face,140.84,2,5,0,0.0
2008,4,2,Sweden,688,sale,P001,pink,1,profile,47.19,1,2,0,0.0
2008,4,14,USA,6012,skirts,P244,gray,4,profile,160.11,2,2,0,0.0
2008,6,7,UK,7072,sale,P212,burgundy,2,profile,125.08,2,2,0,0.0
2008,8,9,Germany,613,trousers,P136,gray,4,profile,71.92,1,3,1,112.11
2008,6,16,Australia,7168,trousers,P190,violet,3,profile,93.69,1,1,0,0.0
2008,8,27,France,9206,blouses,P251,pink,2,profile,25.03,1,4,0,0.0
2008,4,26,UK,3201,trousers,P197,blue,1,en face,143.79,2,1,0,0.0
2008,4,3,France,2268,trousers,P062,blue,4,en face,124.9,2,3,1,202.56
2008,8,25,Australia,9782,sale,P003,green,4,en face,114.14,2,4,0,0.0
2008,4,21,Sweden,6630,trousers,P277,olive,3,profile,54.24,1,2,0,0.0
2008,8,18,UK,4136,blouses,P062,white,4,profile,32.09,1,4,0,0.0
2008,5,17,Australia,1899,trousers,P149,white,6,profile,138.73,2,2,0,0.0
2008,8,12,USA,9531,blouses,P093,red,3,en face,46.28,1,3,0,0.0
2008,7,10,UK,8154,blouses,P048,black,2,profile,105.9,2,3,0,0.0
2008,5,17,UK,259,blouses,P095,white,5,en face,81.07,1,1,0,0.0
2008,7,15,Italy,2925,blouses,P203,red,6,en face,141.35,2,5,0,0.0
2008,7,5,India,9425,trousers,P028,black,3,profile,134.81,2,3,0,0.0
2008,5,21,USA,4944,skirts,P171,red,1,en face,159.63,2,3,0,0.0
2008,8,10,Italy,2823,blouses,P167,pink,1,en face,169.81,2,2,0,0.0
2008,4,27,USA,6530,skirts,P173,gray,2,profile,35.33,1,1,0,0.0
2008,8,5,France,3340,blouses,P019,olive,1,en face,110.87,2,5,0,0.0
2008,7,28,UK,3526,blouses,P104,beige,3,en face,145.7,2,5,0,0.0
2008,5,1,Australia,4564,skirts,P264,olive,4,en face,40.62,1,5,0,0.0
2008,4,16,France,9657,skirts,P055,red,5,profile,115.51,2,5,0,0.0
2008,6,20,Australia,7909,skirts,P057,burgundy,1,profile,62.44,1,1,0,0.0
2008,5,4,Germany,5330,trousers,P262,brown,5,profile,90.26,1,1,0,0.0
2008,7,28,Sweden,5224,trousers,P296,brown,3,profile,132.59,2,3,0,0.0
2008,7,16,Italy,2286,trousers,P046,gray,5,en face,54.35,1,3,0,0.0
2008,8,9,Germany,6064,trousers,P079,beige,6,profile,110.83,2,3,0,0.0
2008,6,28,Australia,4655,trousers,P277,olive,4,en face,177.46,2,3,0,0.0
2008,5,8,Italy,5001,blouses,P286,white,6,profile,46.54,1,4,0,0.0
2008,7,26,UK,6711,skirts,P081,brown,4,profile,37.09,1,3,0,0.0
2008,8,5,India,9325,trousers,P266,brown,3,profile,159.15,2,3,0,0.0
2008,4,3,UK,485,trousers,P245,navy blue,1,en face,164.77,2,5,0,0.0
2008,5,3,Sweden,2212,skirts,P295,white,3,profile,190.41,2,4,0,0.0
2008,6,13,France,5417,trousers,P056,olive,4,profile,133.13,2,3,1,348.62
2008,8,22,Sweden,7564,trousers,P132,olive,6,en face,125.1,2,2,0,0.0
2008,4,28,UK,2556,sale,P172,olive,4,profile,198.49,2,4,0,0.0
2008,6,12,UK,8,trousers,P230,olive,3,en face,40.63,1,3,0,0.0
2008,7,1,France,3658,skirts,P060,brown,1,en face,161.49,2,4,0,0.0
2008,7,5,Sweden,6412,sale,P208,black,1,profile,91.23,1,4,0,0.0
2008,7,12,India,9165,sale,P164,pink,5,en face,29.64,1,1,0,0.0
2008,5,4,Italy,4875,sale,P247,navy blue,6,en face,116.7,2,5,0,0.0
2008,7,10,Italy,4403,trousers,P161,brown,6,profile,124.92,2,5,0,0.0
2008,7,14,Australia,8917,sale,P075,red,3,en face,138.26,2,1,1,162.46
2008,5,3,Germany,5547,sale,P183,burgundy,2,en face,26.49,1,4,0,0.0
2008,6,18,Sweden,5298,skirts,P129,pink,1,en face,93.7,1,1,0,0.0
2008,8,1,Germany,2427,sale,P125,olive,5,en face,109.11,2,5,0,0.0
2008,4,2,Sweden,6745,skirts,P007,violet,2,en face,39.34,1,3,0,0.0
2008,5,1,Australia,1815,sale,P137,green,5,profile,68.99,1,1,0,0.0
2008,8,15,India,6823,trousers,P203,brown,2,en face,115.52,2,3,0,0.0
2008,4,12,Sweden,9626,trousers,P144,green,3,en face,175.08,2,2,0,0.0
2008,4,11,Sweden,2275,skirts,P033,gray,3,profile,199.37,2,5,0,0.0
2008,6,12,France,1012,sale,P118,burgundy,2,profile,77.78,1,2,0,0.0
2008,7,18,India,1578,skirts,P011,brown,2,en face,71.35,1,2,0,0.0
2008,5,26,France,7265,skirts,P055,violet,5,en face,157.94,2,5,0,0.0
2008,8,19,UK,1068,skirts,P095,brown,5,profile,55.43,1,2,0,0.0
2008,4,5,Sweden,1992,skirts,P084,violet,1,profile,61.93,1,3,0,0.0
2008,5,8,USA,3971,blouses,P067,gray,1,profile,41.97,1,3,0,0.0
2008,5,7,Australia,9074,sale,P038,violet,6,profile,14.96,1,1,1,40.9
2008,6,4,Australia,5880,blouses,P201,gray,4,en face,23.15,1,1,0,0.0
2008,8,18,India,8431,trousers,P209,green,6,profile,153.82,2,1,0,0.0
2008,5,20,Germany,4543,skirts,P025,blue,4,profile,130.68,2,2,0,0.0
2008,4,14,Germany,9327,skirts,P078,green,4,profile,147.38,2,4,0,0.0
2008,7,5,Germany,7194,trousers,P265,beige,3,profile,22.37,1,3,0,0.0
2008,6,22,Germany,3868,blouses,P239,blue,1,profile,62.1,1,1,0,0.0
2008,7,1,Sweden,9416,skirts,P244,black,1,en face,63.92,1,3,0,0.0
2008,7,25,Germany,6824,blouses,P049,red,1,en face,107.47,2,4,1,300.8
2008,5,4,Sweden,3049,trousers,P290,olive,1,en face,66.13,1,4,0,0.0
2008,4,9,India,782,skirts,P200,pink,6,profile,118.71,2,5,1,290.22
2008,8,17,Australia,6748,skirts,P066,violet,1,profile,172.58,2,3,0,0.0
2008,4,20,Sweden,2676,sale,P271,gray,3,profile,175.4,2,4,0,0.0
2008,8,4,India,1750,trousers,P005,beige,6,profile,88.93,1,3,0,0.0
2008,7,21,USA,6223,sale,P126,burgundy,5,profile,24.54,1,1,0,0.0
2008,6,2,USA,7947,blouses,P273,violet,4,en face,193.37,2,5,0,0.0
2008,7,5,Sweden,2792,trousers,P216,brown,2,profile,62.17,1,4,0,0.0
2008,5,27,Sweden,6520,trousers,P066,burgundy,3,en face,107.12,2,5,0,0.0
2008,6,3,India,5775,trousers,P072,blue,2,profile,73.65,1,3,0,0.0
2008,7,28,France,6358,trousers,P070,olive,3,profile,56.6,1,2,1,152.14
2008,5,12,Australia,4980,sale,P288,beige,6,en face,121.38,2,5,0,0.0
2008,4,28,France,7589,blouses,P246,pink,4,profile,39.83,1,4,0,0.0
2008,6,27,Germany,1092,blouses,P297,olive,5,profile,154.51,2,1,0,0.0
2008,5,14,UK,6527,blouses,P038,green,4,profile,103.11,1,3,0,0.0
2008,4,13,France,9608,blouses,P172,black,2,profile,98.19,1,4,0,0.0
2008,5,9,Italy,4628,skirts,P018,gray,4,profile,94.72,1,1,0,0.0
2008,5,22,UK,2325,sale,P124,burgundy,1,en face,66.13,1,3,0,0.0
2008,4,25,Germany,6535,trousers,P086,gray,2,profile,11.58,1,1,0,0.0
2008,4,19,UK,8972,sale,P090,black,4,en face,112.31,2,5,0,0.0
2008,5,26,USA,5056,sale,P031,navy blue,2,profile,103.44,1,2,0,0.0
2008,6,24,Sweden,2609,skirts,P174,violet,2,profile,28.85,1,1,0,0.0
2008,4,17,UK,9021,blouses,P294,burgundy,1,profile,177.44,2,5,0,0.0
2008,7,9,France,2291,skirts,P002,red,6,profile,16.56,1,4,0,0.0
2008,5,10,UK,1728,sale,P267,blue,3,en face,15.02,1,5,0,0.0
2008,4,24,Germany,611,blouses,P171,red,2,profile,82.22,1,4,0,0.0
2008,8,13,Italy,4667,blouses,P155,olive,3,en face,179.63,2,5,0,0.0
2008,7,26,India,8052,trousers,P273,pink,1,profile,79.7,1,1,0,0.0
2008,5,1,Germany,5414,skirts,P036,olive,3,profile,113.3,2,5,0,0.0
2008,7,17,Australia,344,trousers,P175,brown,5,en face,37.78,1,4,0,0.0
2008,7,11,France,4684,trousers,P259,beige,2,en face,172.95,2,2,1,267.96
2008,6,14,Sweden,8785,blouses,P086,blue,5,profile,130.87,2,4,0,0.0
2008,4,7,Italy,3751,sale,P229,olive,3,en face,25.87,1,5,0,0.0
2008,8,19,Sweden,8454,skirts,P186,beige,5,profile,121.54,2,4,0,0.0
2008,8,24,India,9308,skirts,P076,red,4,profile,160.56,2,1,0,0.0
2008,6,18,USA,6000,sale,P212,beige,5,profile,137.27,2,5,0,0.0
2008,7,9,Australia,3216,blouses,P212,red,1,en face,112.08,2,1,0,0.0
2008,5,23,Germany,98,blouses,P263,green,4,en face,27.38,1,4,0,0.0
2008,4,16,Australia,7388,blouses,P177,gray,4,profile,164.15,2,4,0,0.0
2008,5,20,Sweden,7666,blouses,P167,brown,5,profile,181.75,2,1,1,469.81
2008,7,2,UK,5177,skirts,P036,navy blue,4,en face,90.41,1,3,0,0.0
2008,8,19,UK,7280,skirts,P207,gray,2,en face,21.85,1,3,0,0.0
2008,7,23,India,6166,trousers,P082,gray,4,profile,165.6,2,5,0,0.0
2008,8,19,USA,1538,trousers,P019,beige,6,en face,183.76,2,4,0,0.0
2008,5,18,India,3589,trousers,P061,violet,6,en face,31.68,1,1,0,0.0
2008,8,4,USA,9443,skirts,P153,blue,2,en face,88.51,1,4,0,0.0
2008,5,14,Germany,6986,sale,P110,red,5,profile,97.84,1,5,0,0.0
2008,8,11,India,3649,sale,P196,burgundy,4,en face,197.6,2,1,0,0.0
2008,6,24,Germany,2658,trousers,P209,black,3,profile,176.59,2,5,0,0.0
2008,7,12,France,9827,blouses,P029,gray,4,en face,160.7,2,3,1,189.23
2008,6,6,India,1518,sale,P150,blue,5,en face,50.93,1,2,0,0.0
2008,6,4,Germany,5062,blouses,P079,navy blue,5,en face,123.8,2,1,0,0.0
2008,5,23,Sweden,9350,sale,P007,beige,2,profile,49.98,1,2,0,0.0
2008,7,12,Sweden,4625,skirts,P047,green,3,en face,165.5,2,4,0,0.0
2008,8,11,Germany,4273,sale,P009,burgundy,4,profile,110.79,2,2,0,0.0
2008,4,19,France,3670,sale,P043,violet,6,profile,130.68,2,5,0,0.0
2008,4,27,Germany,6567,sale,P129,brown,6,en face,21.19,1,3,0,0.0
2008,5,1,Italy,5801,trousers,P251,red,4,profile,179.29,2,4,0,0.0
2008,8,8,India,2091,blouses,P265,green,4,profile,85.9,1,5,0,0.0
2008,5,8,Australia,7098,sale,P293,white,3,en face,29.04,1,5,0,0.0
2008,4,26,France,6172,skirts,P081,pink,1,profile,19.02,1,3,0,0.0
2008,6,7,Sweden,573,skirts,P010,navy blue,2,en face,120.06,2,5,0,0.0
2008,8,6,Sweden,9559,skirts,P054,red,4,en face,112.55,2,5,0,0.0
2008,4,28,USA,4689,trousers,P230,white,2,en face,52.23,1,4,0,0.0
2008,6,13,Germany,9075,skirts,P257,violet,5,en face,184.75,2,1,0,0.0
2008,6,14,Australia,3063,skirts,P249,red,4,profile,191.51,2,5,0,0.0
2008,7,4,UK,9294,blouses,P268,gray,6,en face,51.1,1,1,0,0.0
2008,6,10,India,6471,skirts,P003,gray,1,en face,62.35,1,5,0,0.0
2008,5,11,India,7161,trousers,P223,gray,1,en face,50.61,1,3,0,0.0
2008,4,18,Germany,6634,sale,P139,brown,1,en face,167.96,2,5,0,0.0
2008,8,27,USA,8492,blouses,P295,olive,6,profile,189.17,2,3,1,521.72
2008,4,18,Germany,7926,blouses,P082,gray,1,en face,44.16,1,1,0,0.0
2008,5,21,Sweden,7346,trousers,P008,blue,1,en face,62.82,1,5,0,0.0
2008,5,1,India,6305,sale,P003,black,1,profile,131.91,2,2,0,0.0
2008,5,6,India,7901,skirts,P156,burgundy,3,profile,77.6,1,1,1,155.28
2008,4,2,Australia,9440,trousers,P018,pink,4,profile,143.48,2,1,0,0.0
2008,6,11,France,8186,blouses,P188,pink,2,profile,173.35,2,5,0,0.0
2008,6,22,USA,4480,trousers,P018,pink,5,en face,75.28,1,1,0,0.0
2008,5,21,USA,4949,blouses,P146,brown,2,en face,119.83,2,4,0,0.0
2008,7,15,Sweden,5977,skirts,P218,beige,6,profile,186.85,2,2,1,402.75
2008,5,25,France,371,sale,P264,black,5,en face,89.41,1,1,0,0.0
2008,7,25,UK,1939,trousers,P029,beige,5,en face,84.3,1,4,0,0.0
2008,7,11,Germany,2353,blouses,P079,violet,5,en face,198.68,2,4,0,0.0
2008,7,16,USA,7128,trousers,P128,blue,4,en face,150.01,2,3,0,0.0
2008,8,20,Australia,1754,trousers,P087,black,2,profile,176.73,2,4,0,0.0
2008,6,4,Sweden,3671,trousers,P138,brown,2,profile,46.66,1,5,0,0.0
2008,6,14,Sweden,7299,trousers,P203,pink,5,en face,55.34,1,5,0,0.0
2008,8,13,Sweden,3653,sale,P050,navy blue,1,profile,174.36,2,2,0,0.0
2008,6,5,Sweden,5202,trousers,P180,navy blue,4,en face,116.08,2,4,0,0.0
2008,7,23,Australia,7910,blouses,P259,gray,2,en face,44.97,1,1,0,0.0
2008,8,17,Sweden,2362,trousers,P253,violet,4,profile,89.05,1,2,0,0.0
2008,4,2,UK,4261,trousers,P144,black,2,en face,173.72,2,3,1,403.39
2008,6,20,France,5433,skirts,P108,beige,6,profile,112.6,2,4,0,0.0
2008,7,19,India,6286,trousers,P163,green,6,en face,60.92,1,2,0,0.0
2008,7,14,France,4992,trousers,P289,white,5,profile,118.05,2,4,1,288.89
2008,8,10,Italy,7601,blouses,P044,red,4,en face,82.82,1,3,0,0.0
2008,5,26,Italy,9463,skirts,P017,brown,2,en face,113.74,2,5,0,0.0
2008,4,15,Sweden,3738,blouses,P113,black,5,profile,69.26,1,4,0,0.0
2008,4,24,USA,7521,trousers,P234,violet,1,en face,138.69,2,1,0,0.0
2008,7,21,USA,8560,sale,P218,olive,6,en face,88.76,1,4,0,0.0
2008,6,12,UK,8927,sale,P078,navy blue,2,en face,86.74,1,1,1,247.97
2008,6,24,France,9991,trousers,P120,pink,3,en face,74.7,1,1,0,0.0
2008,6,24,USA,5592,blouses,P013,red,6,profile,177.63,2,4,0,0.0
2008,5,24,Australia,1172,trousers,P295,navy blue,1,profile,73.99,1,3,0,0.0
2008,8,7,India,7371,skirts,P157,brown,3,profile,156.94,2,2,0,0.0
2008,8,2,France,7938,skirts,P271,olive,1,en face,17.89,1,4,0,0.0
2008,5,13,Italy,8087,blouses,P004,brown,2,en face,23.51,1,4,0,0.0
2008,8,14,Sweden,1423,sale,P283,green,5,en face,189.48,2,3,0,0.0
2008,7,6,India,6783,blouses,P022,blue,2,en face,198.65,2,5,0,0.0
2008,8,18,USA,9444,sale,P069,black,5,profile,122.21,2,1,0,0.0
2008,8,17,India,8140,blouses,P007,beige,1,profile,143.28,2,3,0,0.0
2008,5,23,Sweden,9351,skirts,P022,violet,3,en face,172.73,2,1,0,0.0
2008,4,4,France,8019,blouses,P186,olive,6,profile,45.11,1,3,0,0.0
2008,4,6,Italy,6340,skirts,P198,red,2,profile,23.83,1,5,0,0.0
2008,6,15,France,9648,blouses,P129,beige,2,profile,22.24,1,3,0,0.0
2008,4,12,UK,875,sale,P256,olive,1,profile,169.53,2,3,1,204.23
2008,8,4,Australia,2298,sale,P270,white,3,profile,52.83,1,4,0,0.0
2008,5,6,UK,2644,skirts,P012,green,4,en face,79.26,1,3,0,0.0
2008,8,7,France,7532,blouses,P145,white,3,en face,68.54,1,3,0,0.0
2008,8,6,UK,1720,blouses,P041,white,4,profile,88.63,1,3,0,0.0
2008,7,8,UK,5348,blouses,P267,navy blue,2,profile,149.3,2,5,0,0.0
2008,4,1,UK,5933,blouses,P278,violet,4,profile,183.0,2,3,0,0.0
2008,8,23,Sweden,841,skirts,P246,pink,2,en face,57.69,1,5,0,0.0
2008,6,8,Germany,9938,trousers,P071,white,5,profile,89.45,1,1,0,0.0
2008,8,22,India,582,trousers,P123,red,4,en face,61.34,1,4,1,177.29
2008,7,18,Italy,205,trousers,P012,brown,5,en face,65.18,1,5,0,0.0
2008,6,12,Sweden,1642,sale,P083,violet,2,en face,61.51,1,4,0,0.0
2008,8,17,Sweden,2015,skirts,P058,olive,5,profile,196.35,2,2,1,213.22
2008,4,18,India,3254,sale,P224,brown,1,en face,129.03,2,3,0,0.0
2008,4,23,Sweden,7541,trousers,P100,violet,5,profile,50.05,1,5,0,0.0
2008,5,4,Australia,906,trousers,P034,gray,4,en face,19.88,1,5,0,0.0
2008,4,10,France,632,sale,P227,brown,1,profile,30.37,1,4,0,0.0
2008,4,11,India,8421,sale,P042,beige,3,en face,142.3,2,4,0,0.0
2008,5,13,Germany,7824,trousers,P177,green,3,en face,152.47,2,5,1,413.79
2008,5,4,Sweden,1975,trousers,P124,navy blue,6,en face,195.51,2,1,0,0.0
2008,8,7,India,163,sale,P157,gray,4,profile,186.86,2,2,1,512.82
2008,7,9,UK,4999,blouses,P096,red,1,profile,10.22,1,5,0,0.0
2008,5,5,Italy,1244,sale,P241,red,6,en face,39.53,1,2,0,0.0
2008,5,20,France,9451,skirts,P009,navy blue,5,profile,121.09,2,2,0,0.0
2008,5,28,France,7765,trousers,P088,black,5,en face,76.15,1,1,0,0.0
2008,5,15,France,4714,sale,P188,beige,5,profile,145.43,2,3,0,0.0
2008,7,20,USA,876,sale,P234,olive,5,profile,92.69,1,2,0,0.0
2008,8,13,Germany,1432,trousers,P105,pink,3,profile,95.38,1,3,0,0.0
2008,6,21,UK,8739,trousers,P226,gray,3,profile,131.04,2,3,0,0.0
2008,6,26,USA,6869,trousers,P255,burgundy,5,en face,64.31,1,1,0,0.0
2008,6,4,France,4644,trousers,P185,green,5,en face,168.0,2,2,0,0.0
2008,7,15,Sweden,5081,skirts,P158,burgundy,1,profile,14.44,1,5,0,0.0
2008,6,11,Sweden,5784,sale,P051,beige,3,en face,188.59,2,2,0,0.0
2008,4,13,Australia,9139,skirts,P295,blue,5,profile,140.16,2,5,0,0.0
2008,5,5,France,7617,trousers,P230,red,2,en face,63.03,1,5,0,0.0
2008,7,25,France,8040,blouses,P002,red,4,profile,15.38,1,2,0,0.0
2008,8,25,Germany,7956,sale,P215,red,1,en face,180.39,2,2,0,0.0
2008,7,13,UK,9438,sale,P099,black,1,profile,126.25,2,5,0,0.0
2008,7,6,Italy,2857,sale,P283,black,2,en face,14.09,1,5,0,0.0
2008,7,13,Sweden,1862,trousers,P137,black,3,profile,74.94,1,3,0,0.0
2008,6,10,UK,2660,trousers,P029,blue,2,en face,160.5,2,2,1,446.24
2008,7,16,Italy,3385,sale,P030,red,3,en face,28.68,1,3,1,81.98
2008,5,27,India,9565,blouses,P159,violet,5,en face,178.26,2,5,0,0.0
2008,5,21,Sweden,9777,blouses,P015,gray,2,profile,91.45,1,4,0,0.0
2008,8,19,Australia,8091,sale,P295,white,1,profile,65.26,1,5,0,0.0
2008,6,10,Italy,8348,blouses,P058,navy blue,6,profile,43.9,1,4,0,0.0
2008,5,7,UK,7463,sale,P279,green,2,profile,115.2,2,5,0,0.0
2008,4,13,UK,6887,trousers,P283,navy blue,6,en face,62.85,1,2,0,0.0
2008,5,25,Italy,4734,trousers,P023,black,2,en face,120.01,2,1,1,130.41
2008,8,21,UK,3332,skirts,P227,pink,2,en face,87.2,1,5,1,167.07
2008,5,2,India,9007,sale,P052,pink,1,profile,128.17,2,4,0,0.0
2008,4,11,Italy,8636,blouses,P246,gray,5,en face,32.28,1,5,0,0.0
2008,6,27,Italy,6405,skirts,P153,white,4,profile,194.2,2,1,0,0.0
2008,5,28,Australia,8347,trousers,P250,blue,5,en face,71.41,1,1,0,0.0
2008,5,13,UK,9465,skirts,P165,blue,6,en face,146.85,2,3,0,0.0
2008,8,22,Germany,7061,trousers,P152,gray,5,profile,84.46,1,3,0,0.0
2008,4,27,Australia,2097,skirts,P018,green,2,en face,184.76,2,3,0,0.0
2008,4,27,Sweden,2004,sale,P005,navy blue,6,en face,62.06,1,1,1,140.75
2008,6,25,Italy,8805,skirts,P142,violet,2,profile,165.36,2,2,1,214.95
2008,8,27,Italy,9733,skirts,P241,gray,4,profile,197.99,2,5,0,0.0
2008,6,23,India,4677,skirts,P282,gray,2,profile,65.48,1,1,0,0.0
2008,8,16,France,5018,sale,P049,olive,1,profile,102.38,1,1,0,0.0
2008,5,10,India,7470,trousers,P037,white,6,en face,12.63,1,3,0,0.0
2008,8,19,Germany,547,blouses,P127,pink,1,profile,196.18,2,5,0,0.0
2008,6,16,India,1450,skirts,P260,olive,5,en face,33.32,1,2,0,0.0
2008,6,13,Germany,3987,skirts,P088,gray,1,en face,110.54,2,5,0,0.0
2008,6,2,Germany,6901,sale,P111,gray,1,en face,46.62,1,3,0,0.0
2008,8,28,France,2611,trousers,P197,blue,1,profile,150.67,2,3,0,0.0
2008,8,18,USA,1901,skirts,P100,navy blue,5,en face,146.58,2,1,0,0.0
2008,4,3,USA,3921,trousers,P013,red,5,en face,103.66,1,4,0,0.0
2008,8,14,Sweden,2758,trousers,P157,red,5,profile,179.76,2,5,0,0.0
2008,5,2,Sweden,6125,blouses,P107,red,1,profile,69.91,1,2,0,0.0
2008,5,23,India,6398,sale,P139,navy blue,3,en face,10.75,1,2,0,0.0
2008,4,26,Sweden,1886,trousers,P096,pink,2,en face,80.06,1,3,0,0.0
2008,4,22,Sweden,9824,blouses,P220,navy blue,5,profile,63.87,1,4,0,0.0
2008,8,21,France,5739,sale,P278,white,5,en face,57.18,1,2,0,0.0
2008,8,24,Sweden,8668,trousers,P028,green,6,en face,189.6,2,5,0,0.0
2008,8,28,France,5891,skirts,P194,burgundy,5,en face,113.87,2,1,0,0.0
2008,4,11,Germany,2098,sale,P256,burgundy,3,profile,166.37,2,3,0,0.0
2008,4,19,USA,9290,sale,P228,white,2,en face,32.91,1,3,0,0.0
2008,8,12,UK,5693,blouses,P174,burgundy,4,en face,87.57,1,1,0,0.0
2008,4,8,France,500,trousers,P067,brown,4,en face,98.65,1,3,0,0.0
2008,7,11,USA,5625,skirts,P152,pink,3,profile,139.46,2,5,0,0.0
2008,5,15,Italy,837,blouses,P073,black,6,en face,198.92,2,3,0,0.0
2008,7,26,India,3472,sale,P006,burgundy,2,en face,115.24,2,5,0,0.0
2008,5,26,Germany,4698,skirts,P197,black,5,en face,129.3,2,4,0,0.0
2008,5,20,India,6281,sale,P054,burgundy,1,profile,83.13,1,4,0,0.0
2008,7,23,France,8884,blouses,P046,brown,4,profile,85.78,1,2,0,0.0
2008,4,3,Germany,2172,sale,P225,gray,1,profile,120.42,2,1,0,0.0
2008,7,18,Germany,9232,blouses,P185,navy blue,2,en face,32.91,1,1,0,0.0
2008,4,22,Germany,5679,sale,P103,olive,2,en face,113.39,2,2,1,173.63
2008,8,15,Sweden,9185,trousers,P251,blue,3,profile,178.51,2,5,0,0.0
2008,7,24,Sweden,399,sale,P132,pink,3,profile,38.95,1,3,0,0.0
2008,8,23,Italy,2011,sale,P293,white,2,en face,36.53,1,3,0,0.0
2008,5,12,Australia,5167,blouses,P073,blue,5,en face,149.57,2,1,1,230.49
2008,7,17,France,5872,sale,P167,burgundy,4,en face,154.57,2,2,0,0.0
2008,4,5,Sweden,9793,trousers,P043,pink,3,profile,42.82,1,2,0,0.0
2008,5,3,USA,1284,blouses,P293,gray,5,profile,152.27,2,1,0,0.0
2008,7,20,Australia,8391,trousers,P015,violet,5,en face,164.23,2,1,0,0.0
2008,6,28,UK,2449,trousers,P127,violet,5,profile,33.49,1,3,0,0.0
2008,7,11,Italy,4257,trousers,P029,green,1,en face,74.86,1,1,1,126.95
2008,4,19,France,1837,sale,P269,olive,2,profile,148.06,2,4,0,0.0
2008,8,21,UK,9597,skirts,P163,red,2,profile,15.87,1,1,1,22.09
2008,7,14,Sweden,1020,blouses,P011,navy blue,5,profile,56.6,1,5,0,0.0
2008,8,6,Germany,5067,blouses,P247,green,5,profile,160.18,2,3,0,0.0
2008,6,1,Australia,1327,trousers,P056,beige,2,en face,10.47,1,2,0,0.0
2008,5,17,France,8753,blouses,P009,green,4,en face,162.62,2,4,0,0.0
2008,8,13,India,476,skirts,P297,navy blue,2,profile,132.4,2,5,0,0.0
2008,6,27,USA,2811,sale,P112,olive,3,profile,139.16,2,3,0,0.0
2008,8,24,India,8633,blouses,P226,olive,3,en face,135.22,2,1,0,0.0
2008,6,6,India,1652,sale,P283,olive,5,profile,106.86,2,4,0,0.0
2008,8,5,India,9612,trousers,P216,white,3,en face,136.85,2,5,0,0.0
2008,8,26,France,1170,blouses,P058,beige,2,profile,11.36,1,2,0,0.0
2008,7,6,Australia,2529,sale,P202,beige,4,en face,92.61,1,5,0,0.0
2008,7,2,Sweden,1207,sale,P031,navy blue,3,profile,148.16,2,1,0,0.0
2008,6,23,Sweden,6257,skirts,P220,pink,3,en face,148.58,2,5,0,0.0
2008,7,7,Italy,7927,blouses,P118,blue,4,profile,66.68,1,2,0,0.0
2008,5,15,Australia,5470,skirts,P263,pink,1,en face,125.16,2,2,0,0.0
2008,8,23,USA,9384,blouses,P090,violet,2,profile,88.96,1,2,0,0.0
2008,4,16,Germany,432,skirts,P114,violet,5,en face,10.96,1,5,0,0.0
2008,7,11,Italy,7701,trousers,P218,violet,4,en face,10.61,1,3,0,0.0
2008,8,19,Germany,868,sale,P075,navy blue,2,profile,85.13,1,1,0,0.0
2008,6,26,Sweden,2975,skirts,P209,violet,1,en face,180.18,2,1,0,0.0
2008,4,18,Italy,5237,skirts,P122,olive,3,profile,47.74,1,4,0,0.0
2008,5,19,Australia,5094,blouses,P274,black,5,profile,116.18,2,5,0,0.0
2008,8,24,USA,5434,skirts,P080,violet,3,profile,13.42,1,5,1,29.44
2008,5,16,USA,542,sale,P268,red,1,en face,39.46,1,3,0,0.0
2008,5,23,Germany,5196,sale,P205,brown,2,en face,183.82,2,3,1,342.6
2008,8,15,India,1133,skirts,P270,navy blue,3,en face,114.94,2,1,0,0.0
2008,6,12,Germany,9838,blouses,P141,pink,3,en face,121.51,2,1,0,0.0
2008,8,23,UK,4502,trousers,P058,red,2,en face,22.98,1,2,1,58.18
2008,4,24,USA,6355,trousers,P167,white,1,profile,66.53,1,1,0,0.0
2008,6,15,UK,9334,sale,P093,navy blue,6,profile,189.94,2,1,0,0.0
2008,5,23,Sweden,3391,blouses,P148,red,6,en face,74.54,1,5,0,0.0
2008,5,8,Italy,3889,sale,P149,green,1,profile,110.36,2,4,0,0.0
2008,4,14,India,2963,sale,P051,burgundy,6,profile,123.05,2,5,0,0.0
2008,4,12,Sweden,4156,skirts,P153,pink,1,profile,111.35,2,2,0,0.0
2008,6,7,Australia,3260,blouses,P004,white,1,profile,105.15,1,5,0,0.0
2008,4,15,France,6303,trousers,P106,violet,3,en face,167.58,2,5,0,0.0
2008,7,21,Australia,6035,sale,P249,black,3,profile,168.06,2,5,0,0.0
2008,5,9,USA,7919,trousers,P275,brown,1,profile,38.41,1,2,0,0.0
2008,6,7,Sweden,9937,trousers,P272,black,2,en face,127.48,2,4,0,0.0
2008,5,16,Italy,2584,skirts,P276,violet,6,profile,163.87,2,5,0,0.0
2008,4,1,India,2814,sale,P213,navy blue,3,profile,164.15,2,5,0,0.0
2008,8,11,UK,3960,trousers,P092,brown,2,profile,30.47,1,4,0,0.0
2008,4,23,Australia,2948,skirts,P175,brown,6,profile,71.91,1,5,0,0.0
2008,8,6,Italy,6644,trousers,P101,blue,3,profile,169.97,2,2,1,486.17
2008,4,26,Sweden,5175,skirts,P266,gray,5,profile,26.76,1,3,0,0.0
2008,6,24,USA,6842,trousers,P256,pink,5,profile,42.43,1,4,0,0.0
2008,4,19,Italy,8299,blouses,P173,gray,2,profile,123.5,2,3,0,0.0
2008,8,23,Sweden,3587,skirts,P242,gray,3,profile,148.18,2,1,0,0.0
2008,8,3,India,9229,blouses,P095,brown,2,en face,154.91,2,1,0,0.0
2008,8,16,Australia,7989,skirts,P293,green,4,profile,158.71,2,4,1,221.86
2008,8,5,Italy,2564,sale,P163,green,6,en face,105.08,1,3,0,0.0
2008,5,13,France,2631,trousers,P099,white,3,en face,125.89,2,4,0,0.0
2008,8,7,Germany,3191,blouses,P178,gray,6,profile,111.66,2,4,0,0.0
2008,6,7,USA,7779,blouses,P088,red,6,profile,66.01,1,2,1,95.69
2008,8,10,India,7646,blouses,P021,red,1,en face,50.93,1,3,1,54.18
2008,6,3,Australia,5037,trousers,P115,blue,4,en face,178.21,2,2,0,0.0
2008,4,15,Australia,1081,sale,P102,pink,1,profile,95.15,1,2,0,0.0
2008,7,5,Germany,4284,skirts,P289,brown,4,en face,35.49,1,4,0,0.0
2008,6,3,Italy,9712,blouses,P208,brown,6,en face,140.74,2,3,0,0.0
2008,4,22,Australia,7086,trousers,P008,burgundy,2,profile,55.49,1,2,0,0.0
2008,5,6,India,2086,sale,P043,blue,2,en face,139.04,2,5,0,0.0
2008,5,12,India,6346,blouses,P029,black,4,profile,27.26,1,2,0,0.0
2008,8,15,Germany,2453,blouses,P050,pink,4,profile,144.77,2,3,0,0.0
2008,5,16,Australia,4967,blouses,P157,brown,3,en face,30.92,1,4,0,0.0
2008,8,27,Sweden,2024,blouses,P238,black,1,en face,141.33,2,3,0,0.0
2008,4,22,India,8072,blouses,P122,violet,1,en face,194.13,2,3,0,0.0
2008,4,14,India,8988,sale,P171,pink,6,en face,112.22,2,1,0,0.0
2008,5,24,USA,8719,skirts,P001,beige,2,en face,43.38,1,4,0,0.0
2008,8,4,France,7322,blouses,P222,olive,3,en face,79.21,1,3,0,0.0
2008,5,3,USA,227,trousers,P071,olive,5,en face,77.82,1,1,0,0.0
2008,4,15,Italy,1014,trousers,P207,red,3,profile,105.33,1,5,0,0.0
2008,7,13,Australia,6680,skirts,P274,black,5,profile,190.55,2,3,0,0.0
2008,8,19,India,1930,trousers,P044,olive,6,en face,193.6,2,5,1,293.27
2008,4,5,USA,1044,sale,P274,black,6,en face,148.78,2,5,0,0.0
2008,8,7,Germany,5252,sale,P143,white,2,en face,151.19,2,1,0,0.0
2008,4,21,Australia,1405,skirts,P054,violet,4,profile,97.85,1,5,0,0.0
2008,6,3,Italy,2180,skirts,P005,navy blue,4,en face,86.9,1,4,0,0.0
2008,5,1,France,698,sale,P266,violet,3,en face,198.04,2,5,0,0.0
2008,8,26,Germany,1125,sale,P048,burgundy,2,en face,193.22,2,3,0,0.0
2008,8,1,UK,7379,trousers,P256,violet,1,profile,174.78,2,1,1,260.11
2008,4,13,UK,3896,trousers,P176,pink,4,profile,108.41,2,2,1,284.49
2008,7,24,France,8218,sale,P123,navy blue,1,profile,117.34,2,5,0,0.0
2008,4,8,UK,5111,blouses,P155,violet,4,profile,65.15,1,4,1,85.35
2008,4,21,India,1779,skirts,P297,burgundy,4,profile,44.25,1,1,0,0.0
2008,7,16,UK,7787,skirts,P244,beige,3,profile,42.49,1,5,0,0.0
2008,4,23,Sweden,2635,sale,P039,green,2,profile,69.36,1,3,0,0.0
2008,5,26,France,7188,blouses,P046,green,4,en face,56.97,1,3,0,0.0
2008,6,12,Germany,7545,sale,P197,red,4,profile,113.87,2,4,0,0.0
2008,4,10,UK,7605,skirts,P059,blue,3,profile,133.48,2,5,1,364.52
2008,7,21,Sweden,3490,skirts,P201,violet,6,en face,185.24,2,5,0,0.0
2008,8,21,Australia,8260,trousers,P246,violet,1,en face,121.7,2,1,0,0.0
2008,6,11,UK,1038,blouses,P011,red,2,en face,113.7,2,2,0,0.0
2008,6,20,Italy,6094,sale,P146,blue,1,profile,122.6,2,1,0,0.0
2008,8,20,Germany,2257,sale,P216,pink,6,profile,106.2,1,5,0,0.0
2008,4,4,India,8189,sale,P231,violet,4,profile,135.2,2,3,0,0.0
2008,7,21,USA,2614,sale,P199,red,6,profile,30.99,1,1,0,0.0
2008,4,27,USA,314,trousers,P130,gray,1,profile,43.19,1,4,0,0.0
2008,8,19,Germany,2650,sale,P128,olive,4,profile,47.67,1,3,0,0.0
2008,6,26,Germany,2282,trousers,P207,blue,1,en face,150.76,2,2,0,0.0
2008,8,15,UK,6742,blouses,P044,burgundy,3,en face,95.54,1,4,0,0.0
2008,8,9,USA,2980,blouses,P081,navy blue,3,en face,39.3,1,2,0,0.0
2008,6,5,USA,2548,sale,P185,white,5,profile,104.65,1,1,0,0.0
2008,5,19,Italy,5513,trousers,P097,red,2,profile,73.26,1,4,0,0.0
2008,5,18,UK,5133,trousers,P299,blue,3,profile,11.39,1,5,0,0.0
2008,8,14,Italy,2160,sale,P103,pink,2,profile,112.95,2,1,0,0.0
2008,7,8,India,7081,trousers,P235,green,4,en face,138.83,2,1,0,0.0
2008,5,7,Germany,3138,trousers,P020,red,2,en face,47.55,1,5,0,0.0
2008,4,27,Germany,9080,trousers,P057,brown,1,profile,114.5,2,5,0,0.0
2008,8,26,India,5851,trousers,P263,gray,6,profile,10.47,1,4,0,0.0
2008,6,18,Sweden,9866,sale,P006,burgundy,3,profile,81.86,1,4,0,0.0
2008,8,16,Italy,6446,trousers,P071,black,5,en face,111.28,2,5,0,0.0
2008,5,17,Germany,3968,blouses,P219,burgundy,1,en face,83.74,1,3,0,0.0
2008,8,20,USA,1429,skirts,P066,burgundy,4,en face,11.98,1,1,0,0.0
2008,7,17,Australia,8423,sale,P068,blue,1,en face,71.14,1,2,0,0.0
2008,7,10,France,2521,skirts,P211,black,6,profile,140.69,2,4,0,0.0
2008,6,24,USA,7838,sale,P018,red,1,profile,77.67,1,3,0,0.0
2008,6,5,Australia,4970,sale,P130,olive,3,en face,95.79,1,3,0,0.0
2008,8,26,India,1856,trousers,P012,pink,5,en face,112.95,2,2,0,0.0
2008,4,1,UK,8885,sale,P033,black,1,profile,114.86,2,1,0,0.0
2008,5,24,Australia,5603,trousers,P038,beige,3,en face,27.76,1,3,0,0.0
2008,4,14,Germany,9345,sale,P196,brown,6,en face,125.03,2,2,0,0.0
2008,6,20,India,9869,blouses,P122,olive,2,profile,12.53,1,4,0,0.0
2008,4,25,UK,449,skirts,P264,gray,4,en face,129.58,2,5,0,0.0
2008,8,22,UK,7704,sale,P036,violet,3,profile,52.02,1,5,0,0.0
2008,8,17,Sweden,1285,trousers,P182,navy blue,3,en face,32.17,1,5,0,0.0
2008,5,21,Sweden,5996,blouses,P214,olive,6,profile,109.43,2,3,0,0.0
2008,5,7,Germany,7900,skirts,P060,brown,6,en face,88.74,1,3,0,0.0
2008,6,3,France,3728,blouses,P188,white,2,en face,143.85,2,4,0,0.0
2008,7,17,India,7354,sale,P234,beige,3,en face,195.36,2,5,0,0.0
2008,7,25,USA,362,blouses,P074,red,2,en face,166.01,2,1,0,0.0
2008,6,10,India,6280,trousers,P241,pink,4,en face,47.42,1,5,0,0.0
2008,7,18,Germany,5231,skirts,P021,gray,2,profile,143.14,2,2,1,154.41
2008,4,26,India,8943,trousers,P289,gray,5,en face,91.66,1,3,0,0.0
2008,6,8,Australia,7296,blouses,P284,navy blue,6,en face,117.58,2,5,1,336.12
2008,5,17,India,8892,trousers,P219,beige,6,en face,87.95,1,2,0,0.0
2008,7,1,USA,7535,blouses,P255,brown,1,profile,146.3,2,1,0,0.0
2008,5,28,Australia,6252,blouses,P080,olive,5,en face,171.84,2,5,1,346.86
2008,7,14,Australia,5927,skirts,P024,green,6,en face,68.15,1,2,0,0.0
2008,7,19,Australia,5150,trousers,P166,blue,4,profile,10.55,1,4,0,0.0
2008,7,8,UK,2461,sale,P146,red,1,en face,60.67,1,2,0,0.0
2008,7,17,India,23,blouses,P084,green,3,en face,29.48,1,1,0,0.0
2008,4,10,Italy,2067,blouses,P160,pink,4,en face,106.84,2,5,0,0.0
2008,7,8,France,1654,sale,P067,black,1,profile,10.08,1,1,0,0.0
2008,5,3,Australia,703,blouses,P248,white,6,profile,83.0,1,1,0,0.0
2008,4,6,Australia,8491,sale,P269,brown,3,en face,22.91,1,2,0,0.0
2008,6,25,USA,2744,trousers,P183,pink,4,en face,138.8,2,1,0,0.0
2008,6,5,Sweden,1377,blouses,P024,violet,3,profile,151.74,2,5,0,0.0
2008,8,22,France,1725,trousers,P164,black,6,profile,175.22,2,5,0,0.0
2008,8,26,USA,2469,sale,P107,blue,1,profile,39.05,1,2,0,0.0
2008,8,9,Australia,3755,sale,P130,green,5,en face,76.14,1,2,1,187.56
2008,6,25,Australia,2326,skirts,P045,navy blue,3,en face,117.69,2,3,0,0.0
2008,4,7,Germany,461,trousers,P276,red,1,profile,75.93,1,5,0,0.0
2008,8,20,France,5164,blouses,P021,green,5,en face,199.12,2,3,0,0.0
2008,7,2,Germany,4184,trousers,P179,navy blue,2,profile,52.06,1,2,0,0.0
2008,8,19,India,5527,skirts,P072,green,1,en face,163.32,2,2,0,0.0
2008,8,20,Sweden,4083,sale,P070,navy blue,2,en face,94.89,1,2,0,0.0
2008,5,1,France,1487,skirts,P095,pink,4,profile,169.12,2,4,0,0.0
2008,6,5,India,3679,sale,P192,red,5,profile,95.98,1,3,0,0.0
2008,4,27,Sweden,283,blouses,P188,burgundy,4,profile,35.58,1,3,0,0.0
2008,7,4,UK,6580,blouses,P289,red,4,en face,172.05,2,3,0,0.0
2008,5,16,Italy,4559,blouses,P052,gray,1,en face,158.39,2,2,0,0.0
2008,6,27,USA,4309,skirts,P288,brown,6,en face,196.21,2,5,0,0.0
2008,6,25,Sweden,6685,skirts,P203,blue,5,profile,183.74,2,4,0,0.0
2008,8,18,Germany,4866,trousers,P029,olive,2,en face,21.21,1,1,1,24.29
2008,4,27,India,3538,trousers,P196,black,2,profile,45.82,1,4,0,0.0
2008,6,16,UK,3869,blouses,P212,black,6,profile,60.79,1,5,0,0.0
2008,4,22,Australia,7004,skirts,P201,gray,1,profile,156.0,2,2,0,0.0
2008,8,22,France,2582,trousers,P166,blue,2,en face,12.93,1,3,0,0.0
2008,7,3,UK,1369,skirts,P205,green,5,profile,153.83,2,3,0,0.0
2008,6,4,Sweden,9470,blouses,P249,green,4,en face,111.6,2,2,0,0.0
2008,4,9,France,8198,blouses,P222,pink,4,en face,80.13,1,5,0,0.0
2008,8,26,Germany,598,sale,P027,white,1,en face,138.26,2,3,0,0.0
2008,5,27,Sweden,4352,trousers,P224,navy blue,1,en face,130.05,2,2,0,0.0
2008,4,23,India,6347,blouses,P153,green,4,en face,156.38,2,4,0,0.0
2008,6,16,Italy,8977,blouses,P168,black,3,en face,125.51,2,4,0,0.0
2008,4,27,USA,6380,blouses,P219,pink,1,profile,169.44,2,2,0,0.0
2008,8,20,India,4759,skirts,P007,burgundy,4,en face,158.97,2,1,0,0.0
2008,6,27,India,647,trousers,P214,olive,1,profile,193.16,2,3,0,0.0
2008,5,8,Italy,6382,sale,P149,navy blue,2,en face,105.79,1,3,0,0.0
2008,8,25,Australia,7528,trousers,P139,navy blue,5,profile,170.91,2,2,0,0.0
2008,8,18,France,9698,skirts,P036,brown,1,en face,47.27,1,3,0,0.0
2008,7,22,UK,6024,sale,P103,olive,5,en face,187.6,2,3,0,0.0
2008,7,20,USA,7955,trousers,P016,green,5,en face,142.12,2,4,0,0.0
2008,4,4,Germany,7166,trousers,P243,gray,1,profile,151.36,2,1,1,397.0
2008,4,28,Australia,3469,sale,P017,green,4,en face,12.98,1,5,0,0.0
2008,8,19,Italy,7798,sale,P094,olive,5,profile,41.55,1,3,0,0.0
2008,4,9,Italy,7698,skirts,P289,beige,3,en face,101.46,1,2,1,207.59
2008,8,13,India,2991,trousers,P116,burgundy,5,profile,49.45,1,1,0,0.0
2008,8,8,France,9408,trousers,P270,red,2,profile,84.21,1,5,1,176.22
2008,8,4,Sweden,4876,skirts,P118,blue,2,profile,12.89,1,1,0,0.0
2008,7,6,France,2545,skirts,P128,violet,3,en face,54.14,1,3,0,0.0
2008,5,21,USA,8596,trousers,P079,burgundy,6,profile,27.27,1,1,0,0.0
2008,8,25,UK,5342,skirts,P253,violet,4,profile,53.83,1,5,0,0.0
2008,5,22,Germany,1568,blouses,P293,blue,2,profile,120.05,2,1,0,0.0
2008,6,23,Italy,9995,trousers,P094,red,2,profile,170.97,2,5,0,0.0
2008,4,9,Germany,4067,trousers,P185,brown,5,en face,165.81,2,2,0,0.0
2008,4,22,France,3989,skirts,P243,navy blue,3,profile,33.8,1,4,0,0.0
2008,8,12,Germany,7032,blouses,P069,green,6,en face,98.48,1,4,0,0.0
2008,7,24,France,2161,sale,P082,blue,5,profile,47.78,1,4,1,51.91
2008,4,21,India,686,skirts,P044,olive,2,profile,17.19,1,5,0,0.0
2008,4,21,UK,7603,sale,P195,red,5,en face,103.96,1,3,0,0.0
2008,5,14,USA,7785,skirts,P052,red,4,en face,103.18,1,5,0,0.0
2008,5,7,India,3244,trousers,P027,violet,6,en face,181.08,2,2,0,0.0
2008,6,19,India,5845,sale,P078,blue,5,en face,41.5,1,2,0,0.0
2008,4,18,Australia,9220,sale,P156,gray,4,en face,78.95,1,1,0,0.0
2008,4,10,UK,2462,skirts,P298,red,5,en face,56.61,1,1,0,0.0
2008,8,17,Italy,4084,skirts,P160,brown,1,profile,60.16,1,5,0,0.0
2008,8,18,India,2838,skirts,P152,violet,2,en face,40.68,1,2,0,0.0
2008,7,8,Italy,3698,trousers,P296,brown,6,profile,150.65,2,1,0,0.0
2008,6,21,Sweden,7129,skirts,P146,brown,2,en face,92.17,1,3,0,0.0
2008,5,1,Sweden,6268,trousers,P162,violet,3,profile,189.61,2,1,0,0.0
2008,5,14,France,4942,blouses,P073,burgundy,6,en face,24.73,1,1,0,0.0
2008,8,8,UK,5947,sale,P019,violet,5,profile,156.26,2,1,0,0.0
2008,8,27,UK,4584,blouses,P111,white,6,profile,47.51,1,5,0,0.0
2008,4,21,France,5785,blouses,P241,green,1,profile,164.36,2,2,0,0.0
2008,8,10,Sweden,4041,sale,P064,red,2,profile,145.85,2,2,0,0.0
2008,8,18,Sweden,2231,blouses,P040,olive,2,profile,153.65,2,4,0,0.0
2008,7,11,Italy,7570,trousers,P198,violet,2,en face,68.71,1,1,0,0.0
2008,4,28,Australia,936,blouses,P174,pink,1,en face,99.39,1,3,0,0.0
2008,5,1,Italy,2321,sale,P003,navy blue,2,en face,25.8,1,4,0,0.0
2008,5,18,Sweden,4879,blouses,P199,green,6,profile,133.52,2,2,0,0.0
2008,4,26,Sweden,522,trousers,P068,pink,5,en face,122.58,2,1,0,0.0
2008,7,14,USA,523,skirts,P005,olive,2,profile,84.71,1,4,0,0.0
2008,6,19,Sweden,5346,trousers,P157,black,2,en face,169.21,2,2,0,0.0
2008,6,6,France,9877,skirts,P009,pink,4,profile,71.39,1,5,0,0.0
2008,8,18,Germany,3360,sale,P180,beige,5,profile,118.7,2,1,0,0.0
2008,8,19,UK,1312,skirts,P111,brown,6,en face,159.97,2,3,0,0.0
2008,5,3,Germany,3984,skirts,P052,burgundy,1,en face,118.9,2,4,0,0.0
2008,5,21,Sweden,6495,trousers,P100,red,3,profile,11.44,1,1,0,0.0
2008,5,2,Australia,9561,trousers,P036,beige,6,profile,98.88,1,2,0,0.0
2008,6,24,Australia,1717,blouses,P118,red,1,profile,95.62,1,2,0,0.0
2008,5,16,France,781,blouses,P214,beige,2,en face,142.85,2,4,0,0.0
2008,6,19,India,8799,blouses,P065,violet,3,profile,137.54,2,2,0,0.0
2008,5,19,Germany,8232,skirts,P239,white,4,en face,37.49,1,1,0,0.0
2008,6,23,Italy,5608,trousers,P085,red,1,en face,30.22,1,4,0,0.0
2008,4,26,Sweden,5979,skirts,P088,pink,5,profile,95.6,1,3,0,0.0
2008,5,1,Italy,652,blouses,P079,white,1,en face,26.99,1,4,0,0.0
2008,5,17,Italy,3748,blouses,P254,white,3,en face,181.31,2,1,0,0.0
2008,5,13,Sweden,2197,skirts,P137,black,6,profile,65.56,1,2,1,96.1
2008,7,17,India,8419,trousers,P036,gray,2,profile,24.19,1,2,0,0.0
2008,8,24,Italy,370,trousers,P139,olive,4,profile,14.85,1,2,0,0.0
2008,6,22,Sweden,9885,sale,P075,blue,5,en face,164.57,2,4,0,0.0
2008,5,23,India,8006,sale,P090,green,4,profile,196.88,2,1,0,0.0
2008,5,20,UK,4215,skirts,P172,gray,6,en face,122.28,2,5,1,366.69
2008,5,10,France,378,sale,P252,pink,3,profile,18.29,1,5,0,0.0
2008,7,13,Australia,9447,skirts,P020,olive,1,profile,141.17,2,1,0,0.0
2008,5,16,Sweden,2217,sale,P189,red,6,profile,179.99,2,4,0,0.0
2008,7,26,India,8683,skirts,P071,olive,1,profile,46.6,1,2,0,0.0
2008,7,4,Australia,1614,trousers,P253,olive,3,profile,164.1,2,3,0,0.0
2008,4,5,UK,6980,trousers,P090,burgundy,6,profile,171.32,2,2,0,0.0
2008,8,3,Italy,7550,trousers,P058,blue,1,profile,78.74,1,2,0,0.0
2008,5,27,Sweden,1828,blouses,P178,olive,5,profile,199.91,2,3,0,0.0
2008,4,16,Germany,3633,skirts,P084,gray,5,profile,172.77,2,5,0,0.0
2008,5,5,Germany,963,skirts,P067,black,6,en face,75.67,1,2,0,0.0
2008,4,1,France,2994,skirts,P178,olive,4,profile,146.24,2,4,0,0.0
2008,7,26,UK,6607,blouses,P003,olive,5,profile,28.45,1,5,0,0.0
2008,4,28,USA,9673,skirts,P251,brown,5,profile,183.13,2,2,0,0.0
2008,7,22,Germany,2377,skirts,P235,black,4,profile,32.36,1,1,0,0.0
2008,5,18,Sweden,8881,sale,P062,green,4,profile,84.4,1,2,0,0.0
2008,8,23,Sweden,360,skirts,P104,green,3,profile,91.09,1,2,1,231.56
2008,8,8,India,3840,blouses,P029,brown,2,en face,126.22,2,5,0,0.0
2008,4,10,Sweden,8185,sale,P162,olive,2,profile,199.73,2,3,0,0.0
2008,6,13,Italy,1247,trousers,P148,black,5,en face,27.89,1,4,1,63.4
2008,5,14,India,7505,skirts,P085,green,2,en face,172.23,2,1,0,0.0
2008,5,24,India,8350,trousers,P017,brown,5,en face,69.42,1,3,0,0.0
2008,6,20,France,6512,trousers,P290,burgundy,2,profile,58.14,1,1,0,0.0
2008,7,8,Italy,5088,blouses,P041,violet,2,en face,31.4,1,4,0,0.0
2008,5,23,India,3695,trousers,P067,pink,1,en face,75.86,1,3,0,0.0
2008,8,8,Germany,1574,sale,P182,navy blue,6,profile,92.97,1,5,0,0.0
2008,8,6,UK,6282,sale,P159,olive,4,profile,99.45,1,3,0,0.0
2008,6,12,UK,5440,skirts,P098,pink,1,en face,33.38,1,2,0,0.0
2008,4,11,India,2568,trousers,P211,white,3,en face,54.21,1,5,1,120.68
2008,5,20,France,3424,skirts,P214,burgundy,3,profile,89.0,1,3,0,0.0
2008,5,14,Germany,2038,sale,P130,pink,5,profile,182.67,2,1,0,0.0
2008,8,8,USA,9244,skirts,P014,burgundy,2,en face,144.22,2,1,0,0.0
2008,7,23,Sweden,773,skirts,P098,beige,6,profile,183.97,2,5,0,0.0
2008,6,26,France,5381,trousers,P202,beige,3,profile,186.36,2,4,0,0.0
2008,6,19,Germany,9569,blouses,P266,gray,3,en face,33.32,1,3,1,41.7
2008,7,16,UK,3563,blouses,P163,pink,6,en face,148.76,2,2,0,0.0
2008,8,28,France,563,sale,P099,white,4,profile,149.78,2,2,0,0.0
2008,8,7,Sweden,6684,blouses,P110,blue,5,profile,168.37,2,2,0,0.0
2008,4,7,Australia,2547,blouses,P157,blue,2,en face,199.68,2,3,0,0.0
2008,7,3,Germany,5511,sale,P102,gray,4,en face,100.89,1,1,0,0.0
2008,4,6,UK,5331,blouses,P114,blue,6,en face,173.77,2,2,0,0.0
2008,7,10,France,9668,blouses,P235,black,1,en face,109.86,2,5,0,0.0
2008,7,12,Germany,4532,sale,P021,blue,5,en face,43.27,1,1,0,0.0
2008,8,6,Italy,1675,blouses,P216,olive,3,en face,28.49,1,3,0,0.0
2008,5,6,France,7396,skirts,P166,pink,3,en face,73.32,1,1,0,0.0
2008,8,1,Sweden,366,trousers,P198,blue,1,en face,194.78,2,2,0,0.0
2008,8,16,India,8017,skirts,P070,green,4,profile,50.01,1,4,0,0.0
2008,6,4,Germany,9377,skirts,P065,black,5,en face,186.79,2,5,0,0.0
2008,8,20,UK,4328,skirts,P170,blue,4,profile,159.17,2,1,0,0.0
2008,4,10,Germany,9984,blouses,P191,red,2,en face,128.36,2,2,0,0.0
2008,6,19,Australia,148,skirts,P019,pink,5,profile,50.08,1,1,0,0.0
2008,6,6,USA,1669,skirts,P094,pink,2,en face,144.43,2,3,0,0.0
2008,4,25,India,3089,trousers,P126,brown,5,en face,101.22,1,2,1,254.19
2008,4,22,UK,8845,sale,P051,violet,3,en face,171.28,2,4,0,0.0
2008,4,25,Australia,7651,sale,P004,violet,4,profile,189.26,2,4,0,0.0
2008,7,18,France,408,skirts,P082,black,3,en face,28.48,1,1,0,0.0
2008,6,2,Australia,9585,sale,P166,violet,4,en face,167.48,2,4,0,0.0
2008,6,3,USA,7789,skirts,P211,red,5,en face,79.52,1,4,0,0.0
2008,7,2,India,3457,sale,P007,brown,4,profile,117.22,2,4,0,0.0
2008,4,6,Sweden,6187,trousers,P188,green,2,en face,183.22,2,4,0,0.0
2008,7,24,Germany,4183,trousers,P099,black,5,profile,117.38,2,2,0,0.0
2008,5,17,Italy,3577,sale,P166,black,6,profile,42.08,1,4,0,0.0
2008,7,16,France,3272,blouses,P218,violet,6,profile,104.77,1,4,1,244.41
2008,5,21,Italy,4941,trousers,P054,black,1,profile,90.52,1,1,0,0.0
2008,5,9,France,1032,trousers,P093,burgundy,5,profile,115.38,2,1,0,0.0
2008,5,7,India,8873,trousers,P260,green,4,en face,59.04,1,3,0,0.0
2008,7,15,USA,6231,skirts,P164,navy blue,3,en face,87.05,1,3,0,0.0
2008,8,16,Australia,6593,sale,P103,beige,2,en face,106.28,1,5,0,0.0
2008,7,8,UK,8907,sale,P154,blue,5,profile,27.57,1,4,0,0.0
2008,5,5,France,9812,skirts,P009,olive,2,en face,172.33,2,5,0,0.0
2008,4,1,Australia,6725,blouses,P213,burgundy,5,profile,116.01,2,4,0,0.0
2008,4,27,Germany,8030,trousers,P250,black,5,en face,90.15,1,5,0,0.0
2008,6,22,France,8053,skirts,P046,violet,1,en face,140.77,2,4,0,0.0
2008,7,8,France,856,trousers,P136,blue,4,en face,186.24,2,3,0,0.0
2008,6,13,UK,3927,trousers,P157,burgundy,3,profile,56.79,1,3,0,0.0
2008,8,28,Italy,8548,blouses,P276,green,2,en face,114.9,2,2,0,0.0
2008,7,25,France,79,skirts,P233,white,3,profile,63.85,1,2,0,0.0
2008,6,22,Australia,7089,blouses,P051,white,6,profile,160.95,2,4,0,0.0
2008,8,8,UK,2248,skirts,P225,olive,2,profile,181.55,2,4,0,0.0
2008,8,16,Italy,8264,skirts,P132,violet,5,en face,178.59,2,3,0,0.0
2008,4,9,Italy,4027,sale,P193,burgundy,3,en face,61.42,1,2,0,0.0
2008,4,22,UK,9950,sale,P234,red,1,profile,101.48,1,4,0,0.0
2008,6,13,France,9572,skirts,P108,navy blue,5,en face,44.7,1,3,0,0.0
2008,7,3,USA,9296,blouses,P004,black,3,profile,24.05,1,3,0,0.0
2008,6,13,Australia,715,skirts,P160,green,3,en face,14.41,1,4,0,0.0
2008,8,21,Sweden,7452,trousers,P196,violet,6,profile,70.83,1,1,0,0.0
2008,4,15,Sweden,789,blouses,P165,beige,4,profile,91.24,1,5,0,0.0
2008,4,14,Germany,2280,trousers,P142,blue,6,profile,125.5,2,2,0,0.0
2008,5,26,Italy,4096,blouses,P098,blue,4,profile,33.92,1,3,0,0.0
2008,6,15,Sweden,3898,skirts,P213,navy blue,2,profile,44.86,1,5,0,0.0
2008,4,24,Sweden,7945,sale,P119,navy blue,1,profile,93.11,1,2,0,0.0
2008,8,10,USA,7178,trousers,P135,brown,2,en face,24.13,1,1,0,0.0
2008,8,6,UK,9077,skirts,P133,green,5,en face,103.59,1,2,0,0.0
2008,6,15,France,9453,sale,P156,red,5,en face,55.21,1,1,0,0.0
2008,5,27,UK,3632,blouses,P087,white,6,profile,180.03,2,1,0,0.0
2008,5,28,France,8625,skirts,P219,blue,1,profile,165.28,2,2,0,0.0
2008,4,10,France,7298,trousers,P016,olive,2,profile,151.84,2,3,0,0.0
2008,6,24,UK,6273,sale,P210,olive,4,profile,76.48,1,2,0,0.0
2008,6,5,Germany,425,sale,P003,gray,1,profile,108.23,2,4,0,0.0
2008,8,18,Australia,393,skirts,P263,brown,4,profile,68.19,1,2,0,0.0
2008,6,28,USA,3192,sale,P008,gray,5,profile,31.01,1,4,0,0.0
2008,7,21,Australia,17,trousers,P212,brown,6,profile,83.88,1,4,0,0.0
2008,7,9,USA,6336,sale,P017,black,5,en face,89.45,1,4,0,0.0
2008,7,4,Italy,4201,sale,P215,white,4,en face,98.89,1,3,0,0.0
2008,4,21,Australia,2673,sale,P075,burgundy,4,en face,91.9,1,3,0,0.0
2008,7,6,Italy,2445,skirts,P235,navy blue,6,en face,103.83,1,1,0,0.0
2008,7,15,Australia,6698,blouses,P208,white,3,profile,106.88,2,2,0,0.0
2008,5,13,Sweden,6165,skirts,P254,gray,4,en face,72.45,1,2,0,0.0
2008,6,4,Germany,2602,skirts,P186,green,4,en face,181.15,2,4,0,0.0
2008,5,28,Australia,3494,skirts,P271,gray,5,profile,41.9,1,4,0,0.0
2008,7,3,India,6045,trousers,P155,olive,1,en face,66.41,1,5,0,0.0
2008,8,8,Italy,1460,sale,P176,pink,3,en face,60.56,1,5,0,0.0
2008,5,1,Australia,3805,blouses,P035,black,5,en face,79.01,1,1,0,0.0
2008,6,16,Germany,9846,skirts,P110,black,2,en face,101.39,1,5,1,231.38
2008,4,18,India,7395,skirts,P091,white,6,profile,144.52,2,2,0,0.0
2008,4,14,Germany,4840,blouses,P198,gray,4,en face,100.72,1,5,0,0.0
2008,5,19,Sweden,8112,sale,P115,black,3,en face,145.1,2,5,0,0.0
2008,6,7,USA,3836,sale,P068,beige,5,profile,92.0,1,4,0,0.0
2008,8,18,Germany,9314,sale,P212,pink,4,profile,152.45,2,4,0,0.0
2008,6,19,France,5684,skirts,P288,black,4,en face,158.83,2,4,0,0.0
2008,7,6,Australia,8749,sale,P286,olive,1,profile,173.29,2,5,0,0.0
2008,8,16,Germany,5828,trousers,P194,red,6,en face,180.05,2,5,0,0.0
2008,4,10,UK,9749,blouses,P116,burgundy,1,profile,125.46,2,5,0,0.0
2008,4,27,India,4725,sale,P057,beige,2,en face,192.97,2,2,0,0.0
2008,4,10,Australia,8760,trousers,P125,navy blue,5,en face,72.45,1,4,0,0.0
2008,8,10,India,5888,skirts,P181,violet,1,profile,23.95,1,3,0,0.0
2008,4,10,Germany,2356,blouses,P259,black,3,profile,180.15,2,3,0,0.0
2008,5,10,India,6037,sale,P115,green,5,en face,178.03,2,2,0,0.0
2008,8,19,India,4799,skirts,P024,blue,1,en face,115.11,2,2,0,0.0
2008,5,19,India,2443,trousers,P038,brown,4,profile,157.94,2,1,0,0.0
2008,6,18,Germany,8646,blouses,P127,blue,3,profile,59.49,1,4,0,0.0
2008,5,26,USA,4593,trousers,P029,violet,4,en face,20.85,1,4,0,0.0
2008,7,14,UK,8773,blouses,P183,green,6,profile,29.25,1,1,0,0.0
2008,5,5,USA,465,trousers,P042,olive,4,en face,190.26,2,4,0,0.0
2008,4,23,Sweden,164,sale,P261,gray,2,profile,175.65,2,5,0,0.0
2008,6,22,Italy,9262,trousers,P126,green,2,profile,179.91,2,1,0,0.0
2008,5,12,Germany,9434,blouses,P188,burgundy,2,profile,95.73,1,5,0,0.0
2008,7,4,Germany,8406,blouses,P031,red,3,profile,181.95,2,1,0,0.0
2008,6,22,Germany,9778,skirts,P206,brown,3,profile,56.78,1,3,0,0.0
2008,4,23,Germany,9479,skirts,P140,violet,1,profile,67.9,1,5,0,0.0
2008,4,3,France,7381,blouses,P219,beige,6,en face,77.67,1,1,0,0.0
2008,6,24,USA,6637,blouses,P140,black,3,profile,47.48,1,2,0,0.0
2008,4,28,USA,242,blouses,P192,red,5,en face,122.39,2,5,0,0.0
2008,6,8,India,2010,trousers,P285,gray,1,profile,15.86,1,5,0,0.0
2008,5,7,USA,6357,skirts,P245,black,1,profile,20.1,1,3,0,0.0
2008,8,19,Germany,3085,sale,P108,red,5,en face,182.25,2,2,0,0.0
2008,4,23,UK,6209,skirts,P076,white,5,en face,136.1,2,5,0,0.0
2008,6,5,UK,901,sale,P200,burgundy,4,profile,60.39,1,3,0,0.0
2008,7,3,UK,5543,skirts,P213,white,4,profile,60.73,1,1,0,0.0
2008,7,12,USA,6008,trousers,P032,pink,5,en face,74.95,1,1,0,0.0
2008,8,14,India,7639,blouses,P184,olive,1,profile,82.31,1,3,0,0.0
2008,5,8,Sweden,6794,trousers,P128,white,6,en face,151.76,2,1,0,0.0
2008,8,10,France,8870,sale,P056,beige,1,profile,123.95,2,1,0,0.0
2008,5,24,France,7759,skirts,P225,blue,3,profile,193.18,2,4,0,0.0
2008,7,23,UK,4838,skirts,P230,red,2,profile,171.92,2,4,0,0.0
2008,7,16,Australia,2294,trousers,P061,navy blue,5,en face,72.74,1,3,0,0.0
2008,6,7,Australia,6549,trousers,P036,gray,4,en face,129.14,2,2,0,0.0
2008,4,22,Italy,7899,blouses,P073,blue,3,profile,177.32,2,4,0,0.0
2008,4,24,Sweden,7978,trousers,P227,white,5,en face,184.25,2,2,0,0.0
2008,8,23,Italy,4482,blouses,P114,brown,5,profile,94.09,1,3,0,0.0
2008,4,2,India,5303,skirts,P081,gray,5,en face,75.56,1,3,0,0.0
2008,7,26,UK,4606,skirts,P024,red,3,en face,197.11,2,1,0,0.0
2008,7,6,India,3717,sale,P278,brown,3,profile,103.52,1,5,1,214.78
2008,7,13,Germany,9072,skirts,P186,burgundy,4,en face,184.44,2,3,0,0.0
2008,8,7,France,6141,sale,P210,olive,5,en face,55.72,1,4,0,0.0
2008,7,13,Australia,1765,sale,P027,brown,3,profile,148.99,2,1,0,0.0
2008,7,23,Sweden,6599,sale,P216,pink,1,en face,156.11,2,1,0,0.0
2008,8,9,Germany,1550,trousers,P026,burgundy,4,profile,178.71,2,2,0,0.0
2008,8,15,Germany,3030,skirts,P200,green,4,profile,72.06,1,3,0,0.0
2008,6,10,India,8654,trousers,P073,green,2,en face,85.48,1,3,0,0.0
2008,8,4,France,6299,sale,P031,red,6,en face,115.45,2,3,0,0.0
2008,5,1,France,6663,sale,P064,blue,3,en face,157.37,2,3,0,0.0
2008,8,21,Germany,6627,skirts,P134,black,6,en face,152.37,2,1,0,0.0
2008,6,16,Australia,2045,sale,P094,beige,2,profile,166.85,2,4,0,0.0
2008,8,4,UK,768,trousers,P114,violet,3,en face,39.18,1,3,0,0.0
2008,5,16,USA,5694,blouses,P169,burgundy,5,en face,44.31,1,4,0,0.0
2008,5,12,Italy,7871,blouses,P175,brown,2,profile,14.64,1,2,0,0.0
2008,6,15,UK,7796,sale,P216,burgundy,5,en face,112.17,2,3,0,0.0
2008,4,13,India,1509,blouses,P105,black,1,profile,13.01,1,3,0,0.0
2008,6,17,Sweden,7231,trousers,P046,brown,3,en face,152.36,2,5,0,0.0
2008,6,2,India,7858,sale,P108,navy blue,2,en face,155.17,2,4,0,0.0
2008,6,19,Germany,3303,sale,P236,navy blue,5,profile,63.34,1,3,0,0.0
2008,5,13,France,4518,sale,P018,white,4,profile,88.43,1,4,0,0.0
2008,5,28,USA,4220,skirts,P111,red,3,en face,198.37,2,5,0,0.0
2008,5,16,UK,9079,blouses,P193,beige,3,en face,187.3,2,3,0,0.0
2008,4,24,Sweden,9941,trousers,P005,gray,4,en face,184.66,2,3,0,0.0
2008,5,21,Italy,3293,blouses,P238,olive,5,profile,40.32,1,2,0,0.0
2008,7,13,Sweden,820,sale,P209,brown,1,profile,181.89,2,3,0,0.0
2008,4,13,USA,1404,sale,P143,beige,4,profile,60.9,1,2,0,0.0
2008,5,22,Germany,1383,trousers,P039,olive,1,en face,171.93,2,3,1,483.23
2008,5,24,Italy,2149,blouses,P283,violet,2,en face,195.99,2,4,0,0.0
2008,5,7,UK,6929,sale,P210,olive,1,profile,17.21,1,3,0,0.0
2008,6,15,Italy,5672,skirts,P183,red,4,profile,16.4,1,1,0,0.0
2008,4,27,USA,1639,blouses,P269,olive,4,en face,11.92,1,2,0,0.0
2008,5,14,UK,5892,sale,P026,navy blue,4,profile,27.86,1,5,0,0.0
2008,5,23,India,7428,trousers,P099,brown,6,profile,159.45,2,1,0,0.0
2008,5,7,UK,609,trousers,P059,black,2,profile,157.37,2,4,0,0.0
2008,5,23,France,6908,skirts,P224,beige,4,profile,66.2,1,5,0,0.0
